sentence_uid,row_id,sentence_id,sentence_text,aspect,sentiment,sentiment_norm,confidence,position,llm_location,llm_granularity,llm_location.1,llm_granularity.1,source_file,source_path,newspaper,date,body,source,region_name,_gran,_loc_first,_loc_norm,_join_key,geo_level,geo_name_matched,geo_source,geo_match_type,geo_lat,geo_lon,geom_point_wkt,geom_poly_wkt,municipality_name,province_name,source_layer,n_categories,matched_categories_str,matched_keywords_str,province_code,municipality_code,lon,lat
0d94b0f2a1724f2f86617963fecc701f,737,1,"""De aansluiting op het warmtenet is een belangrijke stap richting een toekomstbestendige woonomgeving.",woonomgeving,Positive,Positive,0.9925,[13],Monster,city,Monster,city,1-500.RTF,/Users/Yannick/dev/geothermal_text_mining/input_data/dutch/1-500.RTF,AD/Haagsche Courant,5 November 2025,"In 2023 ondertekenden Arcade, gemeente Westland en afval- en energiebedrijf HVC een overeenkomst om in Monster een warmtenet te ontwikkelen. De overheid heeft bepaald dat alle woningen in 2050 aardgasvrij moeten zijn. ""Warmte uit de aarde zetten we in als duurzaam en betaalbaar alternatief voor aardgas"", zegt wethouder Peter Valstar (VVD). ""Veel kassen in Westland maken al gebruik van aardwarmte en nu volgen de eerste woningen in Monster. Ook publieke gebouwen worden aangesloten: de brandweerkazerne, het kantoor van Vitis Welzijn en de Montessorischool."" ""We zijn trots dat we in Monster voor het eerst bestaande woningen in deze regio gaan verwarmen met aardwarmte"", vult Arjan ten Elshof, directeur HVC, aan. ""Dit is een belangrijke mijlpaal in onze gezamenlijke ambitie om de energietransitie lokaal vorm te geven."" Om de woningen aan te sluiten, had Arcade minimaal 70 procent instemming van de bewoners nodig. Dit aantal is ruimschoots behaald. ""Met deze maatregelen zorgen we niet alleen voor beter geïsoleerde woningen, maar ook voor lagere energielasten"", aldus Wilfried Stribos, directeur-bestuurder bij Arcade. ""De aansluiting op het warmtenet is een belangrijke stap richting een toekomstbestendige woonomgeving. We zijn dan ook blij dat zoveel bewoners het belang hiervan inzien."" Medio 2026 starten de eerste werkzaamheden voor de aanleg van het warmtenet.",AD/Haagsche Courant,Den Haag,city,Monster,monster,monster,city,"Monster, Westland, Zuid-Holland, Nederland",nominatim,geocode,52.0223028,4.1715344,POINT (4.1715344 52.0223028),,Westland,Zuid-Holland,sentences_points,0,,,PV28,GM1783,4.1715344,52.0223028
d99252c4f8954b36b49d0b6d1ad46fd1,775,2,"""De duurzame en ecologische technieken zijn een voorbeeld van hoe je historische en iconische gebouwen een tweede leven kunt geven"", vertelt de nieuwe syndicus Wim Demeester.",technieken,Positive,Positive,0.9918,[5],Nieuwpoort,city,Nieuwpoort,city,Bestanden (500) (4).RTF,/Users/Yannick/dev/geothermal_text_mining/input_data/dutch/Bestanden (500) (4).RTF,De Krant van West-Vlaanderen,,"NIEUWPOORT - Exact 100 jaar na de bouw van het Grand Hotel, zal het iconische gebouw weer uit zijn as verrijzen. Het nieuwe prestigeproject wordt dé blikvanger van Nieuwpoort en zal verschillende functies vervullen. De nieuwe syndicus van The Grand is Wim Demeester van Immo Group-S. ""Het doel is om een gezond evenwicht te creëren tussen oude en nieuwe architectuur zodat het gebouw weer de status krijgt dat het verdient"", zegt hij. Circulair conceptBelevingsplein The Grand krijgt verschillende functies. Zo biedt het complex plaats aan 70 appartementen met verschillende oppervlaktes. Daarnaast is het gebouw ook toegankelijk voor het brede publiek. De iconische bar en het restaurant aan de kant van de zeedijk worden volledig gerenoveerd. Aan de kant van de Albert I-laan is dan weer ruimte voorzien voor ruime handelspanden. ""De veelzijdigheid van The Grand zorgt ervoor dat iedereen weer ten volle van deze historisch parel kan genieten"", aldus Wim Demeester. In het circulaire concept van The Grand wordt gebruikgemaakt van moderne en duurzame technieken zoals geothermie, zonnepanelen en maximale terugwinning van de geproduceerde warmte. Zo wordt het verbruik tot een absoluut minimum beperkt. Daarbovenop zal het gebouw zonder fossiele brandstoffen gekoeld en verwarmd worden. Daardoor genieten alle appartementen van een ideale winter- én zomertemperatuur. ""De duurzame en ecologische technieken zijn een voorbeeld van hoe je historische en iconische gebouwen een tweede leven kunt geven"", vertelt de nieuwe syndicus Wim Demeester. Naast de heropleving van The Grand krijgt ook de omgeving rond het project een extra boost. Zo krijgt eveneens het Hendrikaplein een nieuw leven. De bovengrondse parking zal een belevingsplein worden waarop kinderen zich kunnen uitleven, bezoekers even kunnen uitrusten en evenementen kunnen worden georganiseerd. The Grand en de omgeving daarrond worden dé trekpleister van Nieuwpoort-Bad. ""Het is natuurlijk een hele eer om syndicus van dit prestigeproject te mogen zijn"", besluit Wim Demeester. ""Ik ben ervan overtuigd dat dit Nieuwpoort een extra boost zal geven."" (PG)",De Krant van West-Vlaanderen,,city,Nieuwpoort,nieuwpoort,nieuwpoort,city,"Nieuwpoort, Molenlanden, Zuid-Holland, Nederland",nominatim,geocode,51.9353893,4.868505,POINT (4.868505 51.9353893),,Molenlanden,Zuid-Holland,sentences_points,0,,,PV28,GM1978,4.868505,51.9353893
0af2c61b456b4579a509936e8b7b91c7,785,3,"""Er zitten onder het gebouw 138 buizen tot 150 meter diep.",gebouw,Negative,Negative,0.9693,[5],Brugge,city,Brugge,city,Bestanden (500) (6).RTF,/Users/Yannick/dev/geothermal_text_mining/input_data/dutch/Bestanden (500) (6).RTF,De Krant van West-Vlaanderen,,"BRUGGE - Nu de winter in aantocht is en de temperatuur daalt, zitten nogal wat schoolbestuurders en directies met de handen in het haar. Fleecedekens doen hun intrede en de temperatuur gaat in zo goed als alle scholen minstens één graad naar omlaag. Lessen trekken ""De situatie in onze scholen is zeker niet dramatisch, maar we houden het verbruik goed in de gaten"", geeft Miek Kemel, algemeen directeur van scholengroep SKOBO eerlijk toe. ""We hanteren geen algemene regels om het energieverbruik binnen de perken te houden, want in elke school is de situatie anders. In onze nieuwe vestiging van het VTI in de Vaartdijkstraat houden we de temperatuur in alle lokalen op peil met geothermie, een innovatieve verwarmingstechniek waarbij de aardwarmte gebruikt wordt om de lokalen te verwarmen."" Technisch adviseur coördinator Ludo Falin heeft zich verdiept in de materie en was bij de bouw van de nieuwe school heel vaak aanwezig toen het buizensysteem via een verticale grondboring in de bodem gebracht werd. ""Er zitten onder het gebouw 138 buizen tot 150 meter diep. Hiermee wordt water opgepompt dat een temperatuur heeft van om en bij 12 graden. Via een systeem van compressoren wordt het water samengedrukt, waardoor het opwarmt en gebruikt wordt om alle lokalen te verwarmen. Het was niet eenvoudig om bij de bouw van de nieuwe school voldoende budgetten vrij te maken voor het project. Toen wisten we nog niet dat de prijs van gas en elektriciteit zo sterk zou stijgen, maar nu halen we een heel hoog rendement tegen een lage kostprijs. We betalen amper 0,54 euro per maand om één vierkante meter van het gebouw te verwarmen. Dat komt overeen met een gemiddelde van ongeveer 315 euro per dag voor elektriciteit en verwarming, wat zeer weinig is voor een gebouw van deze omvang. Zonder geothermie zou de kostprijs een stuk hoger liggen."" Algemeen directeur Miek Kemel is helemaal gewonnen voor deze innovatieve verwarmingstechniek. ""We hebben lessen getrokken uit onze positieve ervaring met geothermie in deze nieuwe campus van het VTI. Het is momenteel de enige school in Vlaanderen die op deze manier verwarmd wordt. Overal waar het kan, zullen we bij de realisatie van nieuwbouwprojecten voor de scholengroep deze verwarmingstechniek toepassen"", aldus de directeur. (PDC)",De Krant van West-Vlaanderen,,city,Brugge,brugge,brugge,city,"Brugge, Vaanpark I, Carnisselande, Barendrecht, Zuid-Holland, Nederland, 2993 LB, Nederland",nominatim,geocode,51.8464409,4.509113,POINT (4.509113 51.8464409),,Barendrecht,Zuid-Holland,sentences_points,0,,,PV28,GM0489,4.509113,51.8464409
ac4a539abc1148938678eb3af1757797,775,4,"""Het is natuurlijk een hele eer om syndicus van dit prestigeproject te mogen zijn"", besluit Wim Demeester.",syndicus,Positive,Positive,0.9866,[8],Nieuwpoort,city,Nieuwpoort,city,Bestanden (500) (4).RTF,/Users/Yannick/dev/geothermal_text_mining/input_data/dutch/Bestanden (500) (4).RTF,De Krant van West-Vlaanderen,,"NIEUWPOORT - Exact 100 jaar na de bouw van het Grand Hotel, zal het iconische gebouw weer uit zijn as verrijzen. Het nieuwe prestigeproject wordt dé blikvanger van Nieuwpoort en zal verschillende functies vervullen. De nieuwe syndicus van The Grand is Wim Demeester van Immo Group-S. ""Het doel is om een gezond evenwicht te creëren tussen oude en nieuwe architectuur zodat het gebouw weer de status krijgt dat het verdient"", zegt hij. Circulair conceptBelevingsplein The Grand krijgt verschillende functies. Zo biedt het complex plaats aan 70 appartementen met verschillende oppervlaktes. Daarnaast is het gebouw ook toegankelijk voor het brede publiek. De iconische bar en het restaurant aan de kant van de zeedijk worden volledig gerenoveerd. Aan de kant van de Albert I-laan is dan weer ruimte voorzien voor ruime handelspanden. ""De veelzijdigheid van The Grand zorgt ervoor dat iedereen weer ten volle van deze historisch parel kan genieten"", aldus Wim Demeester. In het circulaire concept van The Grand wordt gebruikgemaakt van moderne en duurzame technieken zoals geothermie, zonnepanelen en maximale terugwinning van de geproduceerde warmte. Zo wordt het verbruik tot een absoluut minimum beperkt. Daarbovenop zal het gebouw zonder fossiele brandstoffen gekoeld en verwarmd worden. Daardoor genieten alle appartementen van een ideale winter- én zomertemperatuur. ""De duurzame en ecologische technieken zijn een voorbeeld van hoe je historische en iconische gebouwen een tweede leven kunt geven"", vertelt de nieuwe syndicus Wim Demeester. Naast de heropleving van The Grand krijgt ook de omgeving rond het project een extra boost. Zo krijgt eveneens het Hendrikaplein een nieuw leven. De bovengrondse parking zal een belevingsplein worden waarop kinderen zich kunnen uitleven, bezoekers even kunnen uitrusten en evenementen kunnen worden georganiseerd. The Grand en de omgeving daarrond worden dé trekpleister van Nieuwpoort-Bad. ""Het is natuurlijk een hele eer om syndicus van dit prestigeproject te mogen zijn"", besluit Wim Demeester. ""Ik ben ervan overtuigd dat dit Nieuwpoort een extra boost zal geven."" (PG)",De Krant van West-Vlaanderen,,city,Nieuwpoort,nieuwpoort,nieuwpoort,city,"Nieuwpoort, Molenlanden, Zuid-Holland, Nederland",nominatim,geocode,51.9353893,4.868505,POINT (4.868505 51.9353893),,Molenlanden,Zuid-Holland,sentences_points,1,Governance,besluit,PV28,GM1978,4.868505,51.9353893
62835a3a60c74c7d8597f25c8904d7c4,156,5,"""Hiermee laten we zien dat het kan: in een dichtbevolkte stad als Den Haag schone warmte uit eigen bron gebruiken.”",schone,Positive,Positive,0.9931,[17],Den Haag,city,Den Haag,city,Bestanden (501-1000) (1).RTF,/Users/Yannick/dev/geothermal_text_mining/input_data/dutch/Bestanden (501-1000) (1).RTF,"De Posthoorn, Laak",14 October 2020,"Den Haag - Den Haag is de eerste stad in Nederland waar huizen verwarmd worden met schone warmte uit eigen bodem. Het ministerie van Economische Zaken heeft met een definitief besluit groen licht gegeven voor het winnen van aardwarmte in de centrale aan de Leyweg. Vanuit de bron op twee kilometer diepte wordt water van circa 78 graden opgepompt. Die warmte wordt overgezet en via het stadsverwarmingsnet krijgen woningen in stadsdeel Zuidwest verwarming en warm kraanwater. Zo kan aan de eerste 1200 huizen aardwarmte (geothermie) worden geleverd. Deze is schoon en duurzaam. De gemeente heeft via het Energiefonds Den Haag een deel van de financiering beschikbaar gesteld voor deze bron. Wethouder Liesbeth van Tongeren (Duurzaamheid en Energietransitie) is trots. ""Hiermee laten we zien dat het kan: in een dichtbevolkte stad als Den Haag schone warmte uit eigen bron gebruiken.”","De Posthoorn, Laak",,city,Den Haag,den haag,den haag,city,"Den Haag, Zuid-Holland, Nederland",nominatim,geocode,52.0799838,4.3113461,POINT (4.3113461 52.0799838),,'s-Gravenhage,Zuid-Holland,sentences_points,1,Sustainability,schone warmte,PV28,GM0518,4.3113461,52.0799838
9e4f4722343146fa880b82682935685b,775,6,"""Ik ben ervan overtuigd dat dit Nieuwpoort een extra boost zal geven."" (PG)",Nieuwpoort,Positive,Positive,0.9911,[7],Nieuwpoort,city,Nieuwpoort,city,Bestanden (500) (4).RTF,/Users/Yannick/dev/geothermal_text_mining/input_data/dutch/Bestanden (500) (4).RTF,De Krant van West-Vlaanderen,,"NIEUWPOORT - Exact 100 jaar na de bouw van het Grand Hotel, zal het iconische gebouw weer uit zijn as verrijzen. Het nieuwe prestigeproject wordt dé blikvanger van Nieuwpoort en zal verschillende functies vervullen. De nieuwe syndicus van The Grand is Wim Demeester van Immo Group-S. ""Het doel is om een gezond evenwicht te creëren tussen oude en nieuwe architectuur zodat het gebouw weer de status krijgt dat het verdient"", zegt hij. Circulair conceptBelevingsplein The Grand krijgt verschillende functies. Zo biedt het complex plaats aan 70 appartementen met verschillende oppervlaktes. Daarnaast is het gebouw ook toegankelijk voor het brede publiek. De iconische bar en het restaurant aan de kant van de zeedijk worden volledig gerenoveerd. Aan de kant van de Albert I-laan is dan weer ruimte voorzien voor ruime handelspanden. ""De veelzijdigheid van The Grand zorgt ervoor dat iedereen weer ten volle van deze historisch parel kan genieten"", aldus Wim Demeester. In het circulaire concept van The Grand wordt gebruikgemaakt van moderne en duurzame technieken zoals geothermie, zonnepanelen en maximale terugwinning van de geproduceerde warmte. Zo wordt het verbruik tot een absoluut minimum beperkt. Daarbovenop zal het gebouw zonder fossiele brandstoffen gekoeld en verwarmd worden. Daardoor genieten alle appartementen van een ideale winter- én zomertemperatuur. ""De duurzame en ecologische technieken zijn een voorbeeld van hoe je historische en iconische gebouwen een tweede leven kunt geven"", vertelt de nieuwe syndicus Wim Demeester. Naast de heropleving van The Grand krijgt ook de omgeving rond het project een extra boost. Zo krijgt eveneens het Hendrikaplein een nieuw leven. De bovengrondse parking zal een belevingsplein worden waarop kinderen zich kunnen uitleven, bezoekers even kunnen uitrusten en evenementen kunnen worden georganiseerd. The Grand en de omgeving daarrond worden dé trekpleister van Nieuwpoort-Bad. ""Het is natuurlijk een hele eer om syndicus van dit prestigeproject te mogen zijn"", besluit Wim Demeester. ""Ik ben ervan overtuigd dat dit Nieuwpoort een extra boost zal geven."" (PG)",De Krant van West-Vlaanderen,,city,Nieuwpoort,nieuwpoort,nieuwpoort,city,"Nieuwpoort, Molenlanden, Zuid-Holland, Nederland",nominatim,geocode,51.9353893,4.868505,POINT (4.868505 51.9353893),,Molenlanden,Zuid-Holland,sentences_points,0,,,PV28,GM1978,4.868505,51.9353893
17e0fb3cf0b041b6a5713fdb692d4b79,737,7,"""Met deze maatregelen zorgen we niet alleen voor beter geïsoleerde woningen, maar ook voor lagere energielasten"", aldus Wilfried Stribos, directeur-bestuurder bij Arcade.",energielasten,Positive,Positive,0.9738,[17],Monster,city,Monster,city,1-500.RTF,/Users/Yannick/dev/geothermal_text_mining/input_data/dutch/1-500.RTF,AD/Haagsche Courant,5 November 2025,"In 2023 ondertekenden Arcade, gemeente Westland en afval- en energiebedrijf HVC een overeenkomst om in Monster een warmtenet te ontwikkelen. De overheid heeft bepaald dat alle woningen in 2050 aardgasvrij moeten zijn. ""Warmte uit de aarde zetten we in als duurzaam en betaalbaar alternatief voor aardgas"", zegt wethouder Peter Valstar (VVD). ""Veel kassen in Westland maken al gebruik van aardwarmte en nu volgen de eerste woningen in Monster. Ook publieke gebouwen worden aangesloten: de brandweerkazerne, het kantoor van Vitis Welzijn en de Montessorischool."" ""We zijn trots dat we in Monster voor het eerst bestaande woningen in deze regio gaan verwarmen met aardwarmte"", vult Arjan ten Elshof, directeur HVC, aan. ""Dit is een belangrijke mijlpaal in onze gezamenlijke ambitie om de energietransitie lokaal vorm te geven."" Om de woningen aan te sluiten, had Arcade minimaal 70 procent instemming van de bewoners nodig. Dit aantal is ruimschoots behaald. ""Met deze maatregelen zorgen we niet alleen voor beter geïsoleerde woningen, maar ook voor lagere energielasten"", aldus Wilfried Stribos, directeur-bestuurder bij Arcade. ""De aansluiting op het warmtenet is een belangrijke stap richting een toekomstbestendige woonomgeving. We zijn dan ook blij dat zoveel bewoners het belang hiervan inzien."" Medio 2026 starten de eerste werkzaamheden voor de aanleg van het warmtenet.",AD/Haagsche Courant,Den Haag,city,Monster,monster,monster,city,"Monster, Westland, Zuid-Holland, Nederland",nominatim,geocode,52.0223028,4.1715344,POINT (4.1715344 52.0223028),,Westland,Zuid-Holland,sentences_points,0,,,PV28,GM1783,4.1715344,52.0223028
9e481465928b4a22bb487129569109df,785,8,"""We hebben lessen getrokken uit onze positieve ervaring met geothermie in deze nieuwe campus van het VTI.",lessen,Positive,Positive,0.9957,[3],Brugge,city,Brugge,city,Bestanden (500) (6).RTF,/Users/Yannick/dev/geothermal_text_mining/input_data/dutch/Bestanden (500) (6).RTF,De Krant van West-Vlaanderen,,"BRUGGE - Nu de winter in aantocht is en de temperatuur daalt, zitten nogal wat schoolbestuurders en directies met de handen in het haar. Fleecedekens doen hun intrede en de temperatuur gaat in zo goed als alle scholen minstens één graad naar omlaag. Lessen trekken ""De situatie in onze scholen is zeker niet dramatisch, maar we houden het verbruik goed in de gaten"", geeft Miek Kemel, algemeen directeur van scholengroep SKOBO eerlijk toe. ""We hanteren geen algemene regels om het energieverbruik binnen de perken te houden, want in elke school is de situatie anders. In onze nieuwe vestiging van het VTI in de Vaartdijkstraat houden we de temperatuur in alle lokalen op peil met geothermie, een innovatieve verwarmingstechniek waarbij de aardwarmte gebruikt wordt om de lokalen te verwarmen."" Technisch adviseur coördinator Ludo Falin heeft zich verdiept in de materie en was bij de bouw van de nieuwe school heel vaak aanwezig toen het buizensysteem via een verticale grondboring in de bodem gebracht werd. ""Er zitten onder het gebouw 138 buizen tot 150 meter diep. Hiermee wordt water opgepompt dat een temperatuur heeft van om en bij 12 graden. Via een systeem van compressoren wordt het water samengedrukt, waardoor het opwarmt en gebruikt wordt om alle lokalen te verwarmen. Het was niet eenvoudig om bij de bouw van de nieuwe school voldoende budgetten vrij te maken voor het project. Toen wisten we nog niet dat de prijs van gas en elektriciteit zo sterk zou stijgen, maar nu halen we een heel hoog rendement tegen een lage kostprijs. We betalen amper 0,54 euro per maand om één vierkante meter van het gebouw te verwarmen. Dat komt overeen met een gemiddelde van ongeveer 315 euro per dag voor elektriciteit en verwarming, wat zeer weinig is voor een gebouw van deze omvang. Zonder geothermie zou de kostprijs een stuk hoger liggen."" Algemeen directeur Miek Kemel is helemaal gewonnen voor deze innovatieve verwarmingstechniek. ""We hebben lessen getrokken uit onze positieve ervaring met geothermie in deze nieuwe campus van het VTI. Het is momenteel de enige school in Vlaanderen die op deze manier verwarmd wordt. Overal waar het kan, zullen we bij de realisatie van nieuwbouwprojecten voor de scholengroep deze verwarmingstechniek toepassen"", aldus de directeur. (PDC)",De Krant van West-Vlaanderen,,city,Brugge,brugge,brugge,city,"Brugge, Vaanpark I, Carnisselande, Barendrecht, Zuid-Holland, Nederland, 2993 LB, Nederland",nominatim,geocode,51.8464409,4.509113,POINT (4.509113 51.8464409),,Barendrecht,Zuid-Holland,sentences_points,0,,,PV28,GM0489,4.509113,51.8464409
c1eeaafb44f04b4ca2883d8461053b90,685,9,",,In de komende periode gaan we het warmtenet verder uitbreiden, waardoor nog meer glastuinbouwbedrijven zich kunnen aansluiten'', zegt Ryanne Daalmijer, projectmanager bij Warmte netwerk Westland, in de nieuwsbrief van Aardwarmte Maasdijk over de voortgang en de toekomst van dit project. ,,Er wordt hard gewerkt aan het onderpad van de Maasdijk.",warmtenet,Positive,Positive,0.8881,[9],Maasdijk,site,Maasdijk,site,1-500.RTF,/Users/Yannick/dev/geothermal_text_mining/input_data/dutch/1-500.RTF,AD/Haagsche Courant,8 February 2025,",,In de komende periode gaan we het warmtenet verder uitbreiden, waardoor nog meer glastuinbouwbedrijven zich kunnen aansluiten'', zegt Ryanne Daalmijer, projectmanager bij Warmte netwerk Westland, in de nieuwsbrief van Aardwarmte Maasdijk over de voortgang en de toekomst van dit project. ,,Er wordt hard gewerkt aan het onderpad van de Maasdijk. De leiding die hier ligt, wordt komend jaar gekoppeld aan de leiding bij Dijckerwaal. Met deze uitbreiding kunnen we volgend jaar nog eens negentien glastuinbouwbedrijven en de woningen in nieuwbouwwijk Waelpolder aansluiten op het warmtenet."" Om het warmtenet aan te leggen, moeten de leidingen de grond in. Om de overlast zo veel mogelijk te beperken, wordt gekozen voor de aanleg in de berm of voor een boring, zodat slechts een klein deel van de weg open hoeft, aldus Daalmijer.",AD/Haagsche Courant,Den Haag,site,Maasdijk,maasdijk,maasdijk,site,"Maasdijk, Westland, Zuid-Holland, Nederland",nominatim,geocode,51.9575497,4.2149056,POINT (4.2149056 51.9575497),,Westland,Zuid-Holland,sentences_points,0,,,PV28,GM1783,4.2149056,51.9575497
b7ceda8151b848d68d88c1f8b2a5f321,775,10,Aan de kant van de Albert I-laan is dan weer ruimte voorzien voor ruime handelspanden.,ruimte,Positive,Positive,0.8198,[12],Nieuwpoort,city,Nieuwpoort,city,Bestanden (500) (4).RTF,/Users/Yannick/dev/geothermal_text_mining/input_data/dutch/Bestanden (500) (4).RTF,De Krant van West-Vlaanderen,,"NIEUWPOORT - Exact 100 jaar na de bouw van het Grand Hotel, zal het iconische gebouw weer uit zijn as verrijzen. Het nieuwe prestigeproject wordt dé blikvanger van Nieuwpoort en zal verschillende functies vervullen. De nieuwe syndicus van The Grand is Wim Demeester van Immo Group-S. ""Het doel is om een gezond evenwicht te creëren tussen oude en nieuwe architectuur zodat het gebouw weer de status krijgt dat het verdient"", zegt hij. Circulair conceptBelevingsplein The Grand krijgt verschillende functies. Zo biedt het complex plaats aan 70 appartementen met verschillende oppervlaktes. Daarnaast is het gebouw ook toegankelijk voor het brede publiek. De iconische bar en het restaurant aan de kant van de zeedijk worden volledig gerenoveerd. Aan de kant van de Albert I-laan is dan weer ruimte voorzien voor ruime handelspanden. ""De veelzijdigheid van The Grand zorgt ervoor dat iedereen weer ten volle van deze historisch parel kan genieten"", aldus Wim Demeester. In het circulaire concept van The Grand wordt gebruikgemaakt van moderne en duurzame technieken zoals geothermie, zonnepanelen en maximale terugwinning van de geproduceerde warmte. Zo wordt het verbruik tot een absoluut minimum beperkt. Daarbovenop zal het gebouw zonder fossiele brandstoffen gekoeld en verwarmd worden. Daardoor genieten alle appartementen van een ideale winter- én zomertemperatuur. ""De duurzame en ecologische technieken zijn een voorbeeld van hoe je historische en iconische gebouwen een tweede leven kunt geven"", vertelt de nieuwe syndicus Wim Demeester. Naast de heropleving van The Grand krijgt ook de omgeving rond het project een extra boost. Zo krijgt eveneens het Hendrikaplein een nieuw leven. De bovengrondse parking zal een belevingsplein worden waarop kinderen zich kunnen uitleven, bezoekers even kunnen uitrusten en evenementen kunnen worden georganiseerd. The Grand en de omgeving daarrond worden dé trekpleister van Nieuwpoort-Bad. ""Het is natuurlijk een hele eer om syndicus van dit prestigeproject te mogen zijn"", besluit Wim Demeester. ""Ik ben ervan overtuigd dat dit Nieuwpoort een extra boost zal geven."" (PG)",De Krant van West-Vlaanderen,,city,Nieuwpoort,nieuwpoort,nieuwpoort,city,"Nieuwpoort, Molenlanden, Zuid-Holland, Nederland",nominatim,geocode,51.9353893,4.868505,POINT (4.868505 51.9353893),,Molenlanden,Zuid-Holland,sentences_points,0,,,PV28,GM1978,4.868505,51.9353893
23adbb454d664c8790d567d1b129b543,345,11,"Aansluiting op een ander onderstation in Midwoud vraagt om een kabel van ruim 15 kilometer, die onder de snelweg A7 en twee spoorlijnen zou moeten worden doorgetrokken.",Aansluiting,Negative,Negative,0.9906,[0],Maasdijk,site,Maasdijk,site,Bestanden (1500-1862).RTF,/Users/Yannick/dev/geothermal_text_mining/input_data/dutch/Bestanden (1500-1862).RTF,Nieuwe Oogst,23 October 2021,"Alphen aan den Rijn doet onderzoek naar buitengebied Alphen aan den Rijn - Onderzoek of het mogelijk is om een accountmanager boerenerven aan te stellen, die zich bezighoudt met het ondersteunen en meedenken met agrarisch ondernemers over hun toekomstplannen. Dat is een aanbeveling uit het onderzoek dat gemeente Alphen aan den Rijn liet uitvoeren naar de toekomst van haar buitengebied. Uit het onderzoek komt naar voren dat er weinig zicht is op hoe het met boeren gaat en wat hun ambities zijn. De gemeente gebruikt de resultaten en aanbevelingen als bouwstenen voor een nieuw op te stellen programma 'Landelijk gebied'. Zorgen over waterkwaliteit door rivierkreeften Krimpenerwaard - Hoogheemraadschap van Schieland en Krimpenerwaard heeft in de Krimpenerwaard op 90 procent van alle onderzochte locaties rivierkreeften gevangen. In Schieland zijn kreeften op een derde van de locaties aangetroffen. De slechte invloed op de waterkwaliteit door de rivierkreeft baart het waterschap zorgen. Sinds 2020 doet het schap onderzoek naar de rode Amerikaanse rivierkreeft. Besluit aanleg zonneweide Jaagweg nog uitgesteld Berkhout - Het gemeentebestuur van Koggenland heeft meer tijd nodig om een raadsbesluit voor te bereiden over het in eigen beheer ontwikkelen van een zonneweide aan de Jaagweg in Berkhout. Er is te veel onzekerheid over de kosten van de netaansluiting en de benodigde grondstoffen. Die stijgen de pan uit, stelt het college van burgemeester en wethouders. Doordat netbeheerder Liander te weinig capaciteit over heeft op het bestaande energienetwerk, kunnen ook die kosten in de papieren lopen. Aansluiting op een ander onderstation in Midwoud vraagt om een kabel van ruim 15 kilometer, die onder de snelweg A7 en twee spoorlijnen zou moeten worden doorgetrokken. Komst aardwarmteproject Maasdijk stap dichterbij Maasdijk - De realisatie van het aardwarmteproject in Maasdijk is een stuk dichterbij gekomen met het akkoord van aandeelhouders HVC en Capturam over het verstrekken van het eigen vermogen voor drie doubletten en de aanleg van het warmtenet. Daarnaast hebben de leden van de Warmtecoöperatie Kralingerpolder zich aangesloten bij de coöperatie Maasdijk. De werkzaamheden voor realisatie van het project, dat in 2018 door glastuinders is geïnitieerd, starten nog dit jaar. Glastuinders Oostland willen aan de slag met gietwater Oostland - Tuinders in Oostland willen aan de slag met gietwater. Dat blijkt uit een enquête die deze zomer is gehouden door twee studenten van de Haagse Hogeschool naar de gevolgen van de klimaatverandering voor de sector. Deze week zijn de resultaten gepresenteerd op Glastuinbouw Waterproof. Uit het onderzoek blijkt dat de helft van de telers problemen voorziet bij de beschikking over minder grondwater. Gietwater kan volgens een groot deel van ondernemers als alternatief dienen. Gemeenten Langedijk en Heerhugowaard fuseren Langedijk/Heerhugowaard - Gemeenten Langedijk en Heerhugowaard fuseren per 1 januari 2022 tot de gemeente Dijk en Waard. Twaalf politieke partijen doen mee aan de herindelingsverkiezingen in de gemeenten die eind november worden gehouden.",Nieuwe Oogst,Nederland,site,Maasdijk,maasdijk,maasdijk,site,"Maasdijk, Westland, Zuid-Holland, Nederland",nominatim,geocode,51.9575497,4.2149056,POINT (4.2149056 51.9575497),,Westland,Zuid-Holland,sentences_points,0,,,PV28,GM1783,4.2149056,51.9575497
4064f4a59320461da5af9cfe4e1f40a2,354,12,Aardwarmte Op een diepte van 500 meter tot vier kilometer zit warm water in de aardbodem die kan worden gebruikt voor verwarming.,water,Positive,Positive,0.9749,[12],Leiden,city,Leiden,city,Bestanden (1500-1862).RTF,/Users/Yannick/dev/geothermal_text_mining/input_data/dutch/Bestanden (1500-1862).RTF,Leidsch Dagblad,12 November 2021,"Leiden De provincie Zuid-Holland maakt bezwaar tegen de vergunningen die het ministerie van Economische Zaken heeft verleend voor het boren naar aardwarmte in de Leidse regio, de Duin- en Bollenstreek en het westelijk deel van de Rijn- en Veenstreek. Het provinciebestuur is bang dat de diepe boringen het grondwater in gevaar brengen. Dat schrijven gedeputeerden Meindert Stolk en Jeanette Baljeu in een brief aan Provinciale Staten. Het ministerie heeft eind augustus vier vergunningen verleend voor deels overlappende gebieden in de regio. Twee concessies vallen voor een deel samen met een gebied dat een beschermde status heeft in verband met de winning van drinkwater uit grondwater. Voor de twee andere gebieden loopt er een aanvraag voor de aanwijzing als grondwaterbeschermingsgebied. Dat geldt onder andere voor het gebied tussen Valkenburg en Wassenaar, waar drinkwaterbedrijf Dunea onderzoek doet naar het gebruik van oppervlaktewater voor de productie van drinkwater. De grootste concessie is in handen van een samenwerkingsverband van Shell en D4. Dat laatste bedrijf is actief in alle vormen van groene energie en was ook betrokken bij de Warmterotonde. Het zoekgebied van het consortium beslaat grofweg de driehoek tussen Katwijk, De Zilk en het Braassemermeer, inclusief een strook voor de kust. Op zijn website spreekt het consortium de hoop uit dat het al over twee tot drie jaar mogelijk moet zijn om in dat gebied naar aardwarmte te boren. Verder valt er te lezen dat de winning van aardwarmte 'mits veilig en verantwoord' gedaan kan worden 'zonder impact op drinkwatervoorzieningen'. Bovendien, zo wordt gemeld, 'is het in Nederland niet toegestaan om in drinkwaterwingebieden naar aardwarmte te boren'. In hun brief aan Provinciale Staten schrijven de twee gedeputeerden dat het iets genuanceerder ligt. De Mijnbouwwet biedt het ministerie de mogelijkheid om het boren naar aardwarmte in drinkwatergebieden te verbieden, maar Economische Zaken heeft ervoor gekozen om geen gebruik te maken van die mogelijkheid. Wanneer het ministerie de bezwaren van de provincie naast zich neerlegt, biedt de Mijnbouwwet geen mogelijkheden voor hoger beroep. Dat betekent dus dat de provincie in dat geval geen mogelijkheid heeft om de zaak aan de rechter voor te leggen. Aardwarmte Op een diepte van 500 meter tot vier kilometer zit warm water in de aardbodem die kan worden gebruikt voor verwarming. Op dit moment wordt de methode nog vooral toegepast in kassen, maar er zijn plannen om de winning en het gebruik fors uit te breiden. Aardwarmte wordt algemeen gezien als een belangrijke toekomstige warmtebron. PDF-bestand van dit document",Leidsch Dagblad,Leiden,city,Leiden,leiden,leiden,city,"Leiden, Zuid-Holland, Nederland",nominatim,geocode,52.1594747,4.4908843,POINT (4.4908843 52.1594747),,Leiden,Zuid-Holland,sentences_points,0,,,PV28,GM0546,4.4908843,52.1594747
cb3a46e8025949ac8bbc5309dba583bd,354,13,Aardwarmte wordt algemeen gezien als een belangrijke toekomstige warmtebron.,Aardwarmte,Positive,Positive,0.9398,[0],Leiden,city,Leiden,city,Bestanden (1500-1862).RTF,/Users/Yannick/dev/geothermal_text_mining/input_data/dutch/Bestanden (1500-1862).RTF,Leidsch Dagblad,12 November 2021,"Leiden De provincie Zuid-Holland maakt bezwaar tegen de vergunningen die het ministerie van Economische Zaken heeft verleend voor het boren naar aardwarmte in de Leidse regio, de Duin- en Bollenstreek en het westelijk deel van de Rijn- en Veenstreek. Het provinciebestuur is bang dat de diepe boringen het grondwater in gevaar brengen. Dat schrijven gedeputeerden Meindert Stolk en Jeanette Baljeu in een brief aan Provinciale Staten. Het ministerie heeft eind augustus vier vergunningen verleend voor deels overlappende gebieden in de regio. Twee concessies vallen voor een deel samen met een gebied dat een beschermde status heeft in verband met de winning van drinkwater uit grondwater. Voor de twee andere gebieden loopt er een aanvraag voor de aanwijzing als grondwaterbeschermingsgebied. Dat geldt onder andere voor het gebied tussen Valkenburg en Wassenaar, waar drinkwaterbedrijf Dunea onderzoek doet naar het gebruik van oppervlaktewater voor de productie van drinkwater. De grootste concessie is in handen van een samenwerkingsverband van Shell en D4. Dat laatste bedrijf is actief in alle vormen van groene energie en was ook betrokken bij de Warmterotonde. Het zoekgebied van het consortium beslaat grofweg de driehoek tussen Katwijk, De Zilk en het Braassemermeer, inclusief een strook voor de kust. Op zijn website spreekt het consortium de hoop uit dat het al over twee tot drie jaar mogelijk moet zijn om in dat gebied naar aardwarmte te boren. Verder valt er te lezen dat de winning van aardwarmte 'mits veilig en verantwoord' gedaan kan worden 'zonder impact op drinkwatervoorzieningen'. Bovendien, zo wordt gemeld, 'is het in Nederland niet toegestaan om in drinkwaterwingebieden naar aardwarmte te boren'. In hun brief aan Provinciale Staten schrijven de twee gedeputeerden dat het iets genuanceerder ligt. De Mijnbouwwet biedt het ministerie de mogelijkheid om het boren naar aardwarmte in drinkwatergebieden te verbieden, maar Economische Zaken heeft ervoor gekozen om geen gebruik te maken van die mogelijkheid. Wanneer het ministerie de bezwaren van de provincie naast zich neerlegt, biedt de Mijnbouwwet geen mogelijkheden voor hoger beroep. Dat betekent dus dat de provincie in dat geval geen mogelijkheid heeft om de zaak aan de rechter voor te leggen. Aardwarmte Op een diepte van 500 meter tot vier kilometer zit warm water in de aardbodem die kan worden gebruikt voor verwarming. Op dit moment wordt de methode nog vooral toegepast in kassen, maar er zijn plannen om de winning en het gebruik fors uit te breiden. Aardwarmte wordt algemeen gezien als een belangrijke toekomstige warmtebron. PDF-bestand van dit document",Leidsch Dagblad,Leiden,city,Leiden,leiden,leiden,city,"Leiden, Zuid-Holland, Nederland",nominatim,geocode,52.1594747,4.4908843,POINT (4.4908843 52.1594747),,Leiden,Zuid-Holland,sentences_points,0,,,PV28,GM0546,4.4908843,52.1594747
ccb6a6ee0c714df5a076d950d81242c1,147,14,"Acht jaar geleden werd het project al formeel geopend, maar mede omdat er door de financiële crisis onvoldoende huizen werden opgeleverd, ging de betrokken onderneming failliet.",huizen,Negative,Negative,0.995,[19],Den Haag,city,Den Haag,city,Bestanden (501-1000) (1).RTF,/Users/Yannick/dev/geothermal_text_mining/input_data/dutch/Bestanden (501-1000) (1).RTF,NRC.NEXT,9 October 2020,"Den Haag wordt de eerste gemeente die de warmte van de aarde gaat benutten voor verwarming en warm kraanwater voor een stadswijk. Het ministerie van Economische Zaken en Klimaat (EZK) heeft donderdag groen licht gegeven voor een geothermie-project waarbij 1.200 huizen betrokken worden. Via een bron op twee kilometer diepte, bij de Haagse Leyweg, wordt water opgepompt dat bijna 80 graden warm is. De huizen die zo duurzame warmte krijgen liggen in de wijk Zuidwest. Het project is onderdeel van het project Proeftuinen Aardgasvrij van het ministerie van Binnenlandse Zaken. De gemeente is een van de financiers. Acht jaar geleden werd het project al formeel geopend, maar mede omdat er door de financiële crisis onvoldoende huizen werden opgeleverd, ging de betrokken onderneming failliet. Destijds werd er nooit daadwerkelijk warmte geleverd. Vijf jaar later werd het project weer nieuw leven in geblazen. Over vijf jaar moeten zo'n 2.500 huizen worden bediend en zou het project rendabel zijn. Aardwarmte wordt in Nederland al op meer plekken benut, vooral door de tuinbouwsector. Daarbij is soms een beperkt aantal woningen aangesloten. Door de aardbevingen rond de Groningse gasboringen stellen toezichthouders strenge veiligheidseisen. (NRC) Link naar PDF",NRC.NEXT,Nederland,city,Den Haag,den haag,den haag,city,"Den Haag, Zuid-Holland, Nederland",nominatim,geocode,52.0799838,4.3113461,POINT (4.3113461 52.0799838),,'s-Gravenhage,Zuid-Holland,sentences_points,0,,,PV28,GM0518,4.3113461,52.0799838
f8c967eed3764fff8720c8b387d9742a,504,15,Al verwacht ik wel dat ze dan een stuk minder veel draaien.' Aardwarmte is een van de veelgenoemde vervangers voor de WKK.,Aardwarmte,Positive,Positive,0.7011,[14],Naaldwijk,city,Naaldwijk,city,Bestanden (500) (6).RTF,/Users/Yannick/dev/geothermal_text_mining/input_data/dutch/Bestanden (500) (6).RTF,Nieuwe Oogst,24 December 2022,"Kimberly Bakker De glastuinbouw gaat de komende jaren zwaarder leunen op het elektriciteitsnetwerk. Dat heeft te maken met de uitfasering van de warmtekrachtkoppeling (WKK). 'Als sector willen we in 2040 klimaatneutraal produceren. In zo'n scenario ga je ervan uit dat er geen aardgas meer wordt gebruikt. Dat betekent ook dat de WKK tegen die tijd minder interessant is', zeiJeroen Larrivee van BlueTerra tijdens de jaarlijkse Meet & Greet Energie van Greenport West-Holland op 15 december in het Zuid-Hollandse Naaldwijk. Hoe snel die uitfasering precies zal gaan, is nog onduidelijk. Dat hangt volgens Larrivee af van de ontwikkelingen op de elektriciteitsmarkt. 'Wat ik wel met zekerheid durf te zeggen, is dat WKK's in 2030 nog niet van de aardbodem zijn verdwenen. Dat te kort dag. Al verwacht ik wel dat ze dan een stuk minder veel draaien.' Aardwarmte is een van de veelgenoemde vervangers voor de WKK. Als de geothermieprojecten goed van de grond komen, dan is er volgens Larrivee veel potentie. 'Dan kan misschien wel 80 procent van de belichte teelt worden aangesloten op aardwarmtenetwerken.' Dat betekent overigens niet dat bedrijven al hun warmte uit geothermie gaan halen. Larrivee verwacht dat tuinbouwbedrijven in de toekomst een grotere energiemix toepassen. 'Denk aan een combinatie van aardwarmte, e-boilers en een warmtepomp.' Waterstof ziet hij niet als veelgekozen vervanger voor de WKK. 'Het is en blijft te duur.' Een uitdaging is dat tuinbouwbedrijven in 2040 waarschijnlijk in mindere mate hun eigen energie opwekken, zoals dat nu met de WKK juist veelvuldig gebeurt. Dat betekent dat er een verschuiving gaat plaatsvinden van eigen productie en verkoop van energie naar inkoop van energie. Daar ligt een puzzel voor netbeheerders. 'Er moet voldoende ruimte zijn op het elektriciteitsnet', zegt Larrivee. Tennet investeert volop Robert Kuik van netbeheerder Tennet wordt niet zenuwachtig van het verhaal van Larrivee. 'Er zijn nu vierhonderd projecten in Nederland', zegt hij. 'De komende tien jaar investeren we zo'n 13 miljard euro in het hoogspanningsnet, dus ik denk dat we goed zijn voorbereid op elektrificatie.' In Zuid-Holland wordt de komende jaren 100 miljoen euro geïnvesteerd. 'Dat is relatief weinig in verhouding tot die 13 miljard euro. Dat komt omdat we in 2009 al forse investeringen hebben gedaan in het versterken van het elektriciteitsnetwerk in deze regio. Precies daarom maak ik mij geen zorgen over de energietransitie in de tuinbouwregio's', licht Kuik toe. Maar om niet voor verrassingen te komen staan, is het volgens Kuik belangrijk dat tuinders en netbeheerders blijven samenwerken. 'We moeten elkaar opzoeken, in gesprek gaan en plannen ontvouwen. Dat is cruciaal om ervoor te zorgen dat het elektriciteitsnetwerk ook in de toekomst goed functioneert. De energietransitie is niet voor niets een gezamenlijk opgave.' Als geothermie goed van de grond komt, verwacht Jeroen Larrivee dat 80 procent van de belichte teelt hier in de toekomst op aangesloten is. Foto: Greenport West-Holland",Nieuwe Oogst,Nederland,city,Naaldwijk,naaldwijk,naaldwijk,city,"Naaldwijk, Westland, Zuid-Holland, Nederland",nominatim,geocode,51.9930016,4.2074197,POINT (4.2074197 51.9930016),,Westland,Zuid-Holland,sentences_points,0,,,PV28,GM1783,4.2074197,51.9930016
1c7f660c623841ae8c6b13faf3dae038,612,16,"Alle adviezen die zijn gegeven over het project zijn daarom begin vorige maand officieel openbaar gemaakt, zodat omwonenden en andere belanghebbenden ze kunnen inzien. ,,Boringen in de diepe ondergrond lukken niet altijd.",Boringen,Negative,Negative,0.9632,[28],Delft,city,Delft,city,Bestanden (500) (4).RTF,/Users/Yannick/dev/geothermal_text_mining/input_data/dutch/Bestanden (500) (4).RTF,AD/Haagsche Courant,5 March 2024,"Extra risico's door ongeluk bij boring Door het kilometerslange gat is het mogelijk dat waterstromen 'ongewenst doorlekken' naar diepere aardlagen, meldt Staatstoezicht op de Mijnen in een brief aan het aardwarmtebedrijf Geothermie Delft (GTD). Als gevolg van de boringen in de Delftse bodem is daarnaast ook de kans dat aardbevingen ontstaan 'niet verwaarloosbaar klein', schrijft de toezichthouder van het Ministerie van Economische Zaken en Klimaat. Daarom eist ze van het bedrijf dat de aardwarmte uit de grond wil pompen onder meer dat die specifieke beheersmaatregelen neemt. Doet GTD dat onvoldoende, dan krijgt het bedrijf problemen met het verkrijgen van een vergunning van het ministerie. Technische fout Staatstoezicht op de Mijnen noemt in een advies bijvoorbeeld dat het bedrijf een speciale pot voor eventuele schade moet reserveren. Volgens de berekeningen van verschillende adviseurs bestaat een kans op 'cosmetische schade' van gebouwen in het gebied als gevolg van mogelijke 'seismische activiteit'. Door een technische fout bij het boren is het afgelopen najaar al misgegaan in Delft, vertelt de woordvoerder van het aardwarmtebedrijf. Of het te voorkomen viel, wil het bedrijf niet zeggen. Het ongeluk met de boorkop komt nu aan het licht doordat GTD een startvergunning heeft aangevraagd. Alle adviezen die zijn gegeven over het project zijn daarom begin vorige maand officieel openbaar gemaakt, zodat omwonenden en andere belanghebbenden ze kunnen inzien. ,,Boringen in de diepe ondergrond lukken niet altijd. Het boorgat is een open gat tijdens de boring en het gebeurt vaker dat zo'n gang instort"", vertelt de GTD-woordvoerder. Bij de boring in Delft stortte het boorgat in toen er in een aardlaag van kleisteen werd gedrild en een boorkop onwrikbaar kwam vast te zitten. ,,Het is de verwachting dat de gang vanzelf sluit. Door druk in de bodem zal de gang worden gedicht"", weet de woordvoerder. Boorkop slaat gat in bodem In Vierpolders wordt al volop aardwarmte uit de ondergrond gewonnen. Foto Arie Kievit Boorkop slaat gat in bodem",AD/Haagsche Courant,Den Haag,city,Delft,delft,delft,city,"Delft, Zuid-Holland, Nederland",nominatim,geocode,51.9994572,4.3627245,POINT (4.3627245 51.9994572),,Delft,Zuid-Holland,sentences_points,0,,,PV28,GM0503,4.3627245,51.9994572
b59eae6bec3b4c8197d26ca354126800,753,17,"Alle woningen in de stad zouden op schone energie moeten draaien, als het aan de gemeente Den Haag ligt.",energie,Negative,Negative,0.8716,[8],Mariahoeve,site,Mariahoeve,site,1-500.RTF,/Users/Yannick/dev/geothermal_text_mining/input_data/dutch/1-500.RTF,AD/Haagsche Courant,15 December 2025,"Zo wordt er nu gekeken hoe afvalwater kan worden gebruikt om woningen op te warmen zonder aardgas. Het water stroomt nu naar de Noordzee, maar aangezien het een warmte heeft van ongeveer twintig graden, zou het mogelijk ook ergens anders voor kunnen dienen. Alle woningen in de stad zouden op schone energie moeten draaien, als het aan de gemeente Den Haag ligt. Het halen van warmte uit water is daar de ideale oplossing voor. 'De kansen voor het gebruik van het gezuiverde afvalwater zijn groot. Dus graag zoeken we samen met het Hoogheemraadschap verder uit waar en hoe we deze warmte kunnen inzetten', laat wethouder Arjen Kapteijns (energietransitie) weten in een persbericht. Als het onderzoek positieve resultaten oplevert, zou het mogelijk zo'n 20.000 huishoudens in Den Haag kunnen opwarmen zonder fossiele brandstoffen te gebruiken. De reden dat het niet meer huizen kan helpen, is dat er niet genoeg ruimte is voor de warmtepompen die het water verder moeten opwarmen. En dus wordt er ook gekeken naar andere projecten. Geothermie Zo wordt er momenteel onderzoek gedaan naar een geothermiebron in de wijk Mariahoeve. Dat houdt in dat warmte uit de diepe ondergrond wordt gehaald om woningen op te warmen. Water dat op zo'n twee of drie kilometer diepte in de aarde ligt, bereikt namelijk zo'n 70 tot 90 graden en biedt een perfecte oplossing. De werkplaats van het Hoogheemraadschap Delfland.",AD/Haagsche Courant,Den Haag,site,Mariahoeve,mariahoeve,mariahoeve,site,"Mariahoeve, Haagse Hout, Den Haag, Zuid-Holland, Nederland, 2592 HD, Nederland",nominatim,geocode,52.0937664,4.3581345,POINT (4.3581345 52.0937664),,'s-Gravenhage,Zuid-Holland,sentences_points,1,Sustainability,schone energie,PV28,GM0518,4.3581345,52.0937664
e2ce24ca2e4c4781a2448b84f130ad26,304,18,Alleen zijn de bedrijven die naar aardwarmte willen boren bij het verdelen van milieusubsidies stuk voor stuk buiten de boot gevallen.,bedrijven,Negative,Negative,0.9946,[3],Rotterdam,city,Rotterdam,city,Bestanden (1001-1500) (1).RTF,/Users/Yannick/dev/geothermal_text_mining/input_data/dutch/Bestanden (1001-1500) (1).RTF,AD/Rotterdams Dagblad,6 July 2021,"De plannen met aardwarmte in de Rotterdamse regio staan op losse schroeven. Subsidie waarop de boorbedrijven rekenden, gaat aan hun neus voorbij. Het CO2-project van de olieraffinaderijen in de haven heeft het geld voor milieuprojecten weggekaapt. Met geothermie zouden tienduizenden huizen te verwarmen zijn. De gemeenten op Voorne-Putten en in het Westland zien toekomst in warmte uit de diepte van de aarde, omdat die te combineren is met restwarmte van de naburige industrie uit de Rotterdamse haven. Alleen zijn de bedrijven die naar aardwarmte willen boren bij het verdelen van milieusubsidies stuk voor stuk buiten de boot gevallen. Energiebedrijf Engie wijst naar het CO2-afvangproject Porthos van de olieraffinaderijen in de Rotterdamse haven dat twee miljard euro toegezegd heeft gekregen. Daardoor blijft weinig meer over voor andere initiatieven. Engie heeft een brandbrief naar staatssecretaris Dilan YeÅŸilgöz-Zegerius (Economische zaken en klimaat, VVD) gestuurd. De brief is mede-ondertekend door bestuursvoorzitter Tim van der Hagen van de TU Delft en de Delftse burgemeester Marja van Bijsterveldt, omdat een Delfts onderzoekproject naar deze energiebron nu ook niet door dreigt gaan. Juist dat onderzoek is belangrijk voor de toekomst van aardwarmte, zegt een woordvoerder van Engie. De techniek rond geothermie staat nog in de kinderschoenen. In theorie zit zat warmte in de bodem. Alleen zijn de kosten nog hoog. Ook is er risico op vervulling: het oppompen gebeurt met een gesloten systeem, maar als dat lekt kan zout water van twee kilometer diepte in het grond- en drinkwater belanden. De bedrijven Huisman Geo en Yeager die ook in de Rotterdamse regio willen boren, denken pas op z'n vroegst volgend jaar aan de gang te kunnen en hebben hun hoop gevestigd op de nieuwe SDE++-subsidierondes die dan zijn.",AD/Rotterdams Dagblad,Rotterdam,city,Rotterdam,rotterdam,rotterdam,city,"Rotterdam, Zuid-Holland, Nederland",nominatim,geocode,51.9244424,4.47775,POINT (4.47775 51.9244424),,Rotterdam,Zuid-Holland,sentences_points,0,,,PV28,GM0599,4.47775,51.9244424
baff1583b994421cbc9c746405102722,304,19,Alleen zijn de kosten nog hoog.,kosten,Negative,Negative,0.9967,[3],Rotterdam,city,Rotterdam,city,Bestanden (1001-1500) (1).RTF,/Users/Yannick/dev/geothermal_text_mining/input_data/dutch/Bestanden (1001-1500) (1).RTF,AD/Rotterdams Dagblad,6 July 2021,"De plannen met aardwarmte in de Rotterdamse regio staan op losse schroeven. Subsidie waarop de boorbedrijven rekenden, gaat aan hun neus voorbij. Het CO2-project van de olieraffinaderijen in de haven heeft het geld voor milieuprojecten weggekaapt. Met geothermie zouden tienduizenden huizen te verwarmen zijn. De gemeenten op Voorne-Putten en in het Westland zien toekomst in warmte uit de diepte van de aarde, omdat die te combineren is met restwarmte van de naburige industrie uit de Rotterdamse haven. Alleen zijn de bedrijven die naar aardwarmte willen boren bij het verdelen van milieusubsidies stuk voor stuk buiten de boot gevallen. Energiebedrijf Engie wijst naar het CO2-afvangproject Porthos van de olieraffinaderijen in de Rotterdamse haven dat twee miljard euro toegezegd heeft gekregen. Daardoor blijft weinig meer over voor andere initiatieven. Engie heeft een brandbrief naar staatssecretaris Dilan YeÅŸilgöz-Zegerius (Economische zaken en klimaat, VVD) gestuurd. De brief is mede-ondertekend door bestuursvoorzitter Tim van der Hagen van de TU Delft en de Delftse burgemeester Marja van Bijsterveldt, omdat een Delfts onderzoekproject naar deze energiebron nu ook niet door dreigt gaan. Juist dat onderzoek is belangrijk voor de toekomst van aardwarmte, zegt een woordvoerder van Engie. De techniek rond geothermie staat nog in de kinderschoenen. In theorie zit zat warmte in de bodem. Alleen zijn de kosten nog hoog. Ook is er risico op vervulling: het oppompen gebeurt met een gesloten systeem, maar als dat lekt kan zout water van twee kilometer diepte in het grond- en drinkwater belanden. De bedrijven Huisman Geo en Yeager die ook in de Rotterdamse regio willen boren, denken pas op z'n vroegst volgend jaar aan de gang te kunnen en hebben hun hoop gevestigd op de nieuwe SDE++-subsidierondes die dan zijn.",AD/Rotterdams Dagblad,Rotterdam,city,Rotterdam,rotterdam,rotterdam,city,"Rotterdam, Zuid-Holland, Nederland",nominatim,geocode,51.9244424,4.47775,POINT (4.47775 51.9244424),,Rotterdam,Zuid-Holland,sentences_points,1,Costs,kosten,PV28,GM0599,4.47775,51.9244424
a46b9124ea0e48e39d63d67d12bb25e3,201,20,"Als er dan gaten ontstaan, zal er chemische vloeistof in het grondwater stromen met alle gevolgen van dien, aldus het raadslid.",gaten,Negative,Negative,0.9953,[3],Den Haag,city,Den Haag,city,Bestanden (501-1000) (1).RTF,/Users/Yannick/dev/geothermal_text_mining/input_data/dutch/Bestanden (501-1000) (1).RTF,AD/Haagsche Courant,24 December 2020,"De ingebruikname van de geothermiecentrale aan de Leyweg volgende maand baart de grootste partij in Den Haag grote zorgen. Hart voor Den Haag is bang dat bewoners dadelijk in de kou komen te zitten. Ook is de partij bang voor gevaren van het winnen van aardwarmte in de stad. Raadslid René Oudshoorn wijst erop dat Den Haag al geen beste reputatie heeft op het gebied van innovatieve warmtewinning. Zo zitten bewoners die aangesloten zijn op de zeewaterwarmtecentrale in Scheveningen en de WKO-installaties in Transvaal en Spoorwijk regelmatig in de kou. De centrale gaat begin volgend jaar warmte leveren aan twaalfhonderd tot vijftienhonderd huishoudens. Later komen er nog veel meer bij. Op de centrale wordt heet water uit de diepe aardlagen naar boven gepompt, om vervolgens weer terug te worden gepompt in dezelfde aardlaag. Maar Oudshoorn stelt dat deze centrale veel debacles kent, waaronder een faillissement. De 2,5 kilometer diepe putten zijn ook nooit eerder in bedrijf geweest. Volgens Oudshoorn hebben dit soort buizen een korte levensduur. Dit zou ook blijken uit andere aardwarmteprojecten. Als er dan gaten ontstaan, zal er chemische vloeistof in het grondwater stromen met alle gevolgen van dien, aldus het raadslid. Ook wijst hij erop dat water dat van grote diepte wordt opgehaald vaak in meer of mindere mate radioactief is. Hij wil weten of dit risico is onderzocht. Hart voor Den Haag maakt zich ook zorgen over de veiligheid in de stad. ,,Zelfs de vergunningverlener (Staatstoezicht op de Mijnen, red.) waarschuwde onlangs dat geothermie niet zonder risico's is.'' Er is een kleine kans op bevingen. ,,Het is onbegrijpelijk, zeker gezien alle mislukte projecten die we hier al hebben gehad, dat er niet eerst op kleine schaal wordt getest maar dat meteen grote aantallen huishoudens als proefkonijnen op een dergelijke experimentele centrale worden aangesloten.'' De geothermiecentrale aan de Leyweg.",AD/Haagsche Courant,Den Haag,city,Den Haag,den haag,den haag,city,"Den Haag, Zuid-Holland, Nederland",nominatim,geocode,52.0799838,4.3113461,POINT (4.3113461 52.0799838),,'s-Gravenhage,Zuid-Holland,sentences_points,0,,,PV28,GM0518,4.3113461,52.0799838
dcfce91f5a9a4cbdb7fe41bc5520fb88,668,21,"Als je als gemeente weet dat er kansen liggen, waarom onderzoek je die niet alsnog?'', aldus Verschoor.",gemeente,Negative,Negative,0.9935,[3],Gorinchem,city,Gorinchem,city,1-500.RTF,/Users/Yannick/dev/geothermal_text_mining/input_data/dutch/1-500.RTF,AD/Rivierenland,12 December 2024,"Mooi en Duurzaam Gorinchem komt met alternatief Hij heeft dat alternatief niet alleen bedacht, maar deed een beroep op deskundigen van Pondera, een bureau dat onderzoek doet en advies biedt op het gebied van schone energie. Daarnaast mobiliseerde hij nog enkele regiobewoners: ingenieurs en innovatiemanagers die verstand van zaken hebben als het om de energietransitie gaat. Hun eerste bevindingen zijn inmiddels naar Gorcumse gemeenteraadsleden gestuurd. Stichting Mooi en Duurzaam Gorinchem is ontstaan doordat tegenstanders van windturbines op Avelingen, onder wie ondernemers en inwoners, zich verenigden. Onder invloed van die weerstand besloot Gorinchem om het gebied nabij de Merwedebrug te schrappen als zoeklocatie voor windenergie. De provincie Zuid-Holland houdt die optie open wanneer Gorinchem en Molenlanden hun belofte voor groene energie niet kunnen inlossen. De stichting blijft tegenargumenten geven om deze niet te plaatsen, onder meer als het gaat om de gezondheid van omwonenden. En nu komt Mooi en Duurzaam Gorinchem met een alternatieve energiebron. Huizen ,,Het is gemakkelijk om te zeggen: Niet doen! Maar wij willen wel een alternatief bieden én dat ligt naar onze mening in aardwarmte'', zegt voorman Peter Verschoor. Met aardwarmte - warm water dat uit de bodem wordt opgepompt - kunnen huizen via een gesloten systeem worden verwarmd. Het afgekoelde water gaat terug de diepte van de aarde in waar het opnieuw wordt opgewarmd. ,,Dit gebeurt al op meerdere plekken in ons land: dat zou ook in Gorinchem moeten kunnen.'' Voor die verkenning kwamen medio september deskundigen, ondernemers en een Statenlid bijeen bij Damen Shipyards, dat zelf ook zoekt naar duurzame energiebronnen. ,,Dit was in eerste instantie bedoeld als kennisuitwisseling rond technologische innovaties, ontwikkelingen en pilots op het gebied van duurzame energie. We willen allemaal op de een of andere manier willen investeren in een duurzame toekomst.'' Al tijdens die bijeenkomst lieten deskundigen van Pondera doorschemeren dat de regio Alblasserwaard-Vijfheerenlanden potentie heeft voor aardwarmtewinning. ,,Er liggen pockets met water onder onze voeten die qua temperatuur, diepte en volume geschikt zijn voor geothermie. De voorlopige voorzichtige conclusie is dat dit een aantrekkelijke optie is die nader onderzoek vraagt. Het voordeel van aardwarmte is dat dit de klok rond beschikbaar is, in tegenstelling tot zonne- en windenergie'', zegt Verschoor. Stichting Mooi en Duurzaam Gorinchem en haar deskundigen staan niet alleen in hun conclusie dat aardwarmte een alternatief kan zijn voor fossiele brandstoffen. Energie Beheer Nederland, dat namens de staat betrokken is bij energiewinning, concludeerde najaar 2020 al na eigen onderzoek dat ruim een kwart van de Nederlandse woningen in de toekomst verwarmd zou kunnen worden met warmte uit de aardbodem. Zelfs Gorinchem deed zo'n vijftien jaar geleden onderzoek naar geothermie. Dat liep spaak omdat de gemeente zelf geen geld had om proefboringen te laten uitvoeren. Energiemaatschappijen die werden benaderd, hadden geen interesse om te investeren. ,,In het hele land zijn proef- boringen. Als je als gemeente weet dat er kansen liggen, waarom onderzoek je die niet alsnog?'', aldus Verschoor. Dit gebeurt al op meerdere plekken in ons land: dat zou ook in Gorinchem moeten kunnen Peter Verschoor",AD/Rivierenland,Rivierenland (Gelderland),city,Gorinchem,gorinchem,gorinchem,city,"Gorinchem, Zuid-Holland, Nederland",nominatim,geocode,51.8296133,4.9738743,POINT (4.9738743 51.8296133),,Gorinchem,Zuid-Holland,sentences_points,0,,,PV28,GM0512,4.9738743,51.8296133
988caff9a4404c9bb00c3c82ff4efab4,682,22,Bewoners waren vaak duurder uit als hun cv was vervangen door een warmte-aansluiting.,cv,Negative,Negative,0.9569,[7],Delft,city,Delft,city,1-500.RTF,/Users/Yannick/dev/geothermal_text_mining/input_data/dutch/1-500.RTF,de Volkskrant,31 January 2025,"Economie Terwijl de uitbreiding van bestaande warmtenetten op veel plekken is vastgelopen, wordt in Delft juist een geheel nieuw warmtenet aangelegd. Binnen twee jaar moeten zesduizend bestaande huurwoningen op het net worden aangesloten. Dat heeft NetVerder bekendgemaakt, een zusteronderneming van netbeheerder Stedin. Het bedrijf, met 61 gemeenten, twee provincies en de rijksoverheid als aandeelhouders, is deze maand officieel met de bouw van de voorziening begonnen. Nog eind dit jaar moeten de eerste huizen worden aangesloten in de wijken Voorhof en Buitenhof, en de campus van de TU Delft. De energie komt deels uit een aardwarmtebron, waarbij heet water van zo'n 2.500 meter onder de stad wordt opgepompt. Daardoor zijn de bewoners straks minder afhankelijk van fluctuerende stroom- en gasprijzen. Op termijn zouden zelfs vijftienduizend woningen op het net kunnen worden aangesloten. Dat het in Delft lukt een nieuw warmtenet te bouwen, is opmerkelijk. De laatste jaren zijn er vooral veel berichten over vastgelopen plannen voor collectieve warmtevoorziening. Daarbij gaat het met name om de uitbreiding van bestaande warmtenetten voor bestaande woningen. Bewoners waren vaak duurder uit als hun cv was vervangen door een warmte-aansluiting. Vorig jaar leidde dat in diverse buurten tot groot verzet. Onder meer in Amsterdam en Rotterdam zijn gemeenten, energiebedrijven en woningcorporaties gestopt met lopende projecten. Volgens NetVerder lukt het in Delft wel om een voor bewoners aantrekkelijk net aan te leggen, omdat alle partijen die bij de aanleg zijn betrokken elkaar vertrouwen en volledig open zijn over hun financiën.",de Volkskrant,,city,Delft,delft,delft,city,"Delft, Zuid-Holland, Nederland",nominatim,geocode,51.9994572,4.3627245,POINT (4.3627245 51.9994572),,Delft,Zuid-Holland,sentences_points,1,Costs,duurder,PV28,GM0503,4.3627245,51.9994572
7f5219157ad742409a5ff4e66d654c6a,612,23,"Bij de boring in Delft stortte het boorgat in toen er in een aardlaag van kleisteen werd gedrild en een boorkop onwrikbaar kwam vast te zitten. ,,Het is de verwachting dat de gang vanzelf sluit.",boorgat,Negative,Negative,0.9966,[7],Delft,city,Delft,city,Bestanden (500) (4).RTF,/Users/Yannick/dev/geothermal_text_mining/input_data/dutch/Bestanden (500) (4).RTF,AD/Haagsche Courant,5 March 2024,"Extra risico's door ongeluk bij boring Door het kilometerslange gat is het mogelijk dat waterstromen 'ongewenst doorlekken' naar diepere aardlagen, meldt Staatstoezicht op de Mijnen in een brief aan het aardwarmtebedrijf Geothermie Delft (GTD). Als gevolg van de boringen in de Delftse bodem is daarnaast ook de kans dat aardbevingen ontstaan 'niet verwaarloosbaar klein', schrijft de toezichthouder van het Ministerie van Economische Zaken en Klimaat. Daarom eist ze van het bedrijf dat de aardwarmte uit de grond wil pompen onder meer dat die specifieke beheersmaatregelen neemt. Doet GTD dat onvoldoende, dan krijgt het bedrijf problemen met het verkrijgen van een vergunning van het ministerie. Technische fout Staatstoezicht op de Mijnen noemt in een advies bijvoorbeeld dat het bedrijf een speciale pot voor eventuele schade moet reserveren. Volgens de berekeningen van verschillende adviseurs bestaat een kans op 'cosmetische schade' van gebouwen in het gebied als gevolg van mogelijke 'seismische activiteit'. Door een technische fout bij het boren is het afgelopen najaar al misgegaan in Delft, vertelt de woordvoerder van het aardwarmtebedrijf. Of het te voorkomen viel, wil het bedrijf niet zeggen. Het ongeluk met de boorkop komt nu aan het licht doordat GTD een startvergunning heeft aangevraagd. Alle adviezen die zijn gegeven over het project zijn daarom begin vorige maand officieel openbaar gemaakt, zodat omwonenden en andere belanghebbenden ze kunnen inzien. ,,Boringen in de diepe ondergrond lukken niet altijd. Het boorgat is een open gat tijdens de boring en het gebeurt vaker dat zo'n gang instort"", vertelt de GTD-woordvoerder. Bij de boring in Delft stortte het boorgat in toen er in een aardlaag van kleisteen werd gedrild en een boorkop onwrikbaar kwam vast te zitten. ,,Het is de verwachting dat de gang vanzelf sluit. Door druk in de bodem zal de gang worden gedicht"", weet de woordvoerder. Boorkop slaat gat in bodem In Vierpolders wordt al volop aardwarmte uit de ondergrond gewonnen. Foto Arie Kievit Boorkop slaat gat in bodem",AD/Haagsche Courant,Den Haag,city,Delft,delft,delft,city,"Delft, Zuid-Holland, Nederland",nominatim,geocode,51.9994572,4.3627245,POINT (4.3627245 51.9994572),,Delft,Zuid-Holland,sentences_points,0,,,PV28,GM0503,4.3627245,51.9994572
3123c9d44ceb42c68ac4dcb66a9ab85e,557,24,Bij een overschot aan warmte kan Vogelaer de warmte leveren via het warmtenet van WnW.,warmtenet,Positive,Positive,0.916,[12],Vogelaer,site,Vogelaer,site,Bestanden (500) (5).RTF,/Users/Yannick/dev/geothermal_text_mining/input_data/dutch/Bestanden (500) (5).RTF,AD/Haagsche Courant,5 July 2023,"Warmte netwerk Westland (WnW) is met de toevoeging van Aardwarmte Vogelaer weer een stuk verder uitgebreid. Hierdoor kan warmte worden uitgewisseld. Het warmtenetwerk van Vogelaer is onderdeel van een bestaand geothermieproject voor en door glastuinbouwondernemers. WnW realiseert de aansluiting. Deze aansluiting zorgt ervoor dat Vogelaer bij een tekort aan warmte in de gelegenheid blijft om warmte te leveren aan haar afnemers, door het afnemen van warmte van andere warmtebronnen via WnW. Bij een overschot aan warmte kan Vogelaer de warmte leveren via het warmtenet van WnW. De ambitie van WnW is het realiseren van één groot warmtesysteem in het Westland, om zo de warmtetransitie voor de glastuinbouw, bedrijventerreinen en de gebouwde omgeving te verzorgen. De aardwarmteprojecten Maasdijk en Polanen, en nu dus ook Vogelaer, zorgen ervoor dat dit lukt. Evelien Brederode, business ontwikkelaar bij Warmte netwerk Westland: ,,Met onze partners creëren we een warmtesysteem dat regionale warmtebronnen en afnemers met elkaar verbindt, waardoor de leveringszekerheid stijgt en warmtehandel kan plaatsvinden.''",AD/Haagsche Courant,Den Haag,site,Vogelaer,vogelaer,vogelaer,site,"Vogelaer, Mariëndijk, Honselersdijk, Westland, Zuid-Holland, Nederland, 2675 KL, Nederland",nominatim,geocode,52.0105507,4.246629,POINT (4.246629 52.0105507),,Westland,Zuid-Holland,sentences_points,0,,,PV28,GM1783,4.246629,52.0105507
2afce12233894e3fa234437cee4c7eb8,612,25,Boorkop slaat gat in bodem In Vierpolders wordt al volop aardwarmte uit de ondergrond gewonnen.,Boorkop,Negative,Negative,0.9592,[0],Delft,city,Delft,city,Bestanden (500) (4).RTF,/Users/Yannick/dev/geothermal_text_mining/input_data/dutch/Bestanden (500) (4).RTF,AD/Haagsche Courant,5 March 2024,"Extra risico's door ongeluk bij boring Door het kilometerslange gat is het mogelijk dat waterstromen 'ongewenst doorlekken' naar diepere aardlagen, meldt Staatstoezicht op de Mijnen in een brief aan het aardwarmtebedrijf Geothermie Delft (GTD). Als gevolg van de boringen in de Delftse bodem is daarnaast ook de kans dat aardbevingen ontstaan 'niet verwaarloosbaar klein', schrijft de toezichthouder van het Ministerie van Economische Zaken en Klimaat. Daarom eist ze van het bedrijf dat de aardwarmte uit de grond wil pompen onder meer dat die specifieke beheersmaatregelen neemt. Doet GTD dat onvoldoende, dan krijgt het bedrijf problemen met het verkrijgen van een vergunning van het ministerie. Technische fout Staatstoezicht op de Mijnen noemt in een advies bijvoorbeeld dat het bedrijf een speciale pot voor eventuele schade moet reserveren. Volgens de berekeningen van verschillende adviseurs bestaat een kans op 'cosmetische schade' van gebouwen in het gebied als gevolg van mogelijke 'seismische activiteit'. Door een technische fout bij het boren is het afgelopen najaar al misgegaan in Delft, vertelt de woordvoerder van het aardwarmtebedrijf. Of het te voorkomen viel, wil het bedrijf niet zeggen. Het ongeluk met de boorkop komt nu aan het licht doordat GTD een startvergunning heeft aangevraagd. Alle adviezen die zijn gegeven over het project zijn daarom begin vorige maand officieel openbaar gemaakt, zodat omwonenden en andere belanghebbenden ze kunnen inzien. ,,Boringen in de diepe ondergrond lukken niet altijd. Het boorgat is een open gat tijdens de boring en het gebeurt vaker dat zo'n gang instort"", vertelt de GTD-woordvoerder. Bij de boring in Delft stortte het boorgat in toen er in een aardlaag van kleisteen werd gedrild en een boorkop onwrikbaar kwam vast te zitten. ,,Het is de verwachting dat de gang vanzelf sluit. Door druk in de bodem zal de gang worden gedicht"", weet de woordvoerder. Boorkop slaat gat in bodem In Vierpolders wordt al volop aardwarmte uit de ondergrond gewonnen. Foto Arie Kievit Boorkop slaat gat in bodem",AD/Haagsche Courant,Den Haag,city,Delft,delft,delft,city,"Delft, Zuid-Holland, Nederland",nominatim,geocode,51.9994572,4.3627245,POINT (4.3627245 51.9994572),,Delft,Zuid-Holland,sentences_points,0,,,PV28,GM0503,4.3627245,51.9994572
9bb6ddf0d5b24d3db6b94fd2240c12e8,354,26,"Bovendien, zo wordt gemeld, 'is het in Nederland niet toegestaan om in drinkwaterwingebieden naar aardwarmte te boren'.",drinkwaterwingebieden,Negative,Negative,0.9918,[15],Leiden,city,Leiden,city,Bestanden (1500-1862).RTF,/Users/Yannick/dev/geothermal_text_mining/input_data/dutch/Bestanden (1500-1862).RTF,Leidsch Dagblad,12 November 2021,"Leiden De provincie Zuid-Holland maakt bezwaar tegen de vergunningen die het ministerie van Economische Zaken heeft verleend voor het boren naar aardwarmte in de Leidse regio, de Duin- en Bollenstreek en het westelijk deel van de Rijn- en Veenstreek. Het provinciebestuur is bang dat de diepe boringen het grondwater in gevaar brengen. Dat schrijven gedeputeerden Meindert Stolk en Jeanette Baljeu in een brief aan Provinciale Staten. Het ministerie heeft eind augustus vier vergunningen verleend voor deels overlappende gebieden in de regio. Twee concessies vallen voor een deel samen met een gebied dat een beschermde status heeft in verband met de winning van drinkwater uit grondwater. Voor de twee andere gebieden loopt er een aanvraag voor de aanwijzing als grondwaterbeschermingsgebied. Dat geldt onder andere voor het gebied tussen Valkenburg en Wassenaar, waar drinkwaterbedrijf Dunea onderzoek doet naar het gebruik van oppervlaktewater voor de productie van drinkwater. De grootste concessie is in handen van een samenwerkingsverband van Shell en D4. Dat laatste bedrijf is actief in alle vormen van groene energie en was ook betrokken bij de Warmterotonde. Het zoekgebied van het consortium beslaat grofweg de driehoek tussen Katwijk, De Zilk en het Braassemermeer, inclusief een strook voor de kust. Op zijn website spreekt het consortium de hoop uit dat het al over twee tot drie jaar mogelijk moet zijn om in dat gebied naar aardwarmte te boren. Verder valt er te lezen dat de winning van aardwarmte 'mits veilig en verantwoord' gedaan kan worden 'zonder impact op drinkwatervoorzieningen'. Bovendien, zo wordt gemeld, 'is het in Nederland niet toegestaan om in drinkwaterwingebieden naar aardwarmte te boren'. In hun brief aan Provinciale Staten schrijven de twee gedeputeerden dat het iets genuanceerder ligt. De Mijnbouwwet biedt het ministerie de mogelijkheid om het boren naar aardwarmte in drinkwatergebieden te verbieden, maar Economische Zaken heeft ervoor gekozen om geen gebruik te maken van die mogelijkheid. Wanneer het ministerie de bezwaren van de provincie naast zich neerlegt, biedt de Mijnbouwwet geen mogelijkheden voor hoger beroep. Dat betekent dus dat de provincie in dat geval geen mogelijkheid heeft om de zaak aan de rechter voor te leggen. Aardwarmte Op een diepte van 500 meter tot vier kilometer zit warm water in de aardbodem die kan worden gebruikt voor verwarming. Op dit moment wordt de methode nog vooral toegepast in kassen, maar er zijn plannen om de winning en het gebruik fors uit te breiden. Aardwarmte wordt algemeen gezien als een belangrijke toekomstige warmtebron. PDF-bestand van dit document",Leidsch Dagblad,Leiden,city,Leiden,leiden,leiden,city,"Leiden, Zuid-Holland, Nederland",nominatim,geocode,52.1594747,4.4908843,POINT (4.4908843 52.1594747),,Leiden,Zuid-Holland,sentences_points,0,,,PV28,GM0546,4.4908843,52.1594747
2198ac6eb6f34d5aa744fddb449a9b0d,158,27,CoronaMelder is te vinden in de App Store en de Google Play Store.,CoronaMelder,Positive,Positive,0.7843,[0],Den Haag,city,Den Haag,city,Bestanden (501-1000) (1).RTF,/Users/Yannick/dev/geothermal_text_mining/input_data/dutch/Bestanden (501-1000) (1).RTF,"De Posthoorn, Segbroek",14 October 2020,"Den Haag - De CoronaMelder-app is klaar en te installeren via de App Store en de Google Play Store. Hij stuurt een melding als je langer dan 15 minuten dicht bij iemand in de buurt bent geweest, die later het virus blijkt te hebben. CoronaMelder-app is voor iedereen beschikbaar Den Haag - Vanaf nu kan iedereen de CoronaMelder-app gebruiken. De app stuurt een melding als je langer dan 15 minuten dicht bij iemand in de buurt bent geweest, die later het coronavirus blijkt te hebben. Als je een melding hebt ontvangen, lees je in de app welke maatregelen je kan nemen en of je je kan laten testen. Zo weet je na een melding dat je meer kans hebt om besmet te zijn en kun je voorkomen dat je onbewust een ander besmet. Want je kunt het coronavirus al doorgeven, voordat je je ziek voelt. CoronaMelder is een aanvulling op het reguliere bron- en contactonderzoek van de GGD. Met de app kunnen ook mensen worden geïnformeerd die niet naar voren komen uit het bron- en contactonderzoek. De app weet niet wie of waar je bent. Ook geeft de app geen meldingen over actuele besmettingen in de buurt. De basisregels, zoals 1,5 meter afstand houden en vaak je handen wassen, blijven dus belangrijk! CoronaMelder is te vinden in de App Store en de Google Play Store. Het downloaden van de app is altijd vrijwillig. Hulp nodig bij het installeren? Veel bibliotheken kunnen hierbij helpen. Of bel de Helpdesk CoronaMelder op 0800-1280. Den Haag is eerste stad met warmte uit bodem Den Haag - Den Haag is de eerste stad in Nederland waar huizen verwarmd worden met schone warmte uit eigen bodem. Het ministerie van Economische Zaken heeft met een definitief besluit groen licht gegeven voor het winnen van aardwarmte in de centrale aan de Leyweg. Vanuit de bron op twee kilometer diepte wordt water van circa 78 graden opgepompt. Die warmte wordt overgezet en via het stadsverwarmingsnet krijgen woningen in stadsdeel Zuidwest verwarming en warm kraanwater. Zo kan aan de eerste 1200 huizen aardwarmte (geothermie) worden geleverd. Deze is schoon en duurzaam. De gemeente heeft via het Energiefonds Den Haag een deel van de financiering beschikbaar gesteld voor deze bron. Wethouder Liesbeth van Tongeren (Duurzaamheid en Energietransitie) is trots. ""Hiermee laten we zien dat het kan: in een dichtbevolkte stad als Den Haag schone warmte uit eigen bron gebruiken.” Een definitief besluit voor winning van aardwarmte, zoals bij de centrale aan de Leyweg, wordt niet zomaar genomen. Er moet aan strenge veiligheidseisen worden voldaan. Hiervoor is het ministerie te rade gegaan bij verschillende organisaties als TNO, de Mijnraad, de Omgevingsdienst Haaglanden, Provincie Zuid-Holland en Hoogheemraadschap Delfland.","De Posthoorn, Segbroek",,city,Den Haag,den haag,den haag,city,"Den Haag, Zuid-Holland, Nederland",nominatim,geocode,52.0799838,4.3113461,POINT (4.3113461 52.0799838),,'s-Gravenhage,Zuid-Holland,sentences_points,0,,,PV28,GM0518,4.3113461,52.0799838
8cf523a0b3c4481582e13056f8f02abe,424,28,Daar kan naast de al bestaande aardwarmtebron aan de Leyweg verder nergens aardwarmte naar boven worden gehaald.,aardwarmtebron,Negative,Negative,0.9912,[6],Den Haag,city,Den Haag,city,Bestanden (500) (7).RTF,/Users/Yannick/dev/geothermal_text_mining/input_data/dutch/Bestanden (500) (7).RTF,AD/Haagsche Courant,9 April 2022,"Haagse huizen in het stadsdeel Escamp worden volgend jaar verwarmd met Westlandse aardwarmte. Westland en Den Haag gaan daarvoor samen één warmtenet realiseren dat bronnen in beide gemeenten met elkaar verbindt. De uitwisseling van warmte kan volgend jaar al beginnen. Westland en Den Haag hebben een studie naar de haalbaarheid van warmteverbindingen tussen beide gemeenten laten uitvoeren. In deze studie komt naar voren dat er een viertal opties voor koppelleidingen tussen het Westlandse en Haagse warmtenet kunnen worden uitgewerkt. Den Haag zet in op duurzame lokale bronnen zoals aardwarmte. In de Haagse ondergrond is ruimte voor vijftien geschikte locaties voor aardwarmte. Dat is niet genoeg. Met name in het stadsdeel Escamp is er een tekort. Daar kan naast de al bestaande aardwarmtebron aan de Leyweg verder nergens aardwarmte naar boven worden gehaald. De gemeente Westland gaat een groot aantal aardwarmtebronnen ontwikkelen en zal ruim genoeg warmte kunnen opwekken. Voor beide partijen is het aantrekkelijk als Den Haag warmte overneemt uit Westland. Westland en Den Haag willen nu samen met diverse marktpartijen één van de opties, het warmtenet in Westland verbinden met Wateringse Veld in Den Haag, verder uitwerken. Dan gaat het vooral om een technische uitwerking, met de locaties van de buizen, diameters en drukopbouw. Met de koppeling kan het bestaande warmtenet Wateringse Veld worden 'verduurzaamd' en kan aardwarmte worden geleverd aan toekomstige warmtenetten in het stadsdeel Escamp. Fred Vermeer",AD/Haagsche Courant,Den Haag,city,Den Haag,den haag,den haag,city,"Den Haag, Zuid-Holland, Nederland",nominatim,geocode,52.0799838,4.3113461,POINT (4.3113461 52.0799838),,'s-Gravenhage,Zuid-Holland,sentences_points,0,,,PV28,GM0518,4.3113461,52.0799838
a16e35ed3dbb4718b3c5a49c00849645,775,29,Daarbovenop zal het gebouw zonder fossiele brandstoffen gekoeld en verwarmd worden.,gebouw,Negative,Negative,0.8403,[3],Nieuwpoort,city,Nieuwpoort,city,Bestanden (500) (4).RTF,/Users/Yannick/dev/geothermal_text_mining/input_data/dutch/Bestanden (500) (4).RTF,De Krant van West-Vlaanderen,,"NIEUWPOORT - Exact 100 jaar na de bouw van het Grand Hotel, zal het iconische gebouw weer uit zijn as verrijzen. Het nieuwe prestigeproject wordt dé blikvanger van Nieuwpoort en zal verschillende functies vervullen. De nieuwe syndicus van The Grand is Wim Demeester van Immo Group-S. ""Het doel is om een gezond evenwicht te creëren tussen oude en nieuwe architectuur zodat het gebouw weer de status krijgt dat het verdient"", zegt hij. Circulair conceptBelevingsplein The Grand krijgt verschillende functies. Zo biedt het complex plaats aan 70 appartementen met verschillende oppervlaktes. Daarnaast is het gebouw ook toegankelijk voor het brede publiek. De iconische bar en het restaurant aan de kant van de zeedijk worden volledig gerenoveerd. Aan de kant van de Albert I-laan is dan weer ruimte voorzien voor ruime handelspanden. ""De veelzijdigheid van The Grand zorgt ervoor dat iedereen weer ten volle van deze historisch parel kan genieten"", aldus Wim Demeester. In het circulaire concept van The Grand wordt gebruikgemaakt van moderne en duurzame technieken zoals geothermie, zonnepanelen en maximale terugwinning van de geproduceerde warmte. Zo wordt het verbruik tot een absoluut minimum beperkt. Daarbovenop zal het gebouw zonder fossiele brandstoffen gekoeld en verwarmd worden. Daardoor genieten alle appartementen van een ideale winter- én zomertemperatuur. ""De duurzame en ecologische technieken zijn een voorbeeld van hoe je historische en iconische gebouwen een tweede leven kunt geven"", vertelt de nieuwe syndicus Wim Demeester. Naast de heropleving van The Grand krijgt ook de omgeving rond het project een extra boost. Zo krijgt eveneens het Hendrikaplein een nieuw leven. De bovengrondse parking zal een belevingsplein worden waarop kinderen zich kunnen uitleven, bezoekers even kunnen uitrusten en evenementen kunnen worden georganiseerd. The Grand en de omgeving daarrond worden dé trekpleister van Nieuwpoort-Bad. ""Het is natuurlijk een hele eer om syndicus van dit prestigeproject te mogen zijn"", besluit Wim Demeester. ""Ik ben ervan overtuigd dat dit Nieuwpoort een extra boost zal geven."" (PG)",De Krant van West-Vlaanderen,,city,Nieuwpoort,nieuwpoort,nieuwpoort,city,"Nieuwpoort, Molenlanden, Zuid-Holland, Nederland",nominatim,geocode,51.9353893,4.868505,POINT (4.868505 51.9353893),,Molenlanden,Zuid-Holland,sentences_points,0,,,PV28,GM1978,4.868505,51.9353893
cf63f7862f734c779e527dffcf52d544,775,30,Daardoor genieten alle appartementen van een ideale winter- én zomertemperatuur.,appartementen,Positive,Positive,0.9984,[3],Nieuwpoort,city,Nieuwpoort,city,Bestanden (500) (4).RTF,/Users/Yannick/dev/geothermal_text_mining/input_data/dutch/Bestanden (500) (4).RTF,De Krant van West-Vlaanderen,,"NIEUWPOORT - Exact 100 jaar na de bouw van het Grand Hotel, zal het iconische gebouw weer uit zijn as verrijzen. Het nieuwe prestigeproject wordt dé blikvanger van Nieuwpoort en zal verschillende functies vervullen. De nieuwe syndicus van The Grand is Wim Demeester van Immo Group-S. ""Het doel is om een gezond evenwicht te creëren tussen oude en nieuwe architectuur zodat het gebouw weer de status krijgt dat het verdient"", zegt hij. Circulair conceptBelevingsplein The Grand krijgt verschillende functies. Zo biedt het complex plaats aan 70 appartementen met verschillende oppervlaktes. Daarnaast is het gebouw ook toegankelijk voor het brede publiek. De iconische bar en het restaurant aan de kant van de zeedijk worden volledig gerenoveerd. Aan de kant van de Albert I-laan is dan weer ruimte voorzien voor ruime handelspanden. ""De veelzijdigheid van The Grand zorgt ervoor dat iedereen weer ten volle van deze historisch parel kan genieten"", aldus Wim Demeester. In het circulaire concept van The Grand wordt gebruikgemaakt van moderne en duurzame technieken zoals geothermie, zonnepanelen en maximale terugwinning van de geproduceerde warmte. Zo wordt het verbruik tot een absoluut minimum beperkt. Daarbovenop zal het gebouw zonder fossiele brandstoffen gekoeld en verwarmd worden. Daardoor genieten alle appartementen van een ideale winter- én zomertemperatuur. ""De duurzame en ecologische technieken zijn een voorbeeld van hoe je historische en iconische gebouwen een tweede leven kunt geven"", vertelt de nieuwe syndicus Wim Demeester. Naast de heropleving van The Grand krijgt ook de omgeving rond het project een extra boost. Zo krijgt eveneens het Hendrikaplein een nieuw leven. De bovengrondse parking zal een belevingsplein worden waarop kinderen zich kunnen uitleven, bezoekers even kunnen uitrusten en evenementen kunnen worden georganiseerd. The Grand en de omgeving daarrond worden dé trekpleister van Nieuwpoort-Bad. ""Het is natuurlijk een hele eer om syndicus van dit prestigeproject te mogen zijn"", besluit Wim Demeester. ""Ik ben ervan overtuigd dat dit Nieuwpoort een extra boost zal geven."" (PG)",De Krant van West-Vlaanderen,,city,Nieuwpoort,nieuwpoort,nieuwpoort,city,"Nieuwpoort, Molenlanden, Zuid-Holland, Nederland",nominatim,geocode,51.9353893,4.868505,POINT (4.868505 51.9353893),,Molenlanden,Zuid-Holland,sentences_points,0,,,PV28,GM1978,4.868505,51.9353893
7bd7bab139a84d13a90926fe49a683ad,644,31,Daardoor is er geen gas meer nodig.,gas,Positive,Positive,0.9957,[4],Delft,city,Delft,city,Bestanden (500) (4).RTF,/Users/Yannick/dev/geothermal_text_mining/input_data/dutch/Bestanden (500) (4).RTF,AD/Haagsche Courant,3 September 2024,"Delft introduceert verwarming voor 6000 woningen uit bron op TU Wat doet het warmtenet precies? Op ruim 2 kilometer onder de grond bij de TU Delft, zit warm water in de bodem, aardwarmte - ook wel geothermie genoemd. Dit water heeft een temperatuur van ongeveer 75 graden. Dit water wordt bij de aardwarmtebron omhoog gepompt. Door het warmtenet, een systeem van buizen van 16 kilometer lang onder de grond, stroomt het warme water richting de woongebouwen. Hiermee kunnen huurwoningen van woningcorporaties Vidomes, Stedelink, DUWO en Woonbron worden verwarmd. Daardoor is er geen gas meer nodig. Welke wijken in Delft worden aangesloten op het warmtenet? Voorlopig is dit warmtenet bedoeld voor Buitenhof, Voorhof en de TU Delft Campus. Omdat er in deze wijken veel woningen op een klein oppervlak staan. En omdat bewoners in deze gebouwen een gasketel delen, maakt dit het aansluiten op een warmtenet makkelijker, geeft de gemeente aan. Totaal kunnen er in Voorhof en Buitenhof 15.000 woningen op het netwerk aangesloten worden. Dit zijn ook koopwoningen. In het 'Warmteplan Delft', dat in 2021 is vastgesteld, staat voor elke wijk welk alternatief voor aardgas de meest geschikte oplossing is. Voor de binnenstad is nu nog onduidelijk welke alternatieve bron voor aardgas kan worden gebruikt. Gaan bewoners nu meer of minder betalen? Ze gaan niet meer, maar ook niet minder betalen. De prijs van de warmte is op het moment van aansluiten namelijk vergelijkbaar met warmte gemaakt met aardgas. Daarna beweegt de prijs mee met de werkelijke kostenontwikkeling voor de productie en distributie van de warmte. De afgelopen jaren is de prijs van gas niet altijd hetzelfde gebleven door de oorlog tussen Rusland en Oekraïne. Met het warmtenet blijven de prijzen stabieler dan voorheen. Wat merken bewoners van het warmtenet? Als het warmtenet er eenmaal ligt, merken bewoners er vrij weinig van. De centrale gasverwarmingsketel wordt vervangen door een aansluiting op het nieuwe warmtenet voor het hele gebouw. De verwarming van woningen kan dan nog steeds met dezelfde radiator ingesteld worden. Van de aanleg van het net kunnen Delftenaren wel wat merken. De soms wel 70 centimeter brede buizen gaan namelijk onder de grond. Hiervoor moeten straten opengebroken worden, wat voor veranderende verkeerssituaties kan zorgen. Dit gebeurt in fases. Voor hoe lang kan er aardwarmte uit de grond worden gehaald? Waarschijnlijk is er genoeg aardwarmte voor de komende dertig jaar. Als dit op is, kan er op hetzelfde warmtenet dat nu wordt aangelegd een andere bron worden aangesloten. Wanneer kan er gebruikgemaakt worden van het warmtenet? De allereerste huizen kunnen - als alles volgens plan gaat - in het najaar van 2025 gebruikmaken van het warmtenet. Uiteindelijk is het de bedoeling dat in 2027 alle 6000 huurwoningen op het netwerk zijn aangesloten. Uiteindelijk is het de bedoeling dat in 2027 alle 6000 huurwoningen op het netwerk zijn aangesloten Ook bij de Sterflats wordt het warmtenet aangesloten.",AD/Haagsche Courant,Den Haag,city,Delft,delft,delft,city,"Delft, Zuid-Holland, Nederland",nominatim,geocode,51.9994572,4.3627245,POINT (4.3627245 51.9994572),,Delft,Zuid-Holland,sentences_points,0,,,PV28,GM0503,4.3627245,51.9994572
bd0901cb790540e38556009ff89ea014,297,32,"Daardoor kan zout water, dat bovendien vervuild is met chemicaliën, weglekken naar de zoetwaterlagen waaruit drinkwater wordt gewonnen.",zout water,Negative,Negative,0.9967,"[2, 3]",Den Haag,city,Den Haag,city,Bestanden (1001-1500) (1).RTF,/Users/Yannick/dev/geothermal_text_mining/input_data/dutch/Bestanden (1001-1500) (1).RTF,Friesch Dagblad,18 June 2021,"Den Haag Het boren naar aardwarmte, ook wel geothermie genoemd, brengt risico's met zich mee voor de drinkwatervoorziening. Het kabinet doet te weinig om die risico's te ondervangen en dat is 'zorgwekkend', schrijft de Algemene Rekenkamer in een rapport. Aardwarmte speelt een belangrijke rol in de strijd tegen klimaatverandering. Warmtepompen, die warm en zout water oppompen van een diepte tot 2 à 3 kilometer, moeten op termijn gasgestookte warmtebronnen gaan vervangen. Maar daarbij worden ondiepere aardlagen doorboord waar zich belangrijke watervoorraden bevinden. Geothermiebuizen kunnen gaan roesten en daardoor ook gaan lekken. Daardoor kan zout water, dat bovendien vervuild is met chemicaliën, weglekken naar de zoetwaterlagen waaruit drinkwater wordt gewonnen. Ook kan verontreiniging zich sneller verspreiden. Link naar PDF",Friesch Dagblad,Friesland,city,Den Haag,den haag,den haag,city,"Den Haag, Zuid-Holland, Nederland",nominatim,geocode,52.0799838,4.3113461,POINT (4.3113461 52.0799838),,'s-Gravenhage,Zuid-Holland,sentences_points,0,,,PV28,GM0518,4.3113461,52.0799838
729bbbd7f9464996bb5a4abca5647bbd,682,33,Daardoor zijn de bewoners straks minder afhankelijk van fluctuerende stroom- en gasprijzen.,stroom,Negative,Negative,0.9584,[9],Delft,city,Delft,city,1-500.RTF,/Users/Yannick/dev/geothermal_text_mining/input_data/dutch/1-500.RTF,de Volkskrant,31 January 2025,"Economie Terwijl de uitbreiding van bestaande warmtenetten op veel plekken is vastgelopen, wordt in Delft juist een geheel nieuw warmtenet aangelegd. Binnen twee jaar moeten zesduizend bestaande huurwoningen op het net worden aangesloten. Dat heeft NetVerder bekendgemaakt, een zusteronderneming van netbeheerder Stedin. Het bedrijf, met 61 gemeenten, twee provincies en de rijksoverheid als aandeelhouders, is deze maand officieel met de bouw van de voorziening begonnen. Nog eind dit jaar moeten de eerste huizen worden aangesloten in de wijken Voorhof en Buitenhof, en de campus van de TU Delft. De energie komt deels uit een aardwarmtebron, waarbij heet water van zo'n 2.500 meter onder de stad wordt opgepompt. Daardoor zijn de bewoners straks minder afhankelijk van fluctuerende stroom- en gasprijzen. Op termijn zouden zelfs vijftienduizend woningen op het net kunnen worden aangesloten. Dat het in Delft lukt een nieuw warmtenet te bouwen, is opmerkelijk. De laatste jaren zijn er vooral veel berichten over vastgelopen plannen voor collectieve warmtevoorziening. Daarbij gaat het met name om de uitbreiding van bestaande warmtenetten voor bestaande woningen. Bewoners waren vaak duurder uit als hun cv was vervangen door een warmte-aansluiting. Vorig jaar leidde dat in diverse buurten tot groot verzet. Onder meer in Amsterdam en Rotterdam zijn gemeenten, energiebedrijven en woningcorporaties gestopt met lopende projecten. Volgens NetVerder lukt het in Delft wel om een voor bewoners aantrekkelijk net aan te leggen, omdat alle partijen die bij de aanleg zijn betrokken elkaar vertrouwen en volledig open zijn over hun financiën.",de Volkskrant,,city,Delft,delft,delft,city,"Delft, Zuid-Holland, Nederland",nominatim,geocode,51.9994572,4.3627245,POINT (4.3627245 51.9994572),,Delft,Zuid-Holland,sentences_points,0,,,PV28,GM0503,4.3627245,51.9994572
e9763c29747544759a7cbf18842fc57e,580,34,"Daarmee zouden theoretisch zo'n 14.660 huizen van warmte kunnen worden voorzien. ,,Natuurlijk is warmte uit grondwater alleen niet voldoende om in de verwarmingsbehoeften van een stad als Berlijn of een land als Duitsland te voorzien.",warmte,Negative,Negative,0.8114,[20],Berlijn,city,Berlijn,city,Bestanden (500) (5).RTF,/Users/Yannick/dev/geothermal_text_mining/input_data/dutch/Bestanden (500) (5).RTF,Friesch Dagblad,20 November 2023,"De grond- watertem- peratuur stijgt al tientallen jaren Alleen al in Berlijn zouden ondergrondse parkeergarages genoeg energie leveren aan het grondwater om 14.660 gezinnen van warmte te voorzien, stellen de onderzoekers in het tijdschrift Science of The Total Environment. Met behulp van aardwarmte en warmtepompen kan die warmte uit de bodem worden gehaald en benut. Het team mat de temperatuur in meer dan dertig ondergrondse parkeergarages in steden in Duitsland, Oostenrijk en Zwitserland. Daaruit blijkt dat de garages het grondwater het hele jaar door opwarmen. Het aantal auto's in de garage en de nabijheid van het grondwater spelen een belangrijke rol. Dieper gelegen ,,Openbare ondergrondse parkeergarages verwarmen het grondwater meer dan private garages, omdat ze vaak dieper zijn en de auto's er doorgaans korter parkeren"", zegt Maximilian Noethen, geowetenschapper aan de Martin Luther University Halle-Wittenberg. Volgens het team kunnen geothermische energie en warmtepompen helpen die overtollige warmte te benutten. ,,Dat zou ook als voordeel hebben dat er energie uit het grondwater wordt gehaald en dat het daardoor afkoelt"", zegt Noethen. De grondwatertemperatuur stijgt al tientallen jaren als gevolg van de opwarming van de aarde. In steden wordt dat nog verergerd door dichte bebouwing, verharding en gebrek aan planten en bomen. Omdat de organismen in het grondwater zijn aangepast aan constante temperaturen, kan ook de soortensamenstelling veranderen, en dat kan de kwaliteit van het grondwater aantasten. Het team berekende het potentieel voor 5040 ondergrondse parkeergarages in Berlijn. Omdat die zich vaak in de centrale wijken van de Duitse hoofdstad bevinden, in of nabij het grondwater, wordt daar bijzonder veel warmte aan het grondwater afgegeven: jaarlijks zo'n 0,65 petajoule. Daarmee zouden theoretisch zo'n 14.660 huizen van warmte kunnen worden voorzien. ,,Natuurlijk is warmte uit grondwater alleen niet voldoende om in de verwarmingsbehoeften van een stad als Berlijn of een land als Duitsland te voorzien. De temperatuur van het ondiepe grondwater is niet hoog genoeg om zonder warmtepomp warmte te leveren"", zegt professor Geowetenschappen Peter Bayer. ,,Maar we weten uit eerdere onderzoeken wel dat het potentieel voor geothermie veel verder gaat, en dat het in belangrijke mate kan bijdragen aan duurzame warmte."" Link naar PDF",Friesch Dagblad,Friesland,city,Berlijn,berlijn,berlijn,city,"Berlijnstraat, Lage Veld, Wateringse Veld, Escamp, Den Haag, Zuid-Holland, Nederland, 2548 BS, Nederland",nominatim,geocode,52.0224134,4.2925002,POINT (4.2925002 52.0224134),,'s-Gravenhage,Zuid-Holland,sentences_points,1,Comparing locations,duitsland,PV28,GM0518,4.2925002,52.0224134
f3dce66b0435484eaa8ad45204e559b9,196,35,Daarna stak den Haag nog eens anderhalf miljoen in de afhandeling van het faillissement.,faillissement,Negative,Negative,0.9482,[13],Den Haag,city,Den Haag,city,Bestanden (501-1000) (1).RTF,/Users/Yannick/dev/geothermal_text_mining/input_data/dutch/Bestanden (501-1000) (1).RTF,AD/Haagsche Courant,21 December 2020,"Zou het? Echt? Wordt er in Den Haag Zuidwest straks werkelijk vanuit tweeduizend meter diepte aardwarmte opgepompt om duizenden Haagse woningen te gaan verwarmen? Vergeef de cynicus zijn argwaan. In 2012 werd de aardwarmtecentrale aan de Leyweg al groots geopend door kroonprins Willem Alexander in aanwezigheid van 175 genodigden. Wat niemand erbij zei, was dat het ding het helemaal niet deed. En ook helemaal niet zou gaan doen. Met dank aan de financiële crisis waren er op dat moment nauwelijks huizen om de Haagse aardwarmte op aan te sluiten. En alsof dat nog niet erg genoeg was, deed de lokale geothermiebron het door technische problemen ook niet. Het leidde een jaar later tot het faillissement van de aardwarmtecentrale in Zuidwest. De gemeente Den Haag en drie lokale woningbouwcorporaties raakten meer dan 10 miljoen euro kwijt aan het prestigeproject dat bij elkaar ruim 20 miljoen euro had gekost. Daarna stak den Haag nog eens anderhalf miljoen in de afhandeling van het faillissement. Zeven jaar later lijkt de doorstart dan toch te lukken. De nieuwe partijen profiteren van de bestaande boorputten en enkele duurzaamheidssubsidies. Om rendabel te kunnen draaien hadden ze anders dubbel zo veel woningen moeten aansluiten. mislukt",AD/Haagsche Courant,Den Haag,city,Den Haag,den haag,den haag,city,"Den Haag, Zuid-Holland, Nederland",nominatim,geocode,52.0799838,4.3113461,POINT (4.3113461 52.0799838),,'s-Gravenhage,Zuid-Holland,sentences_points,0,,,PV28,GM0518,4.3113461,52.0799838
a3efbe51985d46718f4f0be115fbe9d9,775,36,Daarnaast is het gebouw ook toegankelijk voor het brede publiek.,gebouw,Positive,Positive,0.9941,[3],Nieuwpoort,city,Nieuwpoort,city,Bestanden (500) (4).RTF,/Users/Yannick/dev/geothermal_text_mining/input_data/dutch/Bestanden (500) (4).RTF,De Krant van West-Vlaanderen,,"NIEUWPOORT - Exact 100 jaar na de bouw van het Grand Hotel, zal het iconische gebouw weer uit zijn as verrijzen. Het nieuwe prestigeproject wordt dé blikvanger van Nieuwpoort en zal verschillende functies vervullen. De nieuwe syndicus van The Grand is Wim Demeester van Immo Group-S. ""Het doel is om een gezond evenwicht te creëren tussen oude en nieuwe architectuur zodat het gebouw weer de status krijgt dat het verdient"", zegt hij. Circulair conceptBelevingsplein The Grand krijgt verschillende functies. Zo biedt het complex plaats aan 70 appartementen met verschillende oppervlaktes. Daarnaast is het gebouw ook toegankelijk voor het brede publiek. De iconische bar en het restaurant aan de kant van de zeedijk worden volledig gerenoveerd. Aan de kant van de Albert I-laan is dan weer ruimte voorzien voor ruime handelspanden. ""De veelzijdigheid van The Grand zorgt ervoor dat iedereen weer ten volle van deze historisch parel kan genieten"", aldus Wim Demeester. In het circulaire concept van The Grand wordt gebruikgemaakt van moderne en duurzame technieken zoals geothermie, zonnepanelen en maximale terugwinning van de geproduceerde warmte. Zo wordt het verbruik tot een absoluut minimum beperkt. Daarbovenop zal het gebouw zonder fossiele brandstoffen gekoeld en verwarmd worden. Daardoor genieten alle appartementen van een ideale winter- én zomertemperatuur. ""De duurzame en ecologische technieken zijn een voorbeeld van hoe je historische en iconische gebouwen een tweede leven kunt geven"", vertelt de nieuwe syndicus Wim Demeester. Naast de heropleving van The Grand krijgt ook de omgeving rond het project een extra boost. Zo krijgt eveneens het Hendrikaplein een nieuw leven. De bovengrondse parking zal een belevingsplein worden waarop kinderen zich kunnen uitleven, bezoekers even kunnen uitrusten en evenementen kunnen worden georganiseerd. The Grand en de omgeving daarrond worden dé trekpleister van Nieuwpoort-Bad. ""Het is natuurlijk een hele eer om syndicus van dit prestigeproject te mogen zijn"", besluit Wim Demeester. ""Ik ben ervan overtuigd dat dit Nieuwpoort een extra boost zal geven."" (PG)",De Krant van West-Vlaanderen,,city,Nieuwpoort,nieuwpoort,nieuwpoort,city,"Nieuwpoort, Molenlanden, Zuid-Holland, Nederland",nominatim,geocode,51.9353893,4.868505,POINT (4.868505 51.9353893),,Molenlanden,Zuid-Holland,sentences_points,0,,,PV28,GM1978,4.868505,51.9353893
09f66f4399e240f5931332acb6fd5eaa,612,37,Daarom eist ze van het bedrijf dat de aardwarmte uit de grond wil pompen onder meer dat die specifieke beheersmaatregelen neemt.,bedrijf,Negative,Negative,0.9949,[5],Delft,city,Delft,city,Bestanden (500) (4).RTF,/Users/Yannick/dev/geothermal_text_mining/input_data/dutch/Bestanden (500) (4).RTF,AD/Haagsche Courant,5 March 2024,"Extra risico's door ongeluk bij boring Door het kilometerslange gat is het mogelijk dat waterstromen 'ongewenst doorlekken' naar diepere aardlagen, meldt Staatstoezicht op de Mijnen in een brief aan het aardwarmtebedrijf Geothermie Delft (GTD). Als gevolg van de boringen in de Delftse bodem is daarnaast ook de kans dat aardbevingen ontstaan 'niet verwaarloosbaar klein', schrijft de toezichthouder van het Ministerie van Economische Zaken en Klimaat. Daarom eist ze van het bedrijf dat de aardwarmte uit de grond wil pompen onder meer dat die specifieke beheersmaatregelen neemt. Doet GTD dat onvoldoende, dan krijgt het bedrijf problemen met het verkrijgen van een vergunning van het ministerie. Technische fout Staatstoezicht op de Mijnen noemt in een advies bijvoorbeeld dat het bedrijf een speciale pot voor eventuele schade moet reserveren. Volgens de berekeningen van verschillende adviseurs bestaat een kans op 'cosmetische schade' van gebouwen in het gebied als gevolg van mogelijke 'seismische activiteit'. Door een technische fout bij het boren is het afgelopen najaar al misgegaan in Delft, vertelt de woordvoerder van het aardwarmtebedrijf. Of het te voorkomen viel, wil het bedrijf niet zeggen. Het ongeluk met de boorkop komt nu aan het licht doordat GTD een startvergunning heeft aangevraagd. Alle adviezen die zijn gegeven over het project zijn daarom begin vorige maand officieel openbaar gemaakt, zodat omwonenden en andere belanghebbenden ze kunnen inzien. ,,Boringen in de diepe ondergrond lukken niet altijd. Het boorgat is een open gat tijdens de boring en het gebeurt vaker dat zo'n gang instort"", vertelt de GTD-woordvoerder. Bij de boring in Delft stortte het boorgat in toen er in een aardlaag van kleisteen werd gedrild en een boorkop onwrikbaar kwam vast te zitten. ,,Het is de verwachting dat de gang vanzelf sluit. Door druk in de bodem zal de gang worden gedicht"", weet de woordvoerder. Boorkop slaat gat in bodem In Vierpolders wordt al volop aardwarmte uit de ondergrond gewonnen. Foto Arie Kievit Boorkop slaat gat in bodem",AD/Haagsche Courant,Den Haag,city,Delft,delft,delft,city,"Delft, Zuid-Holland, Nederland",nominatim,geocode,51.9994572,4.3627245,POINT (4.3627245 51.9994572),,Delft,Zuid-Holland,sentences_points,0,,,PV28,GM0503,4.3627245,51.9994572
354d6b48343b4723a07345d41cc1e46d,580,38,Daaruit blijkt dat de garages het grondwater het hele jaar door opwarmen.,garages,Negative,Negative,0.9922,[4],Berlijn,city,Berlijn,city,Bestanden (500) (5).RTF,/Users/Yannick/dev/geothermal_text_mining/input_data/dutch/Bestanden (500) (5).RTF,Friesch Dagblad,20 November 2023,"De grond- watertem- peratuur stijgt al tientallen jaren Alleen al in Berlijn zouden ondergrondse parkeergarages genoeg energie leveren aan het grondwater om 14.660 gezinnen van warmte te voorzien, stellen de onderzoekers in het tijdschrift Science of The Total Environment. Met behulp van aardwarmte en warmtepompen kan die warmte uit de bodem worden gehaald en benut. Het team mat de temperatuur in meer dan dertig ondergrondse parkeergarages in steden in Duitsland, Oostenrijk en Zwitserland. Daaruit blijkt dat de garages het grondwater het hele jaar door opwarmen. Het aantal auto's in de garage en de nabijheid van het grondwater spelen een belangrijke rol. Dieper gelegen ,,Openbare ondergrondse parkeergarages verwarmen het grondwater meer dan private garages, omdat ze vaak dieper zijn en de auto's er doorgaans korter parkeren"", zegt Maximilian Noethen, geowetenschapper aan de Martin Luther University Halle-Wittenberg. Volgens het team kunnen geothermische energie en warmtepompen helpen die overtollige warmte te benutten. ,,Dat zou ook als voordeel hebben dat er energie uit het grondwater wordt gehaald en dat het daardoor afkoelt"", zegt Noethen. De grondwatertemperatuur stijgt al tientallen jaren als gevolg van de opwarming van de aarde. In steden wordt dat nog verergerd door dichte bebouwing, verharding en gebrek aan planten en bomen. Omdat de organismen in het grondwater zijn aangepast aan constante temperaturen, kan ook de soortensamenstelling veranderen, en dat kan de kwaliteit van het grondwater aantasten. Het team berekende het potentieel voor 5040 ondergrondse parkeergarages in Berlijn. Omdat die zich vaak in de centrale wijken van de Duitse hoofdstad bevinden, in of nabij het grondwater, wordt daar bijzonder veel warmte aan het grondwater afgegeven: jaarlijks zo'n 0,65 petajoule. Daarmee zouden theoretisch zo'n 14.660 huizen van warmte kunnen worden voorzien. ,,Natuurlijk is warmte uit grondwater alleen niet voldoende om in de verwarmingsbehoeften van een stad als Berlijn of een land als Duitsland te voorzien. De temperatuur van het ondiepe grondwater is niet hoog genoeg om zonder warmtepomp warmte te leveren"", zegt professor Geowetenschappen Peter Bayer. ,,Maar we weten uit eerdere onderzoeken wel dat het potentieel voor geothermie veel verder gaat, en dat het in belangrijke mate kan bijdragen aan duurzame warmte."" Link naar PDF",Friesch Dagblad,Friesland,city,Berlijn,berlijn,berlijn,city,"Berlijnstraat, Lage Veld, Wateringse Veld, Escamp, Den Haag, Zuid-Holland, Nederland, 2548 BS, Nederland",nominatim,geocode,52.0224134,4.2925002,POINT (4.2925002 52.0224134),,'s-Gravenhage,Zuid-Holland,sentences_points,0,,,PV28,GM0518,4.2925002,52.0224134
135d2e3d9d9549dbbeba4bbe7157459a,424,39,"Dan gaat het vooral om een technische uitwerking, met de locaties van de buizen, diameters en drukopbouw.",buizen,Negative,Negative,0.7477,[14],Den Haag,city,Den Haag,city,Bestanden (500) (7).RTF,/Users/Yannick/dev/geothermal_text_mining/input_data/dutch/Bestanden (500) (7).RTF,AD/Haagsche Courant,9 April 2022,"Haagse huizen in het stadsdeel Escamp worden volgend jaar verwarmd met Westlandse aardwarmte. Westland en Den Haag gaan daarvoor samen één warmtenet realiseren dat bronnen in beide gemeenten met elkaar verbindt. De uitwisseling van warmte kan volgend jaar al beginnen. Westland en Den Haag hebben een studie naar de haalbaarheid van warmteverbindingen tussen beide gemeenten laten uitvoeren. In deze studie komt naar voren dat er een viertal opties voor koppelleidingen tussen het Westlandse en Haagse warmtenet kunnen worden uitgewerkt. Den Haag zet in op duurzame lokale bronnen zoals aardwarmte. In de Haagse ondergrond is ruimte voor vijftien geschikte locaties voor aardwarmte. Dat is niet genoeg. Met name in het stadsdeel Escamp is er een tekort. Daar kan naast de al bestaande aardwarmtebron aan de Leyweg verder nergens aardwarmte naar boven worden gehaald. De gemeente Westland gaat een groot aantal aardwarmtebronnen ontwikkelen en zal ruim genoeg warmte kunnen opwekken. Voor beide partijen is het aantrekkelijk als Den Haag warmte overneemt uit Westland. Westland en Den Haag willen nu samen met diverse marktpartijen één van de opties, het warmtenet in Westland verbinden met Wateringse Veld in Den Haag, verder uitwerken. Dan gaat het vooral om een technische uitwerking, met de locaties van de buizen, diameters en drukopbouw. Met de koppeling kan het bestaande warmtenet Wateringse Veld worden 'verduurzaamd' en kan aardwarmte worden geleverd aan toekomstige warmtenetten in het stadsdeel Escamp. Fred Vermeer",AD/Haagsche Courant,Den Haag,city,Den Haag,den haag,den haag,city,"Den Haag, Zuid-Holland, Nederland",nominatim,geocode,52.0799838,4.3113461,POINT (4.3113461 52.0799838),,'s-Gravenhage,Zuid-Holland,sentences_points,0,,,PV28,GM0518,4.3113461,52.0799838
be31a074c286412fb1750bf9f591060c,354,40,Dat betekent dus dat de provincie in dat geval geen mogelijkheid heeft om de zaak aan de rechter voor te leggen.,provincie,Negative,Negative,0.9875,[5],Leiden,city,Leiden,city,Bestanden (1500-1862).RTF,/Users/Yannick/dev/geothermal_text_mining/input_data/dutch/Bestanden (1500-1862).RTF,Leidsch Dagblad,12 November 2021,"Leiden De provincie Zuid-Holland maakt bezwaar tegen de vergunningen die het ministerie van Economische Zaken heeft verleend voor het boren naar aardwarmte in de Leidse regio, de Duin- en Bollenstreek en het westelijk deel van de Rijn- en Veenstreek. Het provinciebestuur is bang dat de diepe boringen het grondwater in gevaar brengen. Dat schrijven gedeputeerden Meindert Stolk en Jeanette Baljeu in een brief aan Provinciale Staten. Het ministerie heeft eind augustus vier vergunningen verleend voor deels overlappende gebieden in de regio. Twee concessies vallen voor een deel samen met een gebied dat een beschermde status heeft in verband met de winning van drinkwater uit grondwater. Voor de twee andere gebieden loopt er een aanvraag voor de aanwijzing als grondwaterbeschermingsgebied. Dat geldt onder andere voor het gebied tussen Valkenburg en Wassenaar, waar drinkwaterbedrijf Dunea onderzoek doet naar het gebruik van oppervlaktewater voor de productie van drinkwater. De grootste concessie is in handen van een samenwerkingsverband van Shell en D4. Dat laatste bedrijf is actief in alle vormen van groene energie en was ook betrokken bij de Warmterotonde. Het zoekgebied van het consortium beslaat grofweg de driehoek tussen Katwijk, De Zilk en het Braassemermeer, inclusief een strook voor de kust. Op zijn website spreekt het consortium de hoop uit dat het al over twee tot drie jaar mogelijk moet zijn om in dat gebied naar aardwarmte te boren. Verder valt er te lezen dat de winning van aardwarmte 'mits veilig en verantwoord' gedaan kan worden 'zonder impact op drinkwatervoorzieningen'. Bovendien, zo wordt gemeld, 'is het in Nederland niet toegestaan om in drinkwaterwingebieden naar aardwarmte te boren'. In hun brief aan Provinciale Staten schrijven de twee gedeputeerden dat het iets genuanceerder ligt. De Mijnbouwwet biedt het ministerie de mogelijkheid om het boren naar aardwarmte in drinkwatergebieden te verbieden, maar Economische Zaken heeft ervoor gekozen om geen gebruik te maken van die mogelijkheid. Wanneer het ministerie de bezwaren van de provincie naast zich neerlegt, biedt de Mijnbouwwet geen mogelijkheden voor hoger beroep. Dat betekent dus dat de provincie in dat geval geen mogelijkheid heeft om de zaak aan de rechter voor te leggen. Aardwarmte Op een diepte van 500 meter tot vier kilometer zit warm water in de aardbodem die kan worden gebruikt voor verwarming. Op dit moment wordt de methode nog vooral toegepast in kassen, maar er zijn plannen om de winning en het gebruik fors uit te breiden. Aardwarmte wordt algemeen gezien als een belangrijke toekomstige warmtebron. PDF-bestand van dit document",Leidsch Dagblad,Leiden,city,Leiden,leiden,leiden,city,"Leiden, Zuid-Holland, Nederland",nominatim,geocode,52.1594747,4.4908843,POINT (4.4908843 52.1594747),,Leiden,Zuid-Holland,sentences_points,0,,,PV28,GM0546,4.4908843,52.1594747
9e1069a02209462caae7ab1ffa2c60f4,504,41,"Dat betekent ook dat de WKK tegen die tijd minder interessant is', zeiJeroen Larrivee van BlueTerra tijdens de jaarlijkse Meet & Greet Energie van Greenport West-Holland op 15 december in het Zuid-Hollandse Naaldwijk.",WKK,Negative,Negative,0.9751,[5],Naaldwijk,city,Naaldwijk,city,Bestanden (500) (6).RTF,/Users/Yannick/dev/geothermal_text_mining/input_data/dutch/Bestanden (500) (6).RTF,Nieuwe Oogst,24 December 2022,"Kimberly Bakker De glastuinbouw gaat de komende jaren zwaarder leunen op het elektriciteitsnetwerk. Dat heeft te maken met de uitfasering van de warmtekrachtkoppeling (WKK). 'Als sector willen we in 2040 klimaatneutraal produceren. In zo'n scenario ga je ervan uit dat er geen aardgas meer wordt gebruikt. Dat betekent ook dat de WKK tegen die tijd minder interessant is', zeiJeroen Larrivee van BlueTerra tijdens de jaarlijkse Meet & Greet Energie van Greenport West-Holland op 15 december in het Zuid-Hollandse Naaldwijk. Hoe snel die uitfasering precies zal gaan, is nog onduidelijk. Dat hangt volgens Larrivee af van de ontwikkelingen op de elektriciteitsmarkt. 'Wat ik wel met zekerheid durf te zeggen, is dat WKK's in 2030 nog niet van de aardbodem zijn verdwenen. Dat te kort dag. Al verwacht ik wel dat ze dan een stuk minder veel draaien.' Aardwarmte is een van de veelgenoemde vervangers voor de WKK. Als de geothermieprojecten goed van de grond komen, dan is er volgens Larrivee veel potentie. 'Dan kan misschien wel 80 procent van de belichte teelt worden aangesloten op aardwarmtenetwerken.' Dat betekent overigens niet dat bedrijven al hun warmte uit geothermie gaan halen. Larrivee verwacht dat tuinbouwbedrijven in de toekomst een grotere energiemix toepassen. 'Denk aan een combinatie van aardwarmte, e-boilers en een warmtepomp.' Waterstof ziet hij niet als veelgekozen vervanger voor de WKK. 'Het is en blijft te duur.' Een uitdaging is dat tuinbouwbedrijven in 2040 waarschijnlijk in mindere mate hun eigen energie opwekken, zoals dat nu met de WKK juist veelvuldig gebeurt. Dat betekent dat er een verschuiving gaat plaatsvinden van eigen productie en verkoop van energie naar inkoop van energie. Daar ligt een puzzel voor netbeheerders. 'Er moet voldoende ruimte zijn op het elektriciteitsnet', zegt Larrivee. Tennet investeert volop Robert Kuik van netbeheerder Tennet wordt niet zenuwachtig van het verhaal van Larrivee. 'Er zijn nu vierhonderd projecten in Nederland', zegt hij. 'De komende tien jaar investeren we zo'n 13 miljard euro in het hoogspanningsnet, dus ik denk dat we goed zijn voorbereid op elektrificatie.' In Zuid-Holland wordt de komende jaren 100 miljoen euro geïnvesteerd. 'Dat is relatief weinig in verhouding tot die 13 miljard euro. Dat komt omdat we in 2009 al forse investeringen hebben gedaan in het versterken van het elektriciteitsnetwerk in deze regio. Precies daarom maak ik mij geen zorgen over de energietransitie in de tuinbouwregio's', licht Kuik toe. Maar om niet voor verrassingen te komen staan, is het volgens Kuik belangrijk dat tuinders en netbeheerders blijven samenwerken. 'We moeten elkaar opzoeken, in gesprek gaan en plannen ontvouwen. Dat is cruciaal om ervoor te zorgen dat het elektriciteitsnetwerk ook in de toekomst goed functioneert. De energietransitie is niet voor niets een gezamenlijk opgave.' Als geothermie goed van de grond komt, verwacht Jeroen Larrivee dat 80 procent van de belichte teelt hier in de toekomst op aangesloten is. Foto: Greenport West-Holland",Nieuwe Oogst,Nederland,city,Naaldwijk,naaldwijk,naaldwijk,city,"Naaldwijk, Westland, Zuid-Holland, Nederland",nominatim,geocode,51.9930016,4.2074197,POINT (4.2074197 51.9930016),,Westland,Zuid-Holland,sentences_points,0,,,PV28,GM1783,4.2074197,51.9930016
cca33822075a42e6a85a6e88277e5b31,682,42,"Dat het in Delft lukt een nieuw warmtenet te bouwen, is opmerkelijk.",warmtenet,Positive,Positive,0.9971,[7],Delft,city,Delft,city,1-500.RTF,/Users/Yannick/dev/geothermal_text_mining/input_data/dutch/1-500.RTF,de Volkskrant,31 January 2025,"Economie Terwijl de uitbreiding van bestaande warmtenetten op veel plekken is vastgelopen, wordt in Delft juist een geheel nieuw warmtenet aangelegd. Binnen twee jaar moeten zesduizend bestaande huurwoningen op het net worden aangesloten. Dat heeft NetVerder bekendgemaakt, een zusteronderneming van netbeheerder Stedin. Het bedrijf, met 61 gemeenten, twee provincies en de rijksoverheid als aandeelhouders, is deze maand officieel met de bouw van de voorziening begonnen. Nog eind dit jaar moeten de eerste huizen worden aangesloten in de wijken Voorhof en Buitenhof, en de campus van de TU Delft. De energie komt deels uit een aardwarmtebron, waarbij heet water van zo'n 2.500 meter onder de stad wordt opgepompt. Daardoor zijn de bewoners straks minder afhankelijk van fluctuerende stroom- en gasprijzen. Op termijn zouden zelfs vijftienduizend woningen op het net kunnen worden aangesloten. Dat het in Delft lukt een nieuw warmtenet te bouwen, is opmerkelijk. De laatste jaren zijn er vooral veel berichten over vastgelopen plannen voor collectieve warmtevoorziening. Daarbij gaat het met name om de uitbreiding van bestaande warmtenetten voor bestaande woningen. Bewoners waren vaak duurder uit als hun cv was vervangen door een warmte-aansluiting. Vorig jaar leidde dat in diverse buurten tot groot verzet. Onder meer in Amsterdam en Rotterdam zijn gemeenten, energiebedrijven en woningcorporaties gestopt met lopende projecten. Volgens NetVerder lukt het in Delft wel om een voor bewoners aantrekkelijk net aan te leggen, omdat alle partijen die bij de aanleg zijn betrokken elkaar vertrouwen en volledig open zijn over hun financiën.",de Volkskrant,,city,Delft,delft,delft,city,"Delft, Zuid-Holland, Nederland",nominatim,geocode,51.9994572,4.3627245,POINT (4.3627245 51.9994572),,Delft,Zuid-Holland,sentences_points,0,,,PV28,GM0503,4.3627245,51.9994572
d557647587f04acda9ec5196f9e335fb,753,43,Dat houdt in dat warmte uit de diepe ondergrond wordt gehaald om woningen op te warmen.,warmte,Negative,Negative,0.9814,[4],Mariahoeve,site,Mariahoeve,site,1-500.RTF,/Users/Yannick/dev/geothermal_text_mining/input_data/dutch/1-500.RTF,AD/Haagsche Courant,15 December 2025,"Zo wordt er nu gekeken hoe afvalwater kan worden gebruikt om woningen op te warmen zonder aardgas. Het water stroomt nu naar de Noordzee, maar aangezien het een warmte heeft van ongeveer twintig graden, zou het mogelijk ook ergens anders voor kunnen dienen. Alle woningen in de stad zouden op schone energie moeten draaien, als het aan de gemeente Den Haag ligt. Het halen van warmte uit water is daar de ideale oplossing voor. 'De kansen voor het gebruik van het gezuiverde afvalwater zijn groot. Dus graag zoeken we samen met het Hoogheemraadschap verder uit waar en hoe we deze warmte kunnen inzetten', laat wethouder Arjen Kapteijns (energietransitie) weten in een persbericht. Als het onderzoek positieve resultaten oplevert, zou het mogelijk zo'n 20.000 huishoudens in Den Haag kunnen opwarmen zonder fossiele brandstoffen te gebruiken. De reden dat het niet meer huizen kan helpen, is dat er niet genoeg ruimte is voor de warmtepompen die het water verder moeten opwarmen. En dus wordt er ook gekeken naar andere projecten. Geothermie Zo wordt er momenteel onderzoek gedaan naar een geothermiebron in de wijk Mariahoeve. Dat houdt in dat warmte uit de diepe ondergrond wordt gehaald om woningen op te warmen. Water dat op zo'n twee of drie kilometer diepte in de aarde ligt, bereikt namelijk zo'n 70 tot 90 graden en biedt een perfecte oplossing. De werkplaats van het Hoogheemraadschap Delfland.",AD/Haagsche Courant,Den Haag,site,Mariahoeve,mariahoeve,mariahoeve,site,"Mariahoeve, Haagse Hout, Den Haag, Zuid-Holland, Nederland, 2592 HD, Nederland",nominatim,geocode,52.0937664,4.3581345,POINT (4.3581345 52.0937664),,'s-Gravenhage,Zuid-Holland,sentences_points,0,,,PV28,GM0518,4.3581345,52.0937664
8c09623f5f6d4f2dbe0631e9b8be53ad,504,44,Dat is cruciaal om ervoor te zorgen dat het elektriciteitsnetwerk ook in de toekomst goed functioneert.,elektriciteitsnetwerk,Positive,Positive,0.9969,[9],Naaldwijk,city,Naaldwijk,city,Bestanden (500) (6).RTF,/Users/Yannick/dev/geothermal_text_mining/input_data/dutch/Bestanden (500) (6).RTF,Nieuwe Oogst,24 December 2022,"Kimberly Bakker De glastuinbouw gaat de komende jaren zwaarder leunen op het elektriciteitsnetwerk. Dat heeft te maken met de uitfasering van de warmtekrachtkoppeling (WKK). 'Als sector willen we in 2040 klimaatneutraal produceren. In zo'n scenario ga je ervan uit dat er geen aardgas meer wordt gebruikt. Dat betekent ook dat de WKK tegen die tijd minder interessant is', zeiJeroen Larrivee van BlueTerra tijdens de jaarlijkse Meet & Greet Energie van Greenport West-Holland op 15 december in het Zuid-Hollandse Naaldwijk. Hoe snel die uitfasering precies zal gaan, is nog onduidelijk. Dat hangt volgens Larrivee af van de ontwikkelingen op de elektriciteitsmarkt. 'Wat ik wel met zekerheid durf te zeggen, is dat WKK's in 2030 nog niet van de aardbodem zijn verdwenen. Dat te kort dag. Al verwacht ik wel dat ze dan een stuk minder veel draaien.' Aardwarmte is een van de veelgenoemde vervangers voor de WKK. Als de geothermieprojecten goed van de grond komen, dan is er volgens Larrivee veel potentie. 'Dan kan misschien wel 80 procent van de belichte teelt worden aangesloten op aardwarmtenetwerken.' Dat betekent overigens niet dat bedrijven al hun warmte uit geothermie gaan halen. Larrivee verwacht dat tuinbouwbedrijven in de toekomst een grotere energiemix toepassen. 'Denk aan een combinatie van aardwarmte, e-boilers en een warmtepomp.' Waterstof ziet hij niet als veelgekozen vervanger voor de WKK. 'Het is en blijft te duur.' Een uitdaging is dat tuinbouwbedrijven in 2040 waarschijnlijk in mindere mate hun eigen energie opwekken, zoals dat nu met de WKK juist veelvuldig gebeurt. Dat betekent dat er een verschuiving gaat plaatsvinden van eigen productie en verkoop van energie naar inkoop van energie. Daar ligt een puzzel voor netbeheerders. 'Er moet voldoende ruimte zijn op het elektriciteitsnet', zegt Larrivee. Tennet investeert volop Robert Kuik van netbeheerder Tennet wordt niet zenuwachtig van het verhaal van Larrivee. 'Er zijn nu vierhonderd projecten in Nederland', zegt hij. 'De komende tien jaar investeren we zo'n 13 miljard euro in het hoogspanningsnet, dus ik denk dat we goed zijn voorbereid op elektrificatie.' In Zuid-Holland wordt de komende jaren 100 miljoen euro geïnvesteerd. 'Dat is relatief weinig in verhouding tot die 13 miljard euro. Dat komt omdat we in 2009 al forse investeringen hebben gedaan in het versterken van het elektriciteitsnetwerk in deze regio. Precies daarom maak ik mij geen zorgen over de energietransitie in de tuinbouwregio's', licht Kuik toe. Maar om niet voor verrassingen te komen staan, is het volgens Kuik belangrijk dat tuinders en netbeheerders blijven samenwerken. 'We moeten elkaar opzoeken, in gesprek gaan en plannen ontvouwen. Dat is cruciaal om ervoor te zorgen dat het elektriciteitsnetwerk ook in de toekomst goed functioneert. De energietransitie is niet voor niets een gezamenlijk opgave.' Als geothermie goed van de grond komt, verwacht Jeroen Larrivee dat 80 procent van de belichte teelt hier in de toekomst op aangesloten is. Foto: Greenport West-Holland",Nieuwe Oogst,Nederland,city,Naaldwijk,naaldwijk,naaldwijk,city,"Naaldwijk, Westland, Zuid-Holland, Nederland",nominatim,geocode,51.9930016,4.2074197,POINT (4.2074197 51.9930016),,Westland,Zuid-Holland,sentences_points,0,,,PV28,GM1783,4.2074197,51.9930016
6b7ba6bdefb74241b14ec648d43e4197,668,45,Dat liep spaak omdat de gemeente zelf geen geld had om proefboringen te laten uitvoeren.,gemeente,Negative,Negative,0.994,[5],Gorinchem,city,Gorinchem,city,1-500.RTF,/Users/Yannick/dev/geothermal_text_mining/input_data/dutch/1-500.RTF,AD/Rivierenland,12 December 2024,"Mooi en Duurzaam Gorinchem komt met alternatief Hij heeft dat alternatief niet alleen bedacht, maar deed een beroep op deskundigen van Pondera, een bureau dat onderzoek doet en advies biedt op het gebied van schone energie. Daarnaast mobiliseerde hij nog enkele regiobewoners: ingenieurs en innovatiemanagers die verstand van zaken hebben als het om de energietransitie gaat. Hun eerste bevindingen zijn inmiddels naar Gorcumse gemeenteraadsleden gestuurd. Stichting Mooi en Duurzaam Gorinchem is ontstaan doordat tegenstanders van windturbines op Avelingen, onder wie ondernemers en inwoners, zich verenigden. Onder invloed van die weerstand besloot Gorinchem om het gebied nabij de Merwedebrug te schrappen als zoeklocatie voor windenergie. De provincie Zuid-Holland houdt die optie open wanneer Gorinchem en Molenlanden hun belofte voor groene energie niet kunnen inlossen. De stichting blijft tegenargumenten geven om deze niet te plaatsen, onder meer als het gaat om de gezondheid van omwonenden. En nu komt Mooi en Duurzaam Gorinchem met een alternatieve energiebron. Huizen ,,Het is gemakkelijk om te zeggen: Niet doen! Maar wij willen wel een alternatief bieden én dat ligt naar onze mening in aardwarmte'', zegt voorman Peter Verschoor. Met aardwarmte - warm water dat uit de bodem wordt opgepompt - kunnen huizen via een gesloten systeem worden verwarmd. Het afgekoelde water gaat terug de diepte van de aarde in waar het opnieuw wordt opgewarmd. ,,Dit gebeurt al op meerdere plekken in ons land: dat zou ook in Gorinchem moeten kunnen.'' Voor die verkenning kwamen medio september deskundigen, ondernemers en een Statenlid bijeen bij Damen Shipyards, dat zelf ook zoekt naar duurzame energiebronnen. ,,Dit was in eerste instantie bedoeld als kennisuitwisseling rond technologische innovaties, ontwikkelingen en pilots op het gebied van duurzame energie. We willen allemaal op de een of andere manier willen investeren in een duurzame toekomst.'' Al tijdens die bijeenkomst lieten deskundigen van Pondera doorschemeren dat de regio Alblasserwaard-Vijfheerenlanden potentie heeft voor aardwarmtewinning. ,,Er liggen pockets met water onder onze voeten die qua temperatuur, diepte en volume geschikt zijn voor geothermie. De voorlopige voorzichtige conclusie is dat dit een aantrekkelijke optie is die nader onderzoek vraagt. Het voordeel van aardwarmte is dat dit de klok rond beschikbaar is, in tegenstelling tot zonne- en windenergie'', zegt Verschoor. Stichting Mooi en Duurzaam Gorinchem en haar deskundigen staan niet alleen in hun conclusie dat aardwarmte een alternatief kan zijn voor fossiele brandstoffen. Energie Beheer Nederland, dat namens de staat betrokken is bij energiewinning, concludeerde najaar 2020 al na eigen onderzoek dat ruim een kwart van de Nederlandse woningen in de toekomst verwarmd zou kunnen worden met warmte uit de aardbodem. Zelfs Gorinchem deed zo'n vijftien jaar geleden onderzoek naar geothermie. Dat liep spaak omdat de gemeente zelf geen geld had om proefboringen te laten uitvoeren. Energiemaatschappijen die werden benaderd, hadden geen interesse om te investeren. ,,In het hele land zijn proef- boringen. Als je als gemeente weet dat er kansen liggen, waarom onderzoek je die niet alsnog?'', aldus Verschoor. Dit gebeurt al op meerdere plekken in ons land: dat zou ook in Gorinchem moeten kunnen Peter Verschoor",AD/Rivierenland,Rivierenland (Gelderland),city,Gorinchem,gorinchem,gorinchem,city,"Gorinchem, Zuid-Holland, Nederland",nominatim,geocode,51.8296133,4.9738743,POINT (4.9738743 51.8296133),,Gorinchem,Zuid-Holland,sentences_points,0,,,PV28,GM0512,4.9738743,51.8296133
5a8eb2e7d7364c29866af62c8c6214b9,460,46,Dat stelde de advocaat van Hoogweg tijdens een spoedzitting bij de Raad.,advocaat,Negative,Negative,0.6274,[3],Den Haag,city,Den Haag,city,Bestanden (500) (6).RTF,/Users/Yannick/dev/geothermal_text_mining/input_data/dutch/Bestanden (500) (6).RTF,De Noordoostpolder,10 August 2022,"Den Haag Het bedrijf Hoogweg Aardwarmte is donderdag naar de Raad van State in Den Haag gestapt om zijn voortbestaan te redden. Dat stelde de advocaat van Hoogweg tijdens een spoedzitting bij de Raad. Ook de paprikakwekerijen van Hoogweg worden volgens de advocaat in hun voorbestaan bedreigd als het aardwarmteproject aan de Nieuwlandseweg wordt stilgelegd. De productie van aardwarmte gaat nu nog gewoon door ondanks de vernietiging van de daarvoor vereiste vergunning door de Zwolse rechtbank. 'Er is nu sprake van een illegale situatie', aldus de voorzieningenrechter van de Raad van State. Handhavers kunnen de productie gewoon stilleggen, maar er is tot nu toe niets gebeurd. Om dat voor te zijn heeft Hoogweg aan de Raad gevraagd om de vergunning voorlopig in stand te laten totdat de Raad de kwestie later dit jaar uitvoerig heeft onderzocht. In dat geval staan de handhavers namelijk met lege handen. Voor de Raad van State is het de vraag of er sprake is van een urgente situatie. Staatstoezicht op de mijnen zou hier moeten handhaven. Eventueel ook de provincie Flevoland. Ze zitten allebei stil. Maar volgens de advocaat van Hoogweg kan dit zomaar veranderen en dan zijn de rapen gaar. De aardwarmte kan dan niet meer geleverd worden aan de paprikakwekers en die moeten dan voor hun verwarming duur gas aankopen. Duurzame energie Een mogelijke reden waarom er nog niet is gehandhaafd kan zijn dat dit energieproject van Hoogweg duurzaam is en stikstofvrij warmte levert aan de kwekerijen. Volgens de advocaat van Hoogweg staat ook de provincie Flevoland achter dit energieproject waarbij warm water uit de ondergrond wordt opgepompt en benut door de kwekers. Toch zorgde de provincie Overijssel ervoor dat de vergunning van Hoogweg werd vernietigd. Overijssel komt namelijk op voor de bescherming van Natura 2000 gebied De Weerribben dat dichtbij ligt. Naast het warme water komt ook wat gas mee uit de ondergrond. Dat wordt ook benut door de kwekers. Maar gasverbranding kan wel het natuurgebied schaden. 'We hebben er geen belang bij dat dit project wordt stilgelegd. Maar dit is een principezaak die goed moet worden geregeld', aldus een woordvoerster van de provincie. De Raad doet volgende week uitspraak. Link naar PDF",De Noordoostpolder,,city,Den Haag,den haag,den haag,city,"Den Haag, Zuid-Holland, Nederland",nominatim,geocode,52.0799838,4.3113461,POINT (4.3113461 52.0799838),,'s-Gravenhage,Zuid-Holland,sentences_points,0,,,PV28,GM0518,4.3113461,52.0799838
8b8184b44e774f7496903ace86e5f0bb,504,47,Dat te kort dag.,dag,Negative,Negative,0.9941,[3],Naaldwijk,city,Naaldwijk,city,Bestanden (500) (6).RTF,/Users/Yannick/dev/geothermal_text_mining/input_data/dutch/Bestanden (500) (6).RTF,Nieuwe Oogst,24 December 2022,"Kimberly Bakker De glastuinbouw gaat de komende jaren zwaarder leunen op het elektriciteitsnetwerk. Dat heeft te maken met de uitfasering van de warmtekrachtkoppeling (WKK). 'Als sector willen we in 2040 klimaatneutraal produceren. In zo'n scenario ga je ervan uit dat er geen aardgas meer wordt gebruikt. Dat betekent ook dat de WKK tegen die tijd minder interessant is', zeiJeroen Larrivee van BlueTerra tijdens de jaarlijkse Meet & Greet Energie van Greenport West-Holland op 15 december in het Zuid-Hollandse Naaldwijk. Hoe snel die uitfasering precies zal gaan, is nog onduidelijk. Dat hangt volgens Larrivee af van de ontwikkelingen op de elektriciteitsmarkt. 'Wat ik wel met zekerheid durf te zeggen, is dat WKK's in 2030 nog niet van de aardbodem zijn verdwenen. Dat te kort dag. Al verwacht ik wel dat ze dan een stuk minder veel draaien.' Aardwarmte is een van de veelgenoemde vervangers voor de WKK. Als de geothermieprojecten goed van de grond komen, dan is er volgens Larrivee veel potentie. 'Dan kan misschien wel 80 procent van de belichte teelt worden aangesloten op aardwarmtenetwerken.' Dat betekent overigens niet dat bedrijven al hun warmte uit geothermie gaan halen. Larrivee verwacht dat tuinbouwbedrijven in de toekomst een grotere energiemix toepassen. 'Denk aan een combinatie van aardwarmte, e-boilers en een warmtepomp.' Waterstof ziet hij niet als veelgekozen vervanger voor de WKK. 'Het is en blijft te duur.' Een uitdaging is dat tuinbouwbedrijven in 2040 waarschijnlijk in mindere mate hun eigen energie opwekken, zoals dat nu met de WKK juist veelvuldig gebeurt. Dat betekent dat er een verschuiving gaat plaatsvinden van eigen productie en verkoop van energie naar inkoop van energie. Daar ligt een puzzel voor netbeheerders. 'Er moet voldoende ruimte zijn op het elektriciteitsnet', zegt Larrivee. Tennet investeert volop Robert Kuik van netbeheerder Tennet wordt niet zenuwachtig van het verhaal van Larrivee. 'Er zijn nu vierhonderd projecten in Nederland', zegt hij. 'De komende tien jaar investeren we zo'n 13 miljard euro in het hoogspanningsnet, dus ik denk dat we goed zijn voorbereid op elektrificatie.' In Zuid-Holland wordt de komende jaren 100 miljoen euro geïnvesteerd. 'Dat is relatief weinig in verhouding tot die 13 miljard euro. Dat komt omdat we in 2009 al forse investeringen hebben gedaan in het versterken van het elektriciteitsnetwerk in deze regio. Precies daarom maak ik mij geen zorgen over de energietransitie in de tuinbouwregio's', licht Kuik toe. Maar om niet voor verrassingen te komen staan, is het volgens Kuik belangrijk dat tuinders en netbeheerders blijven samenwerken. 'We moeten elkaar opzoeken, in gesprek gaan en plannen ontvouwen. Dat is cruciaal om ervoor te zorgen dat het elektriciteitsnetwerk ook in de toekomst goed functioneert. De energietransitie is niet voor niets een gezamenlijk opgave.' Als geothermie goed van de grond komt, verwacht Jeroen Larrivee dat 80 procent van de belichte teelt hier in de toekomst op aangesloten is. Foto: Greenport West-Holland",Nieuwe Oogst,Nederland,city,Naaldwijk,naaldwijk,naaldwijk,city,"Naaldwijk, Westland, Zuid-Holland, Nederland",nominatim,geocode,51.9930016,4.2074197,POINT (4.2074197 51.9930016),,Westland,Zuid-Holland,sentences_points,0,,,PV28,GM1783,4.2074197,51.9930016
fd67c4bf21fa4c57b13c0fa3f4861eb8,25,48,Dat vieze karwei was op slag voorbij.,karwei,Negative,Negative,0.6356,[2],Gouda,city,Gouda,city,Bestanden (1-500) (1).RTF,/Users/Yannick/dev/geothermal_text_mining/input_data/dutch/Bestanden (1-500) (1).RTF,AD/Groene Hart,15 February 2020,"Column Ja hoor, daar gaat mijn gasfornuis! Gouda wil in 2040 aardgasvrij zijn. Dat is goed te doen. Bedenk hoe de wereld er twee decennia geleden uitzag. De aanslagen op New York hadden nog niet plaatsgevonden, ouderen gingen met de VUT en klimaatverandering stond nergens op de politieke agenda. In twintig jaar kun je bergen verzetten. De energietransitie in de jaren 60 ging sneller. Met uitzondering van dunbevolkte gebieden werd binnen tien jaar heel Nederland aangesloten op het aardgasnet. Van aardschokken wisten we niets, iedereen was verrukt over de gasbel van Slochteren. Ik ook. Als oudste kind in het gezin zorgde ik voor het vullen van de kolenkitten. In ons flatgebouw in Gouda-noord stortte de kolenboer ieder najaar een paar mud antraciet in de berging. In het stoffig halfduister schepte ik dagelijks twee kitten vol en sjouwde ze de trappen op naar tweehoog. Dat vieze karwei was op slag voorbij. Er zal best door een enkeling nostalgisch zijn gemijmerd over de teloorgang van vlammende steenkooltjes, maar bij ons thuis werden de gevelkachels in de slaapkamers met gejuich begroet. Het waren de koudste winters van de eeuw. Van het aardgas àf is ingewikkelder. Niet iedereen beschouwt de overgang naar energie uit zon, wind en water als vooruitgang. De verhitte debatten tussen 'klimaatgekkies' en klimaatontkenners (wie zijn eigenlijk de gekkies?) hebben vooral met geld te maken. Destijds was de transitie voor iedereen gratis en hetzelfde. Nu zijn er verschillende opties met behoorlijke prijskaartjes. Des te beter dat de plaatselijke overheid het voortouw neemt naar aardgasvrij en CO2-neutraal. Nieuwe energie is te belangrijk om over te laten aan incidentele burgerinitiatieven of de markt. In de schouwburg is maandag een inspiratieavond met als motto 'Beleef de actie'. Voor onze buurt wordt gedacht aan geothermie als energiebron. Ik zou kunnen treuren over mijn straks overbodige gasfornuis. Maar de opluchting dat er kansrijke alternatieven zijn om de toekomst veilig te stellen, is groter. Iedereen was verrukt over de gasbel van Slochteren. Ik ook",AD/Groene Hart,Zuid-Holland,city,Gouda,gouda,gouda,city,"Gouda, Zuid-Holland, Nederland",nominatim,geocode,52.0114922,4.7106094,POINT (4.7106094 52.0114922),,Gouda,Zuid-Holland,sentences_points,0,,,PV28,GM0513,4.7106094,52.0114922
6bfa46ab4a684436bda61322235c8335,201,49,"De 2,5 kilometer diepe putten zijn ook nooit eerder in bedrijf geweest.",putten,Negative,Negative,0.9896,[6],Den Haag,city,Den Haag,city,Bestanden (501-1000) (1).RTF,/Users/Yannick/dev/geothermal_text_mining/input_data/dutch/Bestanden (501-1000) (1).RTF,AD/Haagsche Courant,24 December 2020,"De ingebruikname van de geothermiecentrale aan de Leyweg volgende maand baart de grootste partij in Den Haag grote zorgen. Hart voor Den Haag is bang dat bewoners dadelijk in de kou komen te zitten. Ook is de partij bang voor gevaren van het winnen van aardwarmte in de stad. Raadslid René Oudshoorn wijst erop dat Den Haag al geen beste reputatie heeft op het gebied van innovatieve warmtewinning. Zo zitten bewoners die aangesloten zijn op de zeewaterwarmtecentrale in Scheveningen en de WKO-installaties in Transvaal en Spoorwijk regelmatig in de kou. De centrale gaat begin volgend jaar warmte leveren aan twaalfhonderd tot vijftienhonderd huishoudens. Later komen er nog veel meer bij. Op de centrale wordt heet water uit de diepe aardlagen naar boven gepompt, om vervolgens weer terug te worden gepompt in dezelfde aardlaag. Maar Oudshoorn stelt dat deze centrale veel debacles kent, waaronder een faillissement. De 2,5 kilometer diepe putten zijn ook nooit eerder in bedrijf geweest. Volgens Oudshoorn hebben dit soort buizen een korte levensduur. Dit zou ook blijken uit andere aardwarmteprojecten. Als er dan gaten ontstaan, zal er chemische vloeistof in het grondwater stromen met alle gevolgen van dien, aldus het raadslid. Ook wijst hij erop dat water dat van grote diepte wordt opgehaald vaak in meer of mindere mate radioactief is. Hij wil weten of dit risico is onderzocht. Hart voor Den Haag maakt zich ook zorgen over de veiligheid in de stad. ,,Zelfs de vergunningverlener (Staatstoezicht op de Mijnen, red.) waarschuwde onlangs dat geothermie niet zonder risico's is.'' Er is een kleine kans op bevingen. ,,Het is onbegrijpelijk, zeker gezien alle mislukte projecten die we hier al hebben gehad, dat er niet eerst op kleine schaal wordt getest maar dat meteen grote aantallen huishoudens als proefkonijnen op een dergelijke experimentele centrale worden aangesloten.'' De geothermiecentrale aan de Leyweg.",AD/Haagsche Courant,Den Haag,city,Den Haag,den haag,den haag,city,"Den Haag, Zuid-Holland, Nederland",nominatim,geocode,52.0799838,4.3113461,POINT (4.3113461 52.0799838),,'s-Gravenhage,Zuid-Holland,sentences_points,0,,,PV28,GM0518,4.3113461,52.0799838
476f5c8b8d2e451baf430f9a8a28702d,456,50,De aardwarmte kan dan niet meer geleverd worden aan de paprikakwekers en die moeten dan voor hun verwarming duur gas aankopen.,verwarming,Negative,Negative,0.996,[17],Hoogweg,site,Hoogweg,site,Bestanden (500) (6).RTF,/Users/Yannick/dev/geothermal_text_mining/input_data/dutch/Bestanden (500) (6).RTF,Steenwijker Courant,5 August 2022,"Ook de paprikakwekerijen van Hoogweg worden volgens de advocaat in hun voorbestaan bedreigd als het aardwarmteproject aan de Nieuwlandseweg wordt stilgelegd. De productie van aardwarmte gaat nu nog gewoon door ondanks de vernietiging van de daarvoor vereiste vergunning door de Zwolse rechtbank. ,,Er is nu sprake van een illegale situatie"", aldus de voorzieningenrechter van de Raad van State. Handhavers kunnen de productie gewoon stilleggen, maar er is tot nu toe niets gebeurd. Om dat voor te zijn heeft Hoogweg aan de Raad gevraagd om de vergunning voorlopig in stand te laten totdat de Raad de kwestie later dit jaar uitvoerig heeft onderzocht. In dat geval staan de handhavers namelijk met lege handen. Urgent of niet? Voor de Raad van State is het de vraag of er sprake is van een urgente situatie. Staatstoezicht op de mijnen zou hier moeten handhaven. Eventueel ook de provincie Flevoland. Ze zitten allebei stil. Maar volgens de advocaat van Hoogweg kan dit zomaar veranderen en dan zijn de rapen gaar. De aardwarmte kan dan niet meer geleverd worden aan de paprikakwekers en die moeten dan voor hun verwarming duur gas aankopen. Duurzame energie Een mogelijke reden waarom er nog niet is gehandhaafd kan zijn dat dit energieproject van Hoogweg duurzaam is en stikstofvrij warmte levert aan de kwekerijen. Volgens de advocaat van Hoogweg staat ook de provincie Flevoland achter dit energieproject waarbij warm water uit de ondergrond wordt opgepompt en benut door de kwekers. Toch zorgde de provincie Overijssel ervoor dat de vergunning van Hoogweg werd vernietigd. Overijssel komt namelijk op voor de bescherming van Natura 2000 gebied De Weerribben dat dichtbij ligt. Naast het warme water komt ook wat gas mee uit de ondergrond. Dat wordt ook benut door de kwekers. Maar gasverbranding kan wel het natuurgebied schaden. ,,We hebben er geen belang bij dat dit project wordt stilgelegd. Maar dit is een principezaak die goed moet worden geregeld"", aldus een woordvoerster van de provincie. De Raad doet binnen twee weken uitspraak. Link naar PDF",Steenwijker Courant,,site,Hoogweg,hoogweg,hoogweg,site,"Hoogweg, Noordwijkerhout, Noordwijk, Zuid-Holland, Nederland, 2211 XR, Nederland",nominatim,geocode,52.2449437,4.4624735,POINT (4.4624735 52.2449437),,Noordwijk,Zuid-Holland,sentences_points,1,Costs,duur,PV28,GM0575,4.4624735,52.2449437
d76e72c2870a486899fafc7e8e3267fd,644,51,De afgelopen jaren is de prijs van gas niet altijd hetzelfde gebleven door de oorlog tussen Rusland en Oekraïne.,prijs,Negative,Negative,0.9939,[5],Delft,city,Delft,city,Bestanden (500) (4).RTF,/Users/Yannick/dev/geothermal_text_mining/input_data/dutch/Bestanden (500) (4).RTF,AD/Haagsche Courant,3 September 2024,"Delft introduceert verwarming voor 6000 woningen uit bron op TU Wat doet het warmtenet precies? Op ruim 2 kilometer onder de grond bij de TU Delft, zit warm water in de bodem, aardwarmte - ook wel geothermie genoemd. Dit water heeft een temperatuur van ongeveer 75 graden. Dit water wordt bij de aardwarmtebron omhoog gepompt. Door het warmtenet, een systeem van buizen van 16 kilometer lang onder de grond, stroomt het warme water richting de woongebouwen. Hiermee kunnen huurwoningen van woningcorporaties Vidomes, Stedelink, DUWO en Woonbron worden verwarmd. Daardoor is er geen gas meer nodig. Welke wijken in Delft worden aangesloten op het warmtenet? Voorlopig is dit warmtenet bedoeld voor Buitenhof, Voorhof en de TU Delft Campus. Omdat er in deze wijken veel woningen op een klein oppervlak staan. En omdat bewoners in deze gebouwen een gasketel delen, maakt dit het aansluiten op een warmtenet makkelijker, geeft de gemeente aan. Totaal kunnen er in Voorhof en Buitenhof 15.000 woningen op het netwerk aangesloten worden. Dit zijn ook koopwoningen. In het 'Warmteplan Delft', dat in 2021 is vastgesteld, staat voor elke wijk welk alternatief voor aardgas de meest geschikte oplossing is. Voor de binnenstad is nu nog onduidelijk welke alternatieve bron voor aardgas kan worden gebruikt. Gaan bewoners nu meer of minder betalen? Ze gaan niet meer, maar ook niet minder betalen. De prijs van de warmte is op het moment van aansluiten namelijk vergelijkbaar met warmte gemaakt met aardgas. Daarna beweegt de prijs mee met de werkelijke kostenontwikkeling voor de productie en distributie van de warmte. De afgelopen jaren is de prijs van gas niet altijd hetzelfde gebleven door de oorlog tussen Rusland en Oekraïne. Met het warmtenet blijven de prijzen stabieler dan voorheen. Wat merken bewoners van het warmtenet? Als het warmtenet er eenmaal ligt, merken bewoners er vrij weinig van. De centrale gasverwarmingsketel wordt vervangen door een aansluiting op het nieuwe warmtenet voor het hele gebouw. De verwarming van woningen kan dan nog steeds met dezelfde radiator ingesteld worden. Van de aanleg van het net kunnen Delftenaren wel wat merken. De soms wel 70 centimeter brede buizen gaan namelijk onder de grond. Hiervoor moeten straten opengebroken worden, wat voor veranderende verkeerssituaties kan zorgen. Dit gebeurt in fases. Voor hoe lang kan er aardwarmte uit de grond worden gehaald? Waarschijnlijk is er genoeg aardwarmte voor de komende dertig jaar. Als dit op is, kan er op hetzelfde warmtenet dat nu wordt aangelegd een andere bron worden aangesloten. Wanneer kan er gebruikgemaakt worden van het warmtenet? De allereerste huizen kunnen - als alles volgens plan gaat - in het najaar van 2025 gebruikmaken van het warmtenet. Uiteindelijk is het de bedoeling dat in 2027 alle 6000 huurwoningen op het netwerk zijn aangesloten. Uiteindelijk is het de bedoeling dat in 2027 alle 6000 huurwoningen op het netwerk zijn aangesloten Ook bij de Sterflats wordt het warmtenet aangesloten.",AD/Haagsche Courant,Den Haag,city,Delft,delft,delft,city,"Delft, Zuid-Holland, Nederland",nominatim,geocode,51.9994572,4.3627245,POINT (4.3627245 51.9994572),,Delft,Zuid-Holland,sentences_points,0,,,PV28,GM0503,4.3627245,51.9994572
c136df9468c54efe9f4a8053006e2f4e,341,52,De afgelopen periode is een bijdrage geleverd aan onder meer Beleefcentrum Duurzame Energie Leven van de Wind in Wieringerwerf en Natuurcentrum De Marel bij Waalenburg op Texel.,Beleefcentrum,Positive,Positive,0.9902,[10],Naaldwijk,site,Naaldwijk,site,Bestanden (1500-1862).RTF,/Users/Yannick/dev/geothermal_text_mining/input_data/dutch/Bestanden (1500-1862).RTF,Nieuwe Oogst,16 October 2021,"Helft Leader-budget Zuid-Holland - Van de in totaal 2 miljoen euro die dit en volgend jaar in Zuid-Holland beschikbaar is voor Leader-projecten, is nog de helft beschikbaar. Leader is onderdeel van het Europese plattelandsontwikkelingsprogramma POP3 en moet bijdragen aan vitale landbouw en betere verbinding tussen stad en platteland. Deze maand kreeg een melkveehouder uit Woerdense Verlaat de subsidie uitgereikt voor de realisatie van vier hooiberghutten van biobased bouwmaterialen waarin gasten kunnen logeren. Utrecht niet-ontvankelijk in zaak tegen opsporen gas Utrecht - Provincie Utrecht is niet-ontvankelijk verklaard in de bezwaarprocedure tegen de verlenging van de vergunning voor het opsporen van olie en gas. De provincie en de dertien gemeenten waarmee samen het bezwaar is ingediend, worden niet als belanghebbenden gezien. Zij gaan in beroep, want zij vinden nieuwe aardgaswinning niet passen bij de provinciale ambitie om de warmtevraag in 2040 volledig duurzaam in te vullen en het besluit over verlenging onvoldoende onderbouwd. Ingebruikname Trias Naaldwijk - Secretaris-generaal van LNV Jan-Kees Goet en directeur-generaal van EZK Sandor Gaastra hebben woensdag samen met telers de ingebruikname van Trias Westland in Naaldwijk bekrachtigd. Met twee geothermiebronnen op 2,3 kilometer diepte en een 4 kilometer onderzoeksboring is Trias Westland volgens hen de springplank naar het Warmtesysteem Westland. Een groot deel van dit warmtenet fungeert als hoofdleiding binnen Warmtesysteem Westland. 6 ton voor ontwikkeling Noord-Holland - Provincie Noord-Holland heeft ruim 3 ton gereserveerd voor plattelandsontwikkeling in de Kop van Noord-Holland. De Europese Unie stelt eenzelfde bedrag beschikbaar. Organisaties, ondernemers en gemeenten in de Kop van Noord-Holland kunnen van 6 december 2021 tot en met 10 februari 2022 een subsidieaanvraag indienen bij Leader. De afgelopen periode is een bijdrage geleverd aan onder meer Beleefcentrum Duurzame Energie Leven van de Wind in Wieringerwerf en Natuurcentrum De Marel bij Waalenburg op Texel.",Nieuwe Oogst,Nederland,site,Naaldwijk,naaldwijk,naaldwijk,site,"Naaldwijk, Westland, Zuid-Holland, Nederland",nominatim,geocode,51.9930016,4.2074197,POINT (4.2074197 51.9930016),,Westland,Zuid-Holland,sentences_points,1,Sustainability,duurzame energie,PV28,GM1783,4.2074197,51.9930016
7466c8cc90eb4c429eba5cbdf096ae61,644,53,De allereerste huizen kunnen - als alles volgens plan gaat - in het najaar van 2025 gebruikmaken van het warmtenet.,warmtenet,Positive,Positive,0.9064,[19],Delft,city,Delft,city,Bestanden (500) (4).RTF,/Users/Yannick/dev/geothermal_text_mining/input_data/dutch/Bestanden (500) (4).RTF,AD/Haagsche Courant,3 September 2024,"Delft introduceert verwarming voor 6000 woningen uit bron op TU Wat doet het warmtenet precies? Op ruim 2 kilometer onder de grond bij de TU Delft, zit warm water in de bodem, aardwarmte - ook wel geothermie genoemd. Dit water heeft een temperatuur van ongeveer 75 graden. Dit water wordt bij de aardwarmtebron omhoog gepompt. Door het warmtenet, een systeem van buizen van 16 kilometer lang onder de grond, stroomt het warme water richting de woongebouwen. Hiermee kunnen huurwoningen van woningcorporaties Vidomes, Stedelink, DUWO en Woonbron worden verwarmd. Daardoor is er geen gas meer nodig. Welke wijken in Delft worden aangesloten op het warmtenet? Voorlopig is dit warmtenet bedoeld voor Buitenhof, Voorhof en de TU Delft Campus. Omdat er in deze wijken veel woningen op een klein oppervlak staan. En omdat bewoners in deze gebouwen een gasketel delen, maakt dit het aansluiten op een warmtenet makkelijker, geeft de gemeente aan. Totaal kunnen er in Voorhof en Buitenhof 15.000 woningen op het netwerk aangesloten worden. Dit zijn ook koopwoningen. In het 'Warmteplan Delft', dat in 2021 is vastgesteld, staat voor elke wijk welk alternatief voor aardgas de meest geschikte oplossing is. Voor de binnenstad is nu nog onduidelijk welke alternatieve bron voor aardgas kan worden gebruikt. Gaan bewoners nu meer of minder betalen? Ze gaan niet meer, maar ook niet minder betalen. De prijs van de warmte is op het moment van aansluiten namelijk vergelijkbaar met warmte gemaakt met aardgas. Daarna beweegt de prijs mee met de werkelijke kostenontwikkeling voor de productie en distributie van de warmte. De afgelopen jaren is de prijs van gas niet altijd hetzelfde gebleven door de oorlog tussen Rusland en Oekraïne. Met het warmtenet blijven de prijzen stabieler dan voorheen. Wat merken bewoners van het warmtenet? Als het warmtenet er eenmaal ligt, merken bewoners er vrij weinig van. De centrale gasverwarmingsketel wordt vervangen door een aansluiting op het nieuwe warmtenet voor het hele gebouw. De verwarming van woningen kan dan nog steeds met dezelfde radiator ingesteld worden. Van de aanleg van het net kunnen Delftenaren wel wat merken. De soms wel 70 centimeter brede buizen gaan namelijk onder de grond. Hiervoor moeten straten opengebroken worden, wat voor veranderende verkeerssituaties kan zorgen. Dit gebeurt in fases. Voor hoe lang kan er aardwarmte uit de grond worden gehaald? Waarschijnlijk is er genoeg aardwarmte voor de komende dertig jaar. Als dit op is, kan er op hetzelfde warmtenet dat nu wordt aangelegd een andere bron worden aangesloten. Wanneer kan er gebruikgemaakt worden van het warmtenet? De allereerste huizen kunnen - als alles volgens plan gaat - in het najaar van 2025 gebruikmaken van het warmtenet. Uiteindelijk is het de bedoeling dat in 2027 alle 6000 huurwoningen op het netwerk zijn aangesloten. Uiteindelijk is het de bedoeling dat in 2027 alle 6000 huurwoningen op het netwerk zijn aangesloten Ook bij de Sterflats wordt het warmtenet aangesloten.",AD/Haagsche Courant,Den Haag,city,Delft,delft,delft,city,"Delft, Zuid-Holland, Nederland",nominatim,geocode,51.9994572,4.3627245,POINT (4.3627245 51.9994572),,Delft,Zuid-Holland,sentences_points,0,,,PV28,GM0503,4.3627245,51.9994572
51e6b66e02104f7e881c0723a5bdc0f3,557,54,"De ambitie van WnW is het realiseren van één groot warmtesysteem in het Westland, om zo de warmtetransitie voor de glastuinbouw, bedrijventerreinen en de gebouwde omgeving te verzorgen.",warmtesysteem,Positive,Positive,0.6905,[10],Vogelaer,site,Vogelaer,site,Bestanden (500) (5).RTF,/Users/Yannick/dev/geothermal_text_mining/input_data/dutch/Bestanden (500) (5).RTF,AD/Haagsche Courant,5 July 2023,"Warmte netwerk Westland (WnW) is met de toevoeging van Aardwarmte Vogelaer weer een stuk verder uitgebreid. Hierdoor kan warmte worden uitgewisseld. Het warmtenetwerk van Vogelaer is onderdeel van een bestaand geothermieproject voor en door glastuinbouwondernemers. WnW realiseert de aansluiting. Deze aansluiting zorgt ervoor dat Vogelaer bij een tekort aan warmte in de gelegenheid blijft om warmte te leveren aan haar afnemers, door het afnemen van warmte van andere warmtebronnen via WnW. Bij een overschot aan warmte kan Vogelaer de warmte leveren via het warmtenet van WnW. De ambitie van WnW is het realiseren van één groot warmtesysteem in het Westland, om zo de warmtetransitie voor de glastuinbouw, bedrijventerreinen en de gebouwde omgeving te verzorgen. De aardwarmteprojecten Maasdijk en Polanen, en nu dus ook Vogelaer, zorgen ervoor dat dit lukt. Evelien Brederode, business ontwikkelaar bij Warmte netwerk Westland: ,,Met onze partners creëren we een warmtesysteem dat regionale warmtebronnen en afnemers met elkaar verbindt, waardoor de leveringszekerheid stijgt en warmtehandel kan plaatsvinden.''",AD/Haagsche Courant,Den Haag,site,Vogelaer,vogelaer,vogelaer,site,"Vogelaer, Mariëndijk, Honselersdijk, Westland, Zuid-Holland, Nederland, 2675 KL, Nederland",nominatim,geocode,52.0105507,4.246629,POINT (4.246629 52.0105507),,Westland,Zuid-Holland,sentences_points,0,,,PV28,GM1783,4.246629,52.0105507
2e252c0685dd47e597c294d9d87861b2,158,55,De app weet niet wie of waar je bent.,app,Negative,Negative,0.9937,[1],Den Haag,city,Den Haag,city,Bestanden (501-1000) (1).RTF,/Users/Yannick/dev/geothermal_text_mining/input_data/dutch/Bestanden (501-1000) (1).RTF,"De Posthoorn, Segbroek",14 October 2020,"Den Haag - De CoronaMelder-app is klaar en te installeren via de App Store en de Google Play Store. Hij stuurt een melding als je langer dan 15 minuten dicht bij iemand in de buurt bent geweest, die later het virus blijkt te hebben. CoronaMelder-app is voor iedereen beschikbaar Den Haag - Vanaf nu kan iedereen de CoronaMelder-app gebruiken. De app stuurt een melding als je langer dan 15 minuten dicht bij iemand in de buurt bent geweest, die later het coronavirus blijkt te hebben. Als je een melding hebt ontvangen, lees je in de app welke maatregelen je kan nemen en of je je kan laten testen. Zo weet je na een melding dat je meer kans hebt om besmet te zijn en kun je voorkomen dat je onbewust een ander besmet. Want je kunt het coronavirus al doorgeven, voordat je je ziek voelt. CoronaMelder is een aanvulling op het reguliere bron- en contactonderzoek van de GGD. Met de app kunnen ook mensen worden geïnformeerd die niet naar voren komen uit het bron- en contactonderzoek. De app weet niet wie of waar je bent. Ook geeft de app geen meldingen over actuele besmettingen in de buurt. De basisregels, zoals 1,5 meter afstand houden en vaak je handen wassen, blijven dus belangrijk! CoronaMelder is te vinden in de App Store en de Google Play Store. Het downloaden van de app is altijd vrijwillig. Hulp nodig bij het installeren? Veel bibliotheken kunnen hierbij helpen. Of bel de Helpdesk CoronaMelder op 0800-1280. Den Haag is eerste stad met warmte uit bodem Den Haag - Den Haag is de eerste stad in Nederland waar huizen verwarmd worden met schone warmte uit eigen bodem. Het ministerie van Economische Zaken heeft met een definitief besluit groen licht gegeven voor het winnen van aardwarmte in de centrale aan de Leyweg. Vanuit de bron op twee kilometer diepte wordt water van circa 78 graden opgepompt. Die warmte wordt overgezet en via het stadsverwarmingsnet krijgen woningen in stadsdeel Zuidwest verwarming en warm kraanwater. Zo kan aan de eerste 1200 huizen aardwarmte (geothermie) worden geleverd. Deze is schoon en duurzaam. De gemeente heeft via het Energiefonds Den Haag een deel van de financiering beschikbaar gesteld voor deze bron. Wethouder Liesbeth van Tongeren (Duurzaamheid en Energietransitie) is trots. ""Hiermee laten we zien dat het kan: in een dichtbevolkte stad als Den Haag schone warmte uit eigen bron gebruiken.” Een definitief besluit voor winning van aardwarmte, zoals bij de centrale aan de Leyweg, wordt niet zomaar genomen. Er moet aan strenge veiligheidseisen worden voldaan. Hiervoor is het ministerie te rade gegaan bij verschillende organisaties als TNO, de Mijnraad, de Omgevingsdienst Haaglanden, Provincie Zuid-Holland en Hoogheemraadschap Delfland.","De Posthoorn, Segbroek",,city,Den Haag,den haag,den haag,city,"Den Haag, Zuid-Holland, Nederland",nominatim,geocode,52.0799838,4.3113461,POINT (4.3113461 52.0799838),,'s-Gravenhage,Zuid-Holland,sentences_points,0,,,PV28,GM0518,4.3113461,52.0799838
34fd9345793e47428c8e7dc7e06e0f04,202,56,De Bospolder in Naaldwijk is door werkzaamheden voor de uitbreiding van het warmtenet in Westland van 4 januari tot 29 april dicht in de richting van de Burgemeester Elsenweg (N213).,Bospolder,Negative,Negative,0.8923,[1],Naaldwijk,city,Naaldwijk,city,Bestanden (501-1000) (1).RTF,/Users/Yannick/dev/geothermal_text_mining/input_data/dutch/Bestanden (501-1000) (1).RTF,AD/Haagsche Courant,31 December 2020,"De Bospolder in Naaldwijk is door werkzaamheden voor de uitbreiding van het warmtenet in Westland van 4 januari tot 29 april dicht in de richting van de Burgemeester Elsenweg (N213). Het verkeer wordt in deze periode omgeleid via de Dortlaan, Zwartendijk, Grote Woerdlaan en Bosweg. Verkeer vanaf de Burgemeester Elsenweg kan via een versmalde rijstrook wél doorrijden. Voor (brom)fietsers blijft de weg in beide richtingen toegankelijk. En als er dan toch gewerkt moet worden, wordt geprobeerd zoveel mogelijk werkzaamheden van verschillende instanties tegelijkertijd te doen om de overlast te beperken. Zo werkt Trias Westland samen met de provincie Zuid-Holland en de gemeente Westland aan de gefaseerde aanleg onder de N213. Het groot onderhoud is verschoven in de planning en de werkzaamheden van de provincie en gemeente zijn samengevoegd. Trias legt een warmtenet aan in Westland waarbij gebruik wordt gemaakt van aardwarmte. Het warmtenet verbindt de aardwarmtebron met de bedrijven van glastuinbouwondernemers. Het aansluiten op aardwarmte Trias Westland moet voor een forse verduurzaming van de Westlandse glastuinbouw zorgen. In de zomer van dit jaar is de tweede aardwarmtebron van Trias in Westland aangeboord. Ook de bovengrondse installaties worden nu gerealiseerd. Uitbreiding Om de warmte bij glastuinbouwondernemers te krijgen, wordt het warmtenet verder uitgebreid. Het werk start op 4 januari en duurt tot medio volgend jaar. Het warmtenet vervolgt zijn route vanaf Royal FloraHolland in Naaldwijk naar Westland Infra in Poeldijk. Ook in de nabijgelegen Bospolder sluit een groot aantal glastuinbouwbedrijven aan op het warmtenet. Een warmtenet bestaat uit twee buizen (één voor toevoer, één voor retour) onder de grond, waarmee warmte wordt vervoerd naar kassen en gebouwen met warm water.",AD/Haagsche Courant,Den Haag,city,Naaldwijk,naaldwijk,naaldwijk,city,"Naaldwijk, Westland, Zuid-Holland, Nederland",nominatim,geocode,51.9930016,4.2074197,POINT (4.2074197 51.9930016),,Westland,Zuid-Holland,sentences_points,0,,,PV28,GM1783,4.2074197,51.9930016
17c7b0b9f0c44a3d81c86fff0f3daf3c,775,57,"De bovengrondse parking zal een belevingsplein worden waarop kinderen zich kunnen uitleven, bezoekers even kunnen uitrusten en evenementen kunnen worden georganiseerd.",bovengrondse parking,Positive,Positive,0.9236,"[1, 2]",Nieuwpoort,city,Nieuwpoort,city,Bestanden (500) (4).RTF,/Users/Yannick/dev/geothermal_text_mining/input_data/dutch/Bestanden (500) (4).RTF,De Krant van West-Vlaanderen,,"NIEUWPOORT - Exact 100 jaar na de bouw van het Grand Hotel, zal het iconische gebouw weer uit zijn as verrijzen. Het nieuwe prestigeproject wordt dé blikvanger van Nieuwpoort en zal verschillende functies vervullen. De nieuwe syndicus van The Grand is Wim Demeester van Immo Group-S. ""Het doel is om een gezond evenwicht te creëren tussen oude en nieuwe architectuur zodat het gebouw weer de status krijgt dat het verdient"", zegt hij. Circulair conceptBelevingsplein The Grand krijgt verschillende functies. Zo biedt het complex plaats aan 70 appartementen met verschillende oppervlaktes. Daarnaast is het gebouw ook toegankelijk voor het brede publiek. De iconische bar en het restaurant aan de kant van de zeedijk worden volledig gerenoveerd. Aan de kant van de Albert I-laan is dan weer ruimte voorzien voor ruime handelspanden. ""De veelzijdigheid van The Grand zorgt ervoor dat iedereen weer ten volle van deze historisch parel kan genieten"", aldus Wim Demeester. In het circulaire concept van The Grand wordt gebruikgemaakt van moderne en duurzame technieken zoals geothermie, zonnepanelen en maximale terugwinning van de geproduceerde warmte. Zo wordt het verbruik tot een absoluut minimum beperkt. Daarbovenop zal het gebouw zonder fossiele brandstoffen gekoeld en verwarmd worden. Daardoor genieten alle appartementen van een ideale winter- én zomertemperatuur. ""De duurzame en ecologische technieken zijn een voorbeeld van hoe je historische en iconische gebouwen een tweede leven kunt geven"", vertelt de nieuwe syndicus Wim Demeester. Naast de heropleving van The Grand krijgt ook de omgeving rond het project een extra boost. Zo krijgt eveneens het Hendrikaplein een nieuw leven. De bovengrondse parking zal een belevingsplein worden waarop kinderen zich kunnen uitleven, bezoekers even kunnen uitrusten en evenementen kunnen worden georganiseerd. The Grand en de omgeving daarrond worden dé trekpleister van Nieuwpoort-Bad. ""Het is natuurlijk een hele eer om syndicus van dit prestigeproject te mogen zijn"", besluit Wim Demeester. ""Ik ben ervan overtuigd dat dit Nieuwpoort een extra boost zal geven."" (PG)",De Krant van West-Vlaanderen,,city,Nieuwpoort,nieuwpoort,nieuwpoort,city,"Nieuwpoort, Molenlanden, Zuid-Holland, Nederland",nominatim,geocode,51.9353893,4.868505,POINT (4.868505 51.9353893),,Molenlanden,Zuid-Holland,sentences_points,0,,,PV28,GM1978,4.868505,51.9353893
3d3827821f2446f8afe50e11375a9daf,25,58,De energietransitie in de jaren 60 ging sneller.,energietransitie,Negative,Negative,0.8054,[1],Gouda,city,Gouda,city,Bestanden (1-500) (1).RTF,/Users/Yannick/dev/geothermal_text_mining/input_data/dutch/Bestanden (1-500) (1).RTF,AD/Groene Hart,15 February 2020,"Column Ja hoor, daar gaat mijn gasfornuis! Gouda wil in 2040 aardgasvrij zijn. Dat is goed te doen. Bedenk hoe de wereld er twee decennia geleden uitzag. De aanslagen op New York hadden nog niet plaatsgevonden, ouderen gingen met de VUT en klimaatverandering stond nergens op de politieke agenda. In twintig jaar kun je bergen verzetten. De energietransitie in de jaren 60 ging sneller. Met uitzondering van dunbevolkte gebieden werd binnen tien jaar heel Nederland aangesloten op het aardgasnet. Van aardschokken wisten we niets, iedereen was verrukt over de gasbel van Slochteren. Ik ook. Als oudste kind in het gezin zorgde ik voor het vullen van de kolenkitten. In ons flatgebouw in Gouda-noord stortte de kolenboer ieder najaar een paar mud antraciet in de berging. In het stoffig halfduister schepte ik dagelijks twee kitten vol en sjouwde ze de trappen op naar tweehoog. Dat vieze karwei was op slag voorbij. Er zal best door een enkeling nostalgisch zijn gemijmerd over de teloorgang van vlammende steenkooltjes, maar bij ons thuis werden de gevelkachels in de slaapkamers met gejuich begroet. Het waren de koudste winters van de eeuw. Van het aardgas àf is ingewikkelder. Niet iedereen beschouwt de overgang naar energie uit zon, wind en water als vooruitgang. De verhitte debatten tussen 'klimaatgekkies' en klimaatontkenners (wie zijn eigenlijk de gekkies?) hebben vooral met geld te maken. Destijds was de transitie voor iedereen gratis en hetzelfde. Nu zijn er verschillende opties met behoorlijke prijskaartjes. Des te beter dat de plaatselijke overheid het voortouw neemt naar aardgasvrij en CO2-neutraal. Nieuwe energie is te belangrijk om over te laten aan incidentele burgerinitiatieven of de markt. In de schouwburg is maandag een inspiratieavond met als motto 'Beleef de actie'. Voor onze buurt wordt gedacht aan geothermie als energiebron. Ik zou kunnen treuren over mijn straks overbodige gasfornuis. Maar de opluchting dat er kansrijke alternatieven zijn om de toekomst veilig te stellen, is groter. Iedereen was verrukt over de gasbel van Slochteren. Ik ook",AD/Groene Hart,Zuid-Holland,city,Gouda,gouda,gouda,city,"Gouda, Zuid-Holland, Nederland",nominatim,geocode,52.0114922,4.7106094,POINT (4.7106094 52.0114922),,Gouda,Zuid-Holland,sentences_points,0,,,PV28,GM0513,4.7106094,52.0114922
76880807a25344178a4bf57e8f4236e2,196,59,De gemeente Den Haag en drie lokale woningbouwcorporaties raakten meer dan 10 miljoen euro kwijt aan het prestigeproject dat bij elkaar ruim 20 miljoen euro had gekost.,prestigeproject,Negative,Negative,0.9942,[17],Den Haag,city,Den Haag,city,Bestanden (501-1000) (1).RTF,/Users/Yannick/dev/geothermal_text_mining/input_data/dutch/Bestanden (501-1000) (1).RTF,AD/Haagsche Courant,21 December 2020,"Zou het? Echt? Wordt er in Den Haag Zuidwest straks werkelijk vanuit tweeduizend meter diepte aardwarmte opgepompt om duizenden Haagse woningen te gaan verwarmen? Vergeef de cynicus zijn argwaan. In 2012 werd de aardwarmtecentrale aan de Leyweg al groots geopend door kroonprins Willem Alexander in aanwezigheid van 175 genodigden. Wat niemand erbij zei, was dat het ding het helemaal niet deed. En ook helemaal niet zou gaan doen. Met dank aan de financiële crisis waren er op dat moment nauwelijks huizen om de Haagse aardwarmte op aan te sluiten. En alsof dat nog niet erg genoeg was, deed de lokale geothermiebron het door technische problemen ook niet. Het leidde een jaar later tot het faillissement van de aardwarmtecentrale in Zuidwest. De gemeente Den Haag en drie lokale woningbouwcorporaties raakten meer dan 10 miljoen euro kwijt aan het prestigeproject dat bij elkaar ruim 20 miljoen euro had gekost. Daarna stak den Haag nog eens anderhalf miljoen in de afhandeling van het faillissement. Zeven jaar later lijkt de doorstart dan toch te lukken. De nieuwe partijen profiteren van de bestaande boorputten en enkele duurzaamheidssubsidies. Om rendabel te kunnen draaien hadden ze anders dubbel zo veel woningen moeten aansluiten. mislukt",AD/Haagsche Courant,Den Haag,city,Den Haag,den haag,den haag,city,"Den Haag, Zuid-Holland, Nederland",nominatim,geocode,52.0799838,4.3113461,POINT (4.3113461 52.0799838),,'s-Gravenhage,Zuid-Holland,sentences_points,0,,,PV28,GM0518,4.3113461,52.0799838
c8f3028a1a7344debe3224cd766055c6,424,60,De gemeente Westland gaat een groot aantal aardwarmtebronnen ontwikkelen en zal ruim genoeg warmte kunnen opwekken.,aardwarmtebronnen,Positive,Positive,0.7654,[7],Den Haag,city,Den Haag,city,Bestanden (500) (7).RTF,/Users/Yannick/dev/geothermal_text_mining/input_data/dutch/Bestanden (500) (7).RTF,AD/Haagsche Courant,9 April 2022,"Haagse huizen in het stadsdeel Escamp worden volgend jaar verwarmd met Westlandse aardwarmte. Westland en Den Haag gaan daarvoor samen één warmtenet realiseren dat bronnen in beide gemeenten met elkaar verbindt. De uitwisseling van warmte kan volgend jaar al beginnen. Westland en Den Haag hebben een studie naar de haalbaarheid van warmteverbindingen tussen beide gemeenten laten uitvoeren. In deze studie komt naar voren dat er een viertal opties voor koppelleidingen tussen het Westlandse en Haagse warmtenet kunnen worden uitgewerkt. Den Haag zet in op duurzame lokale bronnen zoals aardwarmte. In de Haagse ondergrond is ruimte voor vijftien geschikte locaties voor aardwarmte. Dat is niet genoeg. Met name in het stadsdeel Escamp is er een tekort. Daar kan naast de al bestaande aardwarmtebron aan de Leyweg verder nergens aardwarmte naar boven worden gehaald. De gemeente Westland gaat een groot aantal aardwarmtebronnen ontwikkelen en zal ruim genoeg warmte kunnen opwekken. Voor beide partijen is het aantrekkelijk als Den Haag warmte overneemt uit Westland. Westland en Den Haag willen nu samen met diverse marktpartijen één van de opties, het warmtenet in Westland verbinden met Wateringse Veld in Den Haag, verder uitwerken. Dan gaat het vooral om een technische uitwerking, met de locaties van de buizen, diameters en drukopbouw. Met de koppeling kan het bestaande warmtenet Wateringse Veld worden 'verduurzaamd' en kan aardwarmte worden geleverd aan toekomstige warmtenetten in het stadsdeel Escamp. Fred Vermeer",AD/Haagsche Courant,Den Haag,city,Den Haag,den haag,den haag,city,"Den Haag, Zuid-Holland, Nederland",nominatim,geocode,52.0799838,4.3113461,POINT (4.3113461 52.0799838),,'s-Gravenhage,Zuid-Holland,sentences_points,0,,,PV28,GM0518,4.3113461,52.0799838
c0a2adc1c1164867bbafffe3fb42b4f3,453,61,"De geothermieput is niet alleen bedoeld voor het duurzaam verwarmen van Delftse huizen, maar ook een bron van kennis voor wetenschappers van de TU Delft.",geothermieput,Positive,Positive,0.9972,[1],Delft,city,Delft,city,Bestanden (500) (7).RTF,/Users/Yannick/dev/geothermal_text_mining/input_data/dutch/Bestanden (500) (7).RTF,AD/Haagsche Courant,18 July 2022,"Omwonenden van de TU Campus zitten er volgend jaar misschien al warmpjes bij. Dan moet volgens de laatste plannen duurzame warmte worden opgewekt vanuit de nieuw te boren geothermiebron bij de TU Delft. Als alles meezit kunnen werknemers in november al beginnen met het boren om het aardwarmteproject Geothermie Delft aan te leggen. 'Vanaf volgend jaar kunnen eerst de TU-campus en daarna andere delen van de stad duurzame warmte krijgen', melden initiatiefnemers van het project. De aannemer is inmiddels met de voorbereidende werkzaamheden begonnen. Zo is er al grond afgevoerd en zijn er verstevigingspalen vrijgemaakt op de locatie aan de Rotterdamseweg. Nadat de put in november is geboord, worden een maand later in december tests uitgevoerd om te zien of alles goed is gegaan. De TU Delft, aardwarmtebedrijf Aardyn, Shell en Energie Beheer Nederland (EBN) werken in het project samen om de geothermische bron op de TU campus aan te laten leggen. De geothermieput is niet alleen bedoeld voor het duurzaam verwarmen van Delftse huizen, maar ook een bron van kennis voor wetenschappers van de TU Delft. Onderzoekers kunnen zo achterhalen hoe ze veilig en verantwoord meer aardwarmte kunnen winnen in de bebouwde omgeving. Om toelichting te geven op de boringen en werkzaamheden die waarschijnlijk vanaf dit najaar zullen beginnen, houdt Geothermie Delft dinsdagavond 26 juli om 19.30 uur een informatiebijeenkomst. 'Vanwege de zomervakantie zal de sessie online plaatsvinden.' Belangstellenden kunnen zich tot en met vrijdag 22 juli aanmelden via de website van Geothermie Delft. Wie nog vragen of opmerkingen over het project heeft, wordt aangemoedigd om die vooraf in te sturen.",AD/Haagsche Courant,Den Haag,city,Delft,delft,delft,city,"Delft, Zuid-Holland, Nederland",nominatim,geocode,51.9994572,4.3627245,POINT (4.3627245 51.9994572),,Delft,Zuid-Holland,sentences_points,1,Knowledge availability,kennis,PV28,GM0503,4.3627245,51.9994572
081f92d50c1445c7bf3c4eb7856dfb13,580,62,De grondwatertemperatuur stijgt al tientallen jaren als gevolg van de opwarming van de aarde.,grondwatertemperatuur,Negative,Negative,0.9959,[1],Berlijn,city,Berlijn,city,Bestanden (500) (5).RTF,/Users/Yannick/dev/geothermal_text_mining/input_data/dutch/Bestanden (500) (5).RTF,Friesch Dagblad,20 November 2023,"De grond- watertem- peratuur stijgt al tientallen jaren Alleen al in Berlijn zouden ondergrondse parkeergarages genoeg energie leveren aan het grondwater om 14.660 gezinnen van warmte te voorzien, stellen de onderzoekers in het tijdschrift Science of The Total Environment. Met behulp van aardwarmte en warmtepompen kan die warmte uit de bodem worden gehaald en benut. Het team mat de temperatuur in meer dan dertig ondergrondse parkeergarages in steden in Duitsland, Oostenrijk en Zwitserland. Daaruit blijkt dat de garages het grondwater het hele jaar door opwarmen. Het aantal auto's in de garage en de nabijheid van het grondwater spelen een belangrijke rol. Dieper gelegen ,,Openbare ondergrondse parkeergarages verwarmen het grondwater meer dan private garages, omdat ze vaak dieper zijn en de auto's er doorgaans korter parkeren"", zegt Maximilian Noethen, geowetenschapper aan de Martin Luther University Halle-Wittenberg. Volgens het team kunnen geothermische energie en warmtepompen helpen die overtollige warmte te benutten. ,,Dat zou ook als voordeel hebben dat er energie uit het grondwater wordt gehaald en dat het daardoor afkoelt"", zegt Noethen. De grondwatertemperatuur stijgt al tientallen jaren als gevolg van de opwarming van de aarde. In steden wordt dat nog verergerd door dichte bebouwing, verharding en gebrek aan planten en bomen. Omdat de organismen in het grondwater zijn aangepast aan constante temperaturen, kan ook de soortensamenstelling veranderen, en dat kan de kwaliteit van het grondwater aantasten. Het team berekende het potentieel voor 5040 ondergrondse parkeergarages in Berlijn. Omdat die zich vaak in de centrale wijken van de Duitse hoofdstad bevinden, in of nabij het grondwater, wordt daar bijzonder veel warmte aan het grondwater afgegeven: jaarlijks zo'n 0,65 petajoule. Daarmee zouden theoretisch zo'n 14.660 huizen van warmte kunnen worden voorzien. ,,Natuurlijk is warmte uit grondwater alleen niet voldoende om in de verwarmingsbehoeften van een stad als Berlijn of een land als Duitsland te voorzien. De temperatuur van het ondiepe grondwater is niet hoog genoeg om zonder warmtepomp warmte te leveren"", zegt professor Geowetenschappen Peter Bayer. ,,Maar we weten uit eerdere onderzoeken wel dat het potentieel voor geothermie veel verder gaat, en dat het in belangrijke mate kan bijdragen aan duurzame warmte."" Link naar PDF",Friesch Dagblad,Friesland,city,Berlijn,berlijn,berlijn,city,"Berlijnstraat, Lage Veld, Wateringse Veld, Escamp, Den Haag, Zuid-Holland, Nederland, 2548 BS, Nederland",nominatim,geocode,52.0224134,4.2925002,POINT (4.2925002 52.0224134),,'s-Gravenhage,Zuid-Holland,sentences_points,0,,,PV28,GM0518,4.2925002,52.0224134
a3e508b39fe34ac6a411b583d71990fd,147,63,De huizen die zo duurzame warmte krijgen liggen in de wijk Zuidwest.,huizen,Positive,Positive,0.8707,[1],Den Haag,city,Den Haag,city,Bestanden (501-1000) (1).RTF,/Users/Yannick/dev/geothermal_text_mining/input_data/dutch/Bestanden (501-1000) (1).RTF,NRC.NEXT,9 October 2020,"Den Haag wordt de eerste gemeente die de warmte van de aarde gaat benutten voor verwarming en warm kraanwater voor een stadswijk. Het ministerie van Economische Zaken en Klimaat (EZK) heeft donderdag groen licht gegeven voor een geothermie-project waarbij 1.200 huizen betrokken worden. Via een bron op twee kilometer diepte, bij de Haagse Leyweg, wordt water opgepompt dat bijna 80 graden warm is. De huizen die zo duurzame warmte krijgen liggen in de wijk Zuidwest. Het project is onderdeel van het project Proeftuinen Aardgasvrij van het ministerie van Binnenlandse Zaken. De gemeente is een van de financiers. Acht jaar geleden werd het project al formeel geopend, maar mede omdat er door de financiële crisis onvoldoende huizen werden opgeleverd, ging de betrokken onderneming failliet. Destijds werd er nooit daadwerkelijk warmte geleverd. Vijf jaar later werd het project weer nieuw leven in geblazen. Over vijf jaar moeten zo'n 2.500 huizen worden bediend en zou het project rendabel zijn. Aardwarmte wordt in Nederland al op meer plekken benut, vooral door de tuinbouwsector. Daarbij is soms een beperkt aantal woningen aangesloten. Door de aardbevingen rond de Groningse gasboringen stellen toezichthouders strenge veiligheidseisen. (NRC) Link naar PDF",NRC.NEXT,Nederland,city,Den Haag,den haag,den haag,city,"Den Haag, Zuid-Holland, Nederland",nominatim,geocode,52.0799838,4.3113461,POINT (4.3113461 52.0799838),,'s-Gravenhage,Zuid-Holland,sentences_points,1,Sustainability,duurzame warmte,PV28,GM0518,4.3113461,52.0799838
e50f5f7cd3a641e1a26468579ce35514,148,64,"De huizen die zo duurzame warmte krijgen, liggen in de wijk Zuidwest.",huizen,Positive,Positive,0.9068,[1],Den Haag,city,Den Haag,city,Bestanden (501-1000) (1).RTF,/Users/Yannick/dev/geothermal_text_mining/input_data/dutch/Bestanden (501-1000) (1).RTF,NRC Handelsblad,9 October 2020,"Den Haag wordt de eerste gemeente die de warmte van de aarde gaat benutten voor verwarming en warm kraanwater voor een stadswijk. Het ministerie van Economische Zaken en Klimaat (EZK) heeft donderdag groen licht gegeven voor een geothermie-project waarbij 1.200 huizen betrokken worden. Via een bron op twee kilometer diepte, bij de Haagse Leyweg, wordt water opgepompt dat bijna 80 graden heet is. De huizen die zo duurzame warmte krijgen, liggen in de wijk Zuidwest. Het project is onderdeel van het project Proeftuinen Aardgasvrij van het ministerie van Binnenlandse Zaken. De gemeente is een van de financiers. Acht jaar geleden werd het project al formeel geopend, maar mede omdat er door de financiële crisis onvoldoende huizen werden opgeleverd, ging de betrokken onderneming failliet. Ze heeft ook nooit daadwerkelijk warmte geleverd. Vijf jaar later werd het project weer nieuw leven in geblazen. Over vijf jaar moeten zo'n 2.500 huizen worden bediend en zou het project rendabel zijn. Aardwarmte wordt in Nederland al op meer plekken benut, vooral door de tuinbouwsector. Daarbij is soms een beperkt aantal woningen aangesloten. Door de aardbevingen rond de Groningse gasboringen stellen toezichthouders strenge veiligheidseisen. (NRC) Link naar PDF",NRC Handelsblad,Nederland,city,Den Haag,den haag,den haag,city,"Den Haag, Zuid-Holland, Nederland",nominatim,geocode,52.0799838,4.3113461,POINT (4.3113461 52.0799838),,'s-Gravenhage,Zuid-Holland,sentences_points,1,Sustainability,duurzame warmte,PV28,GM0518,4.3113461,52.0799838
ee510d1039d24d9db6d1e51cff94ffff,775,65,De iconische bar en het restaurant aan de kant van de zeedijk worden volledig gerenoveerd.,bar,Positive,Positive,0.9937,[2],Nieuwpoort,city,Nieuwpoort,city,Bestanden (500) (4).RTF,/Users/Yannick/dev/geothermal_text_mining/input_data/dutch/Bestanden (500) (4).RTF,De Krant van West-Vlaanderen,,"NIEUWPOORT - Exact 100 jaar na de bouw van het Grand Hotel, zal het iconische gebouw weer uit zijn as verrijzen. Het nieuwe prestigeproject wordt dé blikvanger van Nieuwpoort en zal verschillende functies vervullen. De nieuwe syndicus van The Grand is Wim Demeester van Immo Group-S. ""Het doel is om een gezond evenwicht te creëren tussen oude en nieuwe architectuur zodat het gebouw weer de status krijgt dat het verdient"", zegt hij. Circulair conceptBelevingsplein The Grand krijgt verschillende functies. Zo biedt het complex plaats aan 70 appartementen met verschillende oppervlaktes. Daarnaast is het gebouw ook toegankelijk voor het brede publiek. De iconische bar en het restaurant aan de kant van de zeedijk worden volledig gerenoveerd. Aan de kant van de Albert I-laan is dan weer ruimte voorzien voor ruime handelspanden. ""De veelzijdigheid van The Grand zorgt ervoor dat iedereen weer ten volle van deze historisch parel kan genieten"", aldus Wim Demeester. In het circulaire concept van The Grand wordt gebruikgemaakt van moderne en duurzame technieken zoals geothermie, zonnepanelen en maximale terugwinning van de geproduceerde warmte. Zo wordt het verbruik tot een absoluut minimum beperkt. Daarbovenop zal het gebouw zonder fossiele brandstoffen gekoeld en verwarmd worden. Daardoor genieten alle appartementen van een ideale winter- én zomertemperatuur. ""De duurzame en ecologische technieken zijn een voorbeeld van hoe je historische en iconische gebouwen een tweede leven kunt geven"", vertelt de nieuwe syndicus Wim Demeester. Naast de heropleving van The Grand krijgt ook de omgeving rond het project een extra boost. Zo krijgt eveneens het Hendrikaplein een nieuw leven. De bovengrondse parking zal een belevingsplein worden waarop kinderen zich kunnen uitleven, bezoekers even kunnen uitrusten en evenementen kunnen worden georganiseerd. The Grand en de omgeving daarrond worden dé trekpleister van Nieuwpoort-Bad. ""Het is natuurlijk een hele eer om syndicus van dit prestigeproject te mogen zijn"", besluit Wim Demeester. ""Ik ben ervan overtuigd dat dit Nieuwpoort een extra boost zal geven."" (PG)",De Krant van West-Vlaanderen,,city,Nieuwpoort,nieuwpoort,nieuwpoort,city,"Nieuwpoort, Molenlanden, Zuid-Holland, Nederland",nominatim,geocode,51.9353893,4.868505,POINT (4.868505 51.9353893),,Molenlanden,Zuid-Holland,sentences_points,0,,,PV28,GM1978,4.868505,51.9353893
9c9f1d38c43f42f9b80d6cde72532f25,176,66,De lezing is online te volgen: https://www.youtube.com/watch?v=2t9iusqR3yI,lezing,Positive,Positive,0.611,[1],Delft,city,Delft,city,Bestanden (501-1000) (1).RTF,/Users/Yannick/dev/geothermal_text_mining/input_data/dutch/Bestanden (501-1000) (1).RTF,AD/Haagsche Courant,20 November 2020,"TU-decaan Jan Dirk Jansen verzorgt zondag van 11.00 tot 12.00 uur de zogenoemde Van Leeuwenhoeklezing, waarin hij de vraag bespreekt of alle Delftse huizen verwarmd zouden kunnen worden door aardwarmte. Jansen zelf denkt van wel. Vragen als 'Hoe diep zit aardwarmte?', 'Hoe warm is het en hoe krijg je het naar boven?', 'Kan het opraken?' en 'Kun je er aardbevingen mee veroorzaken?' worden beantwoord. Ook vertelt Jansen over het TU-onderzoek naar verwarming van de campus met aardwarmte. De lezing is online te volgen: https://www.youtube.com/watch?v=2t9iusqR3yI",AD/Haagsche Courant,Den Haag,city,Delft,delft,delft,city,"Delft, Zuid-Holland, Nederland",nominatim,geocode,51.9994572,4.3627245,POINT (4.3627245 51.9994572),,Delft,Zuid-Holland,sentences_points,0,,,PV28,GM0503,4.3627245,51.9994572
b35ac7d5f9ad4aa0ac799362ff0164e5,644,67,De prijs van de warmte is op het moment van aansluiten namelijk vergelijkbaar met warmte gemaakt met aardgas.,warmte,Negative,Negative,0.929,[4],Delft,city,Delft,city,Bestanden (500) (4).RTF,/Users/Yannick/dev/geothermal_text_mining/input_data/dutch/Bestanden (500) (4).RTF,AD/Haagsche Courant,3 September 2024,"Delft introduceert verwarming voor 6000 woningen uit bron op TU Wat doet het warmtenet precies? Op ruim 2 kilometer onder de grond bij de TU Delft, zit warm water in de bodem, aardwarmte - ook wel geothermie genoemd. Dit water heeft een temperatuur van ongeveer 75 graden. Dit water wordt bij de aardwarmtebron omhoog gepompt. Door het warmtenet, een systeem van buizen van 16 kilometer lang onder de grond, stroomt het warme water richting de woongebouwen. Hiermee kunnen huurwoningen van woningcorporaties Vidomes, Stedelink, DUWO en Woonbron worden verwarmd. Daardoor is er geen gas meer nodig. Welke wijken in Delft worden aangesloten op het warmtenet? Voorlopig is dit warmtenet bedoeld voor Buitenhof, Voorhof en de TU Delft Campus. Omdat er in deze wijken veel woningen op een klein oppervlak staan. En omdat bewoners in deze gebouwen een gasketel delen, maakt dit het aansluiten op een warmtenet makkelijker, geeft de gemeente aan. Totaal kunnen er in Voorhof en Buitenhof 15.000 woningen op het netwerk aangesloten worden. Dit zijn ook koopwoningen. In het 'Warmteplan Delft', dat in 2021 is vastgesteld, staat voor elke wijk welk alternatief voor aardgas de meest geschikte oplossing is. Voor de binnenstad is nu nog onduidelijk welke alternatieve bron voor aardgas kan worden gebruikt. Gaan bewoners nu meer of minder betalen? Ze gaan niet meer, maar ook niet minder betalen. De prijs van de warmte is op het moment van aansluiten namelijk vergelijkbaar met warmte gemaakt met aardgas. Daarna beweegt de prijs mee met de werkelijke kostenontwikkeling voor de productie en distributie van de warmte. De afgelopen jaren is de prijs van gas niet altijd hetzelfde gebleven door de oorlog tussen Rusland en Oekraïne. Met het warmtenet blijven de prijzen stabieler dan voorheen. Wat merken bewoners van het warmtenet? Als het warmtenet er eenmaal ligt, merken bewoners er vrij weinig van. De centrale gasverwarmingsketel wordt vervangen door een aansluiting op het nieuwe warmtenet voor het hele gebouw. De verwarming van woningen kan dan nog steeds met dezelfde radiator ingesteld worden. Van de aanleg van het net kunnen Delftenaren wel wat merken. De soms wel 70 centimeter brede buizen gaan namelijk onder de grond. Hiervoor moeten straten opengebroken worden, wat voor veranderende verkeerssituaties kan zorgen. Dit gebeurt in fases. Voor hoe lang kan er aardwarmte uit de grond worden gehaald? Waarschijnlijk is er genoeg aardwarmte voor de komende dertig jaar. Als dit op is, kan er op hetzelfde warmtenet dat nu wordt aangelegd een andere bron worden aangesloten. Wanneer kan er gebruikgemaakt worden van het warmtenet? De allereerste huizen kunnen - als alles volgens plan gaat - in het najaar van 2025 gebruikmaken van het warmtenet. Uiteindelijk is het de bedoeling dat in 2027 alle 6000 huurwoningen op het netwerk zijn aangesloten. Uiteindelijk is het de bedoeling dat in 2027 alle 6000 huurwoningen op het netwerk zijn aangesloten Ook bij de Sterflats wordt het warmtenet aangesloten.",AD/Haagsche Courant,Den Haag,city,Delft,delft,delft,city,"Delft, Zuid-Holland, Nederland",nominatim,geocode,51.9994572,4.3627245,POINT (4.3627245 51.9994572),,Delft,Zuid-Holland,sentences_points,0,,,PV28,GM0503,4.3627245,51.9994572
08d583f7661a4dfcaa74ac4154427e9d,460,68,"De productie van aardwarmte gaat nu nog gewoon door ondanks de vernietiging van de daarvoor vereiste vergunning door de Zwolse rechtbank. 'Er is nu sprake van een illegale situatie', aldus de voorzieningenrechter van de Raad van State.",aardwarmte,Positive,Positive,0.8346,[3],Den Haag,city,Den Haag,city,Bestanden (500) (6).RTF,/Users/Yannick/dev/geothermal_text_mining/input_data/dutch/Bestanden (500) (6).RTF,De Noordoostpolder,10 August 2022,"Den Haag Het bedrijf Hoogweg Aardwarmte is donderdag naar de Raad van State in Den Haag gestapt om zijn voortbestaan te redden. Dat stelde de advocaat van Hoogweg tijdens een spoedzitting bij de Raad. Ook de paprikakwekerijen van Hoogweg worden volgens de advocaat in hun voorbestaan bedreigd als het aardwarmteproject aan de Nieuwlandseweg wordt stilgelegd. De productie van aardwarmte gaat nu nog gewoon door ondanks de vernietiging van de daarvoor vereiste vergunning door de Zwolse rechtbank. 'Er is nu sprake van een illegale situatie', aldus de voorzieningenrechter van de Raad van State. Handhavers kunnen de productie gewoon stilleggen, maar er is tot nu toe niets gebeurd. Om dat voor te zijn heeft Hoogweg aan de Raad gevraagd om de vergunning voorlopig in stand te laten totdat de Raad de kwestie later dit jaar uitvoerig heeft onderzocht. In dat geval staan de handhavers namelijk met lege handen. Voor de Raad van State is het de vraag of er sprake is van een urgente situatie. Staatstoezicht op de mijnen zou hier moeten handhaven. Eventueel ook de provincie Flevoland. Ze zitten allebei stil. Maar volgens de advocaat van Hoogweg kan dit zomaar veranderen en dan zijn de rapen gaar. De aardwarmte kan dan niet meer geleverd worden aan de paprikakwekers en die moeten dan voor hun verwarming duur gas aankopen. Duurzame energie Een mogelijke reden waarom er nog niet is gehandhaafd kan zijn dat dit energieproject van Hoogweg duurzaam is en stikstofvrij warmte levert aan de kwekerijen. Volgens de advocaat van Hoogweg staat ook de provincie Flevoland achter dit energieproject waarbij warm water uit de ondergrond wordt opgepompt en benut door de kwekers. Toch zorgde de provincie Overijssel ervoor dat de vergunning van Hoogweg werd vernietigd. Overijssel komt namelijk op voor de bescherming van Natura 2000 gebied De Weerribben dat dichtbij ligt. Naast het warme water komt ook wat gas mee uit de ondergrond. Dat wordt ook benut door de kwekers. Maar gasverbranding kan wel het natuurgebied schaden. 'We hebben er geen belang bij dat dit project wordt stilgelegd. Maar dit is een principezaak die goed moet worden geregeld', aldus een woordvoerster van de provincie. De Raad doet volgende week uitspraak. Link naar PDF",De Noordoostpolder,,city,Den Haag,den haag,den haag,city,"Den Haag, Zuid-Holland, Nederland",nominatim,geocode,52.0799838,4.3113461,POINT (4.3113461 52.0799838),,'s-Gravenhage,Zuid-Holland,sentences_points,1,Governance,vergunning,PV28,GM0518,4.3113461,52.0799838
aad3e320158f4bedaaee64572dca1cd3,456,69,"De productie van aardwarmte gaat nu nog gewoon door ondanks de vernietiging van de daarvoor vereiste vergunning door de Zwolse rechtbank. ,,Er is nu sprake van een illegale situatie"", aldus de voorzieningenrechter van de Raad van State.",aardwarmte,Positive,Positive,0.6902,[3],Hoogweg,site,Hoogweg,site,Bestanden (500) (6).RTF,/Users/Yannick/dev/geothermal_text_mining/input_data/dutch/Bestanden (500) (6).RTF,Steenwijker Courant,5 August 2022,"Ook de paprikakwekerijen van Hoogweg worden volgens de advocaat in hun voorbestaan bedreigd als het aardwarmteproject aan de Nieuwlandseweg wordt stilgelegd. De productie van aardwarmte gaat nu nog gewoon door ondanks de vernietiging van de daarvoor vereiste vergunning door de Zwolse rechtbank. ,,Er is nu sprake van een illegale situatie"", aldus de voorzieningenrechter van de Raad van State. Handhavers kunnen de productie gewoon stilleggen, maar er is tot nu toe niets gebeurd. Om dat voor te zijn heeft Hoogweg aan de Raad gevraagd om de vergunning voorlopig in stand te laten totdat de Raad de kwestie later dit jaar uitvoerig heeft onderzocht. In dat geval staan de handhavers namelijk met lege handen. Urgent of niet? Voor de Raad van State is het de vraag of er sprake is van een urgente situatie. Staatstoezicht op de mijnen zou hier moeten handhaven. Eventueel ook de provincie Flevoland. Ze zitten allebei stil. Maar volgens de advocaat van Hoogweg kan dit zomaar veranderen en dan zijn de rapen gaar. De aardwarmte kan dan niet meer geleverd worden aan de paprikakwekers en die moeten dan voor hun verwarming duur gas aankopen. Duurzame energie Een mogelijke reden waarom er nog niet is gehandhaafd kan zijn dat dit energieproject van Hoogweg duurzaam is en stikstofvrij warmte levert aan de kwekerijen. Volgens de advocaat van Hoogweg staat ook de provincie Flevoland achter dit energieproject waarbij warm water uit de ondergrond wordt opgepompt en benut door de kwekers. Toch zorgde de provincie Overijssel ervoor dat de vergunning van Hoogweg werd vernietigd. Overijssel komt namelijk op voor de bescherming van Natura 2000 gebied De Weerribben dat dichtbij ligt. Naast het warme water komt ook wat gas mee uit de ondergrond. Dat wordt ook benut door de kwekers. Maar gasverbranding kan wel het natuurgebied schaden. ,,We hebben er geen belang bij dat dit project wordt stilgelegd. Maar dit is een principezaak die goed moet worden geregeld"", aldus een woordvoerster van de provincie. De Raad doet binnen twee weken uitspraak. Link naar PDF",Steenwijker Courant,,site,Hoogweg,hoogweg,hoogweg,site,"Hoogweg, Noordwijkerhout, Noordwijk, Zuid-Holland, Nederland, 2211 XR, Nederland",nominatim,geocode,52.2449437,4.4624735,POINT (4.4624735 52.2449437),,Noordwijk,Zuid-Holland,sentences_points,1,Governance,vergunning,PV28,GM0575,4.4624735,52.2449437
04960ab8b15a4cca937d0acb4045b38a,341,70,"De provincie en de dertien gemeenten waarmee samen het bezwaar is ingediend, worden niet als belanghebbenden gezien.",provincie,Negative,Negative,0.9881,[1],Naaldwijk,site,Naaldwijk,site,Bestanden (1500-1862).RTF,/Users/Yannick/dev/geothermal_text_mining/input_data/dutch/Bestanden (1500-1862).RTF,Nieuwe Oogst,16 October 2021,"Helft Leader-budget Zuid-Holland - Van de in totaal 2 miljoen euro die dit en volgend jaar in Zuid-Holland beschikbaar is voor Leader-projecten, is nog de helft beschikbaar. Leader is onderdeel van het Europese plattelandsontwikkelingsprogramma POP3 en moet bijdragen aan vitale landbouw en betere verbinding tussen stad en platteland. Deze maand kreeg een melkveehouder uit Woerdense Verlaat de subsidie uitgereikt voor de realisatie van vier hooiberghutten van biobased bouwmaterialen waarin gasten kunnen logeren. Utrecht niet-ontvankelijk in zaak tegen opsporen gas Utrecht - Provincie Utrecht is niet-ontvankelijk verklaard in de bezwaarprocedure tegen de verlenging van de vergunning voor het opsporen van olie en gas. De provincie en de dertien gemeenten waarmee samen het bezwaar is ingediend, worden niet als belanghebbenden gezien. Zij gaan in beroep, want zij vinden nieuwe aardgaswinning niet passen bij de provinciale ambitie om de warmtevraag in 2040 volledig duurzaam in te vullen en het besluit over verlenging onvoldoende onderbouwd. Ingebruikname Trias Naaldwijk - Secretaris-generaal van LNV Jan-Kees Goet en directeur-generaal van EZK Sandor Gaastra hebben woensdag samen met telers de ingebruikname van Trias Westland in Naaldwijk bekrachtigd. Met twee geothermiebronnen op 2,3 kilometer diepte en een 4 kilometer onderzoeksboring is Trias Westland volgens hen de springplank naar het Warmtesysteem Westland. Een groot deel van dit warmtenet fungeert als hoofdleiding binnen Warmtesysteem Westland. 6 ton voor ontwikkeling Noord-Holland - Provincie Noord-Holland heeft ruim 3 ton gereserveerd voor plattelandsontwikkeling in de Kop van Noord-Holland. De Europese Unie stelt eenzelfde bedrag beschikbaar. Organisaties, ondernemers en gemeenten in de Kop van Noord-Holland kunnen van 6 december 2021 tot en met 10 februari 2022 een subsidieaanvraag indienen bij Leader. De afgelopen periode is een bijdrage geleverd aan onder meer Beleefcentrum Duurzame Energie Leven van de Wind in Wieringerwerf en Natuurcentrum De Marel bij Waalenburg op Texel.",Nieuwe Oogst,Nederland,site,Naaldwijk,naaldwijk,naaldwijk,site,"Naaldwijk, Westland, Zuid-Holland, Nederland",nominatim,geocode,51.9930016,4.2074197,POINT (4.2074197 51.9930016),,Westland,Zuid-Holland,sentences_points,0,,,PV28,GM1783,4.2074197,51.9930016
c4d4c374f5fc4b719821bfb972c05896,456,71,De Raad doet binnen twee weken uitspraak.,Raad,Positive,Positive,0.7776,[1],Hoogweg,site,Hoogweg,site,Bestanden (500) (6).RTF,/Users/Yannick/dev/geothermal_text_mining/input_data/dutch/Bestanden (500) (6).RTF,Steenwijker Courant,5 August 2022,"Ook de paprikakwekerijen van Hoogweg worden volgens de advocaat in hun voorbestaan bedreigd als het aardwarmteproject aan de Nieuwlandseweg wordt stilgelegd. De productie van aardwarmte gaat nu nog gewoon door ondanks de vernietiging van de daarvoor vereiste vergunning door de Zwolse rechtbank. ,,Er is nu sprake van een illegale situatie"", aldus de voorzieningenrechter van de Raad van State. Handhavers kunnen de productie gewoon stilleggen, maar er is tot nu toe niets gebeurd. Om dat voor te zijn heeft Hoogweg aan de Raad gevraagd om de vergunning voorlopig in stand te laten totdat de Raad de kwestie later dit jaar uitvoerig heeft onderzocht. In dat geval staan de handhavers namelijk met lege handen. Urgent of niet? Voor de Raad van State is het de vraag of er sprake is van een urgente situatie. Staatstoezicht op de mijnen zou hier moeten handhaven. Eventueel ook de provincie Flevoland. Ze zitten allebei stil. Maar volgens de advocaat van Hoogweg kan dit zomaar veranderen en dan zijn de rapen gaar. De aardwarmte kan dan niet meer geleverd worden aan de paprikakwekers en die moeten dan voor hun verwarming duur gas aankopen. Duurzame energie Een mogelijke reden waarom er nog niet is gehandhaafd kan zijn dat dit energieproject van Hoogweg duurzaam is en stikstofvrij warmte levert aan de kwekerijen. Volgens de advocaat van Hoogweg staat ook de provincie Flevoland achter dit energieproject waarbij warm water uit de ondergrond wordt opgepompt en benut door de kwekers. Toch zorgde de provincie Overijssel ervoor dat de vergunning van Hoogweg werd vernietigd. Overijssel komt namelijk op voor de bescherming van Natura 2000 gebied De Weerribben dat dichtbij ligt. Naast het warme water komt ook wat gas mee uit de ondergrond. Dat wordt ook benut door de kwekers. Maar gasverbranding kan wel het natuurgebied schaden. ,,We hebben er geen belang bij dat dit project wordt stilgelegd. Maar dit is een principezaak die goed moet worden geregeld"", aldus een woordvoerster van de provincie. De Raad doet binnen twee weken uitspraak. Link naar PDF",Steenwijker Courant,,site,Hoogweg,hoogweg,hoogweg,site,"Hoogweg, Noordwijkerhout, Noordwijk, Zuid-Holland, Nederland, 2211 XR, Nederland",nominatim,geocode,52.2449437,4.4624735,POINT (4.4624735 52.2449437),,Noordwijk,Zuid-Holland,sentences_points,0,,,PV28,GM0575,4.4624735,52.2449437
ad4289e13f774655a217d0af0cef11db,753,72,"De reden dat het niet meer huizen kan helpen, is dat er niet genoeg ruimte is voor de warmtepompen die het water verder moeten opwarmen.",warmtepompen,Negative,Negative,0.992,[19],Mariahoeve,site,Mariahoeve,site,1-500.RTF,/Users/Yannick/dev/geothermal_text_mining/input_data/dutch/1-500.RTF,AD/Haagsche Courant,15 December 2025,"Zo wordt er nu gekeken hoe afvalwater kan worden gebruikt om woningen op te warmen zonder aardgas. Het water stroomt nu naar de Noordzee, maar aangezien het een warmte heeft van ongeveer twintig graden, zou het mogelijk ook ergens anders voor kunnen dienen. Alle woningen in de stad zouden op schone energie moeten draaien, als het aan de gemeente Den Haag ligt. Het halen van warmte uit water is daar de ideale oplossing voor. 'De kansen voor het gebruik van het gezuiverde afvalwater zijn groot. Dus graag zoeken we samen met het Hoogheemraadschap verder uit waar en hoe we deze warmte kunnen inzetten', laat wethouder Arjen Kapteijns (energietransitie) weten in een persbericht. Als het onderzoek positieve resultaten oplevert, zou het mogelijk zo'n 20.000 huishoudens in Den Haag kunnen opwarmen zonder fossiele brandstoffen te gebruiken. De reden dat het niet meer huizen kan helpen, is dat er niet genoeg ruimte is voor de warmtepompen die het water verder moeten opwarmen. En dus wordt er ook gekeken naar andere projecten. Geothermie Zo wordt er momenteel onderzoek gedaan naar een geothermiebron in de wijk Mariahoeve. Dat houdt in dat warmte uit de diepe ondergrond wordt gehaald om woningen op te warmen. Water dat op zo'n twee of drie kilometer diepte in de aarde ligt, bereikt namelijk zo'n 70 tot 90 graden en biedt een perfecte oplossing. De werkplaats van het Hoogheemraadschap Delfland.",AD/Haagsche Courant,Den Haag,site,Mariahoeve,mariahoeve,mariahoeve,site,"Mariahoeve, Haagse Hout, Den Haag, Zuid-Holland, Nederland, 2592 HD, Nederland",nominatim,geocode,52.0937664,4.3581345,POINT (4.3581345 52.0937664),,'s-Gravenhage,Zuid-Holland,sentences_points,0,,,PV28,GM0518,4.3581345,52.0937664
c45f7826ddff498cbcb745d7e250f663,563,73,"De scenario's moeten uitsluitsel bieden of het handig is het stadsverwarmingsnetwerk die kant op uit te breiden of juist een nieuwe, meer plaatselijke warmtebron te benutten en aan te sluiten op ORES.",scenario,Negative,Negative,0.6867,[1],Leiden,city,Leiden,city,Bestanden (500) (5).RTF,/Users/Yannick/dev/geothermal_text_mining/input_data/dutch/Bestanden (500) (5).RTF,Leidsch Dagblad,4 September 2023,"energie Regio in gesprek met Shell en Firan, de ontwikkeltak van Alliander De Leidse regio is in gesprek met Shell en Firan - de ontwikkeltak van Alliander - over de mogelijke aanleg van een pijpleiding voor het transport van aardwarmte van Noordwijk naar Leiden. Dat blijkt uit de meest recente voortgangsrapportage van de warmtetransitie in de Leidse regio. Leiden/Noordwijk De dertien gemeenten binnen de regio Holland Rijnland overleggen al jaren over een regionaal warmtenet dat niet afhankelijk is van fossiele brandstoffen. Een restwarmtepijp uit het Rotterdamse havengebied (Warmtelinq) is daarin voorzien als de vervanging van de gasgestookte Leidse stadsverwarming, maar die heeft amper meer capaciteit dan de huidige aansluitingen vragen. Het doel is een groot leidingennetwerk waarop allerhande andere warmtebronnen ook worden aangesloten, een open regionaal energiesysteem (ORES). Aardwarmte Uit de meest recente voortgangsrapportage van deze hele operatie in de Leidse subregio (Leiden, Katwijk, Oegstgeest, Leiderdorp, Zoeterwoude en Voorschoten) blijkt dat de gesprekken zijn begonnen voor een pijpleiding tussen Leiden en Noordwijk. In laatstgenoemde gemeente liggen de beste kansen voor het winnen van aardwarmte, waarop de hoop gevestigd is als tweede grootschalige warmtebron. Die is in eerste instantie nodig voor de directe omgeving daar, maar in de voortgangsrapportage staat dat het consortium Aardwarmte Rijnland (dat bestaat uit Shell, D4 en Firan) overweegt ook delen van de Leidse regio van deze warmte te voorzien. Rotterdam De mogelijkheid om de Noordwijkse pijpleiding rechtstreeks te koppelen aan de Rotterdamse (nabij A44-knooppunt Leiden) wordt daarbij nadrukkelijk genoemd en is onderwerp van gesprek. Over hoe het moet in Leiderdorp en Zoeterwoude worden scenario's uitgewerkt. Linksom of rechtsom zitten deze twee gemeenten achteraan in een netwerk. De scenario's moeten uitsluitsel bieden of het handig is het stadsverwarmingsnetwerk die kant op uit te breiden of juist een nieuwe, meer plaatselijke warmtebron te benutten en aan te sluiten op ORES. Alphen aan den Rijn In het onderzoek wordt ook Alphen aan den Rijn betrokken, want ook de warmtevraag daarvandaan speelt een rol. Leiderdorp en Zoeterwoude achteraan in een netwerk PDF-bestand van dit document",Leidsch Dagblad,Leiden,city,Leiden,leiden,leiden,city,"Leiden, Zuid-Holland, Nederland",nominatim,geocode,52.1594747,4.4908843,POINT (4.4908843 52.1594747),,Leiden,Zuid-Holland,sentences_points,0,,,PV28,GM0546,4.4908843,52.1594747
f69bad890db7451d8847939e36d52b91,345,74,De slechte invloed op de waterkwaliteit door de rivierkreeft baart het waterschap zorgen.,waterkwaliteit,Negative,Negative,0.9968,[5],Maasdijk,site,Maasdijk,site,Bestanden (1500-1862).RTF,/Users/Yannick/dev/geothermal_text_mining/input_data/dutch/Bestanden (1500-1862).RTF,Nieuwe Oogst,23 October 2021,"Alphen aan den Rijn doet onderzoek naar buitengebied Alphen aan den Rijn - Onderzoek of het mogelijk is om een accountmanager boerenerven aan te stellen, die zich bezighoudt met het ondersteunen en meedenken met agrarisch ondernemers over hun toekomstplannen. Dat is een aanbeveling uit het onderzoek dat gemeente Alphen aan den Rijn liet uitvoeren naar de toekomst van haar buitengebied. Uit het onderzoek komt naar voren dat er weinig zicht is op hoe het met boeren gaat en wat hun ambities zijn. De gemeente gebruikt de resultaten en aanbevelingen als bouwstenen voor een nieuw op te stellen programma 'Landelijk gebied'. Zorgen over waterkwaliteit door rivierkreeften Krimpenerwaard - Hoogheemraadschap van Schieland en Krimpenerwaard heeft in de Krimpenerwaard op 90 procent van alle onderzochte locaties rivierkreeften gevangen. In Schieland zijn kreeften op een derde van de locaties aangetroffen. De slechte invloed op de waterkwaliteit door de rivierkreeft baart het waterschap zorgen. Sinds 2020 doet het schap onderzoek naar de rode Amerikaanse rivierkreeft. Besluit aanleg zonneweide Jaagweg nog uitgesteld Berkhout - Het gemeentebestuur van Koggenland heeft meer tijd nodig om een raadsbesluit voor te bereiden over het in eigen beheer ontwikkelen van een zonneweide aan de Jaagweg in Berkhout. Er is te veel onzekerheid over de kosten van de netaansluiting en de benodigde grondstoffen. Die stijgen de pan uit, stelt het college van burgemeester en wethouders. Doordat netbeheerder Liander te weinig capaciteit over heeft op het bestaande energienetwerk, kunnen ook die kosten in de papieren lopen. Aansluiting op een ander onderstation in Midwoud vraagt om een kabel van ruim 15 kilometer, die onder de snelweg A7 en twee spoorlijnen zou moeten worden doorgetrokken. Komst aardwarmteproject Maasdijk stap dichterbij Maasdijk - De realisatie van het aardwarmteproject in Maasdijk is een stuk dichterbij gekomen met het akkoord van aandeelhouders HVC en Capturam over het verstrekken van het eigen vermogen voor drie doubletten en de aanleg van het warmtenet. Daarnaast hebben de leden van de Warmtecoöperatie Kralingerpolder zich aangesloten bij de coöperatie Maasdijk. De werkzaamheden voor realisatie van het project, dat in 2018 door glastuinders is geïnitieerd, starten nog dit jaar. Glastuinders Oostland willen aan de slag met gietwater Oostland - Tuinders in Oostland willen aan de slag met gietwater. Dat blijkt uit een enquête die deze zomer is gehouden door twee studenten van de Haagse Hogeschool naar de gevolgen van de klimaatverandering voor de sector. Deze week zijn de resultaten gepresenteerd op Glastuinbouw Waterproof. Uit het onderzoek blijkt dat de helft van de telers problemen voorziet bij de beschikking over minder grondwater. Gietwater kan volgens een groot deel van ondernemers als alternatief dienen. Gemeenten Langedijk en Heerhugowaard fuseren Langedijk/Heerhugowaard - Gemeenten Langedijk en Heerhugowaard fuseren per 1 januari 2022 tot de gemeente Dijk en Waard. Twaalf politieke partijen doen mee aan de herindelingsverkiezingen in de gemeenten die eind november worden gehouden.",Nieuwe Oogst,Nederland,site,Maasdijk,maasdijk,maasdijk,site,"Maasdijk, Westland, Zuid-Holland, Nederland",nominatim,geocode,51.9575497,4.2149056,POINT (4.2149056 51.9575497),,Westland,Zuid-Holland,sentences_points,0,,,PV28,GM1783,4.2149056,51.9575497
c4263fa4f1ea4eaebc5dd13111876997,644,75,De soms wel 70 centimeter brede buizen gaan namelijk onder de grond.,buizen,Negative,Negative,0.9969,[6],Delft,city,Delft,city,Bestanden (500) (4).RTF,/Users/Yannick/dev/geothermal_text_mining/input_data/dutch/Bestanden (500) (4).RTF,AD/Haagsche Courant,3 September 2024,"Delft introduceert verwarming voor 6000 woningen uit bron op TU Wat doet het warmtenet precies? Op ruim 2 kilometer onder de grond bij de TU Delft, zit warm water in de bodem, aardwarmte - ook wel geothermie genoemd. Dit water heeft een temperatuur van ongeveer 75 graden. Dit water wordt bij de aardwarmtebron omhoog gepompt. Door het warmtenet, een systeem van buizen van 16 kilometer lang onder de grond, stroomt het warme water richting de woongebouwen. Hiermee kunnen huurwoningen van woningcorporaties Vidomes, Stedelink, DUWO en Woonbron worden verwarmd. Daardoor is er geen gas meer nodig. Welke wijken in Delft worden aangesloten op het warmtenet? Voorlopig is dit warmtenet bedoeld voor Buitenhof, Voorhof en de TU Delft Campus. Omdat er in deze wijken veel woningen op een klein oppervlak staan. En omdat bewoners in deze gebouwen een gasketel delen, maakt dit het aansluiten op een warmtenet makkelijker, geeft de gemeente aan. Totaal kunnen er in Voorhof en Buitenhof 15.000 woningen op het netwerk aangesloten worden. Dit zijn ook koopwoningen. In het 'Warmteplan Delft', dat in 2021 is vastgesteld, staat voor elke wijk welk alternatief voor aardgas de meest geschikte oplossing is. Voor de binnenstad is nu nog onduidelijk welke alternatieve bron voor aardgas kan worden gebruikt. Gaan bewoners nu meer of minder betalen? Ze gaan niet meer, maar ook niet minder betalen. De prijs van de warmte is op het moment van aansluiten namelijk vergelijkbaar met warmte gemaakt met aardgas. Daarna beweegt de prijs mee met de werkelijke kostenontwikkeling voor de productie en distributie van de warmte. De afgelopen jaren is de prijs van gas niet altijd hetzelfde gebleven door de oorlog tussen Rusland en Oekraïne. Met het warmtenet blijven de prijzen stabieler dan voorheen. Wat merken bewoners van het warmtenet? Als het warmtenet er eenmaal ligt, merken bewoners er vrij weinig van. De centrale gasverwarmingsketel wordt vervangen door een aansluiting op het nieuwe warmtenet voor het hele gebouw. De verwarming van woningen kan dan nog steeds met dezelfde radiator ingesteld worden. Van de aanleg van het net kunnen Delftenaren wel wat merken. De soms wel 70 centimeter brede buizen gaan namelijk onder de grond. Hiervoor moeten straten opengebroken worden, wat voor veranderende verkeerssituaties kan zorgen. Dit gebeurt in fases. Voor hoe lang kan er aardwarmte uit de grond worden gehaald? Waarschijnlijk is er genoeg aardwarmte voor de komende dertig jaar. Als dit op is, kan er op hetzelfde warmtenet dat nu wordt aangelegd een andere bron worden aangesloten. Wanneer kan er gebruikgemaakt worden van het warmtenet? De allereerste huizen kunnen - als alles volgens plan gaat - in het najaar van 2025 gebruikmaken van het warmtenet. Uiteindelijk is het de bedoeling dat in 2027 alle 6000 huurwoningen op het netwerk zijn aangesloten. Uiteindelijk is het de bedoeling dat in 2027 alle 6000 huurwoningen op het netwerk zijn aangesloten Ook bij de Sterflats wordt het warmtenet aangesloten.",AD/Haagsche Courant,Den Haag,city,Delft,delft,delft,city,"Delft, Zuid-Holland, Nederland",nominatim,geocode,51.9994572,4.3627245,POINT (4.3627245 51.9994572),,Delft,Zuid-Holland,sentences_points,0,,,PV28,GM0503,4.3627245,51.9994572
b9e57e7a15394bac85934bab28ff6b27,668,76,"De stichting blijft tegenargumenten geven om deze niet te plaatsen, onder meer als het gaat om de gezondheid van omwonenden.",stichting,Negative,Negative,0.9851,[1],Gorinchem,city,Gorinchem,city,1-500.RTF,/Users/Yannick/dev/geothermal_text_mining/input_data/dutch/1-500.RTF,AD/Rivierenland,12 December 2024,"Mooi en Duurzaam Gorinchem komt met alternatief Hij heeft dat alternatief niet alleen bedacht, maar deed een beroep op deskundigen van Pondera, een bureau dat onderzoek doet en advies biedt op het gebied van schone energie. Daarnaast mobiliseerde hij nog enkele regiobewoners: ingenieurs en innovatiemanagers die verstand van zaken hebben als het om de energietransitie gaat. Hun eerste bevindingen zijn inmiddels naar Gorcumse gemeenteraadsleden gestuurd. Stichting Mooi en Duurzaam Gorinchem is ontstaan doordat tegenstanders van windturbines op Avelingen, onder wie ondernemers en inwoners, zich verenigden. Onder invloed van die weerstand besloot Gorinchem om het gebied nabij de Merwedebrug te schrappen als zoeklocatie voor windenergie. De provincie Zuid-Holland houdt die optie open wanneer Gorinchem en Molenlanden hun belofte voor groene energie niet kunnen inlossen. De stichting blijft tegenargumenten geven om deze niet te plaatsen, onder meer als het gaat om de gezondheid van omwonenden. En nu komt Mooi en Duurzaam Gorinchem met een alternatieve energiebron. Huizen ,,Het is gemakkelijk om te zeggen: Niet doen! Maar wij willen wel een alternatief bieden én dat ligt naar onze mening in aardwarmte'', zegt voorman Peter Verschoor. Met aardwarmte - warm water dat uit de bodem wordt opgepompt - kunnen huizen via een gesloten systeem worden verwarmd. Het afgekoelde water gaat terug de diepte van de aarde in waar het opnieuw wordt opgewarmd. ,,Dit gebeurt al op meerdere plekken in ons land: dat zou ook in Gorinchem moeten kunnen.'' Voor die verkenning kwamen medio september deskundigen, ondernemers en een Statenlid bijeen bij Damen Shipyards, dat zelf ook zoekt naar duurzame energiebronnen. ,,Dit was in eerste instantie bedoeld als kennisuitwisseling rond technologische innovaties, ontwikkelingen en pilots op het gebied van duurzame energie. We willen allemaal op de een of andere manier willen investeren in een duurzame toekomst.'' Al tijdens die bijeenkomst lieten deskundigen van Pondera doorschemeren dat de regio Alblasserwaard-Vijfheerenlanden potentie heeft voor aardwarmtewinning. ,,Er liggen pockets met water onder onze voeten die qua temperatuur, diepte en volume geschikt zijn voor geothermie. De voorlopige voorzichtige conclusie is dat dit een aantrekkelijke optie is die nader onderzoek vraagt. Het voordeel van aardwarmte is dat dit de klok rond beschikbaar is, in tegenstelling tot zonne- en windenergie'', zegt Verschoor. Stichting Mooi en Duurzaam Gorinchem en haar deskundigen staan niet alleen in hun conclusie dat aardwarmte een alternatief kan zijn voor fossiele brandstoffen. Energie Beheer Nederland, dat namens de staat betrokken is bij energiewinning, concludeerde najaar 2020 al na eigen onderzoek dat ruim een kwart van de Nederlandse woningen in de toekomst verwarmd zou kunnen worden met warmte uit de aardbodem. Zelfs Gorinchem deed zo'n vijftien jaar geleden onderzoek naar geothermie. Dat liep spaak omdat de gemeente zelf geen geld had om proefboringen te laten uitvoeren. Energiemaatschappijen die werden benaderd, hadden geen interesse om te investeren. ,,In het hele land zijn proef- boringen. Als je als gemeente weet dat er kansen liggen, waarom onderzoek je die niet alsnog?'', aldus Verschoor. Dit gebeurt al op meerdere plekken in ons land: dat zou ook in Gorinchem moeten kunnen Peter Verschoor",AD/Rivierenland,Rivierenland (Gelderland),city,Gorinchem,gorinchem,gorinchem,city,"Gorinchem, Zuid-Holland, Nederland",nominatim,geocode,51.8296133,4.9738743,POINT (4.9738743 51.8296133),,Gorinchem,Zuid-Holland,sentences_points,0,,,PV28,GM0512,4.9738743,51.8296133
87962e2373e744ec964940978f5e65d3,503,77,De urgentie van deze projecten is hoog.,projecten,Negative,Negative,0.9849,[4],Monster,city,Monster,city,Bestanden (500) (6).RTF,/Users/Yannick/dev/geothermal_text_mining/input_data/dutch/Bestanden (500) (6).RTF,AD/Haagsche Courant,21 December 2022,"Na voorbereidende werkzaamheden is de eerste paal voor de fundering van het Aardwarmteproject Polanen in Monster geslagen. De bouw van Aardwarmte Polanen betekent een forse verduurzaming voor de Westlandse glastuinbouw, vergelijkbaar met het gasverbruik van circa 12.000 tot 18.000 huishoudens. De verwachting is dat hiermee ruim veertig glastuinbouwbedrijven in Westland van het aardgas af kunnen. De aandeelhouders gingen onlangs akkoord met het verstrekken van eigen vermogen voor de aardwarmtebron door HVC en de aanleg van het warmtenet door Warmte Netwerk Westland, een samenwerking tussen Capturam en HVC. Subsidies Eerder zijn subsidies beschikbaar gekomen voor de aardwarmtebron via stimulering duurzame energie en voor het warmtenet via Kansen voor West. Aardwarmte Polanen is een samenwerking tussen HVC en Warmtecoöperatie Polanen, dat uit ruim vijftig glastuinbouwbedrijven bestaat. De boortoren die nu in Maasdijk wordt gebruikt, gaat naar verwachting in april naar Monster en wordt daar weer opgebouwd. Dan kan het boren voor Aardwarmte Polanen beginnen. Bij geothermie wordt warm water uit diepere grondlagen opgepompt en via een warmtewisselaar overgedragen aan een warmtenet. Per kilometer wordt water 30 graden warmer. Het afgekoelde water wordt terug de bodem in gepompt. De warmte is hernieuwbaar. Na gebruik wordt deze ondergrondse bron van nature aangevuld. De urgentie van deze projecten is hoog.",AD/Haagsche Courant,Den Haag,city,Monster,monster,monster,city,"Monster, Westland, Zuid-Holland, Nederland",nominatim,geocode,52.0223028,4.1715344,POINT (4.1715344 52.0223028),,Westland,Zuid-Holland,sentences_points,0,,,PV28,GM1783,4.1715344,52.0223028
70fd16ac33614a4c8f84a7237de07879,503,78,De verwachting is dat hiermee ruim veertig glastuinbouwbedrijven in Westland van het aardgas af kunnen.,aardgas,Negative,Negative,0.7553,[12],Monster,city,Monster,city,Bestanden (500) (6).RTF,/Users/Yannick/dev/geothermal_text_mining/input_data/dutch/Bestanden (500) (6).RTF,AD/Haagsche Courant,21 December 2022,"Na voorbereidende werkzaamheden is de eerste paal voor de fundering van het Aardwarmteproject Polanen in Monster geslagen. De bouw van Aardwarmte Polanen betekent een forse verduurzaming voor de Westlandse glastuinbouw, vergelijkbaar met het gasverbruik van circa 12.000 tot 18.000 huishoudens. De verwachting is dat hiermee ruim veertig glastuinbouwbedrijven in Westland van het aardgas af kunnen. De aandeelhouders gingen onlangs akkoord met het verstrekken van eigen vermogen voor de aardwarmtebron door HVC en de aanleg van het warmtenet door Warmte Netwerk Westland, een samenwerking tussen Capturam en HVC. Subsidies Eerder zijn subsidies beschikbaar gekomen voor de aardwarmtebron via stimulering duurzame energie en voor het warmtenet via Kansen voor West. Aardwarmte Polanen is een samenwerking tussen HVC en Warmtecoöperatie Polanen, dat uit ruim vijftig glastuinbouwbedrijven bestaat. De boortoren die nu in Maasdijk wordt gebruikt, gaat naar verwachting in april naar Monster en wordt daar weer opgebouwd. Dan kan het boren voor Aardwarmte Polanen beginnen. Bij geothermie wordt warm water uit diepere grondlagen opgepompt en via een warmtewisselaar overgedragen aan een warmtenet. Per kilometer wordt water 30 graden warmer. Het afgekoelde water wordt terug de bodem in gepompt. De warmte is hernieuwbaar. Na gebruik wordt deze ondergrondse bron van nature aangevuld. De urgentie van deze projecten is hoog.",AD/Haagsche Courant,Den Haag,city,Monster,monster,monster,city,"Monster, Westland, Zuid-Holland, Nederland",nominatim,geocode,52.0223028,4.1715344,POINT (4.1715344 52.0223028),,Westland,Zuid-Holland,sentences_points,0,,,PV28,GM1783,4.1715344,52.0223028
25dd3d95ce0644adb2d0392783051103,503,79,De warmte is hernieuwbaar.,warmte,Positive,Positive,0.997,[1],Monster,city,Monster,city,Bestanden (500) (6).RTF,/Users/Yannick/dev/geothermal_text_mining/input_data/dutch/Bestanden (500) (6).RTF,AD/Haagsche Courant,21 December 2022,"Na voorbereidende werkzaamheden is de eerste paal voor de fundering van het Aardwarmteproject Polanen in Monster geslagen. De bouw van Aardwarmte Polanen betekent een forse verduurzaming voor de Westlandse glastuinbouw, vergelijkbaar met het gasverbruik van circa 12.000 tot 18.000 huishoudens. De verwachting is dat hiermee ruim veertig glastuinbouwbedrijven in Westland van het aardgas af kunnen. De aandeelhouders gingen onlangs akkoord met het verstrekken van eigen vermogen voor de aardwarmtebron door HVC en de aanleg van het warmtenet door Warmte Netwerk Westland, een samenwerking tussen Capturam en HVC. Subsidies Eerder zijn subsidies beschikbaar gekomen voor de aardwarmtebron via stimulering duurzame energie en voor het warmtenet via Kansen voor West. Aardwarmte Polanen is een samenwerking tussen HVC en Warmtecoöperatie Polanen, dat uit ruim vijftig glastuinbouwbedrijven bestaat. De boortoren die nu in Maasdijk wordt gebruikt, gaat naar verwachting in april naar Monster en wordt daar weer opgebouwd. Dan kan het boren voor Aardwarmte Polanen beginnen. Bij geothermie wordt warm water uit diepere grondlagen opgepompt en via een warmtewisselaar overgedragen aan een warmtenet. Per kilometer wordt water 30 graden warmer. Het afgekoelde water wordt terug de bodem in gepompt. De warmte is hernieuwbaar. Na gebruik wordt deze ondergrondse bron van nature aangevuld. De urgentie van deze projecten is hoog.",AD/Haagsche Courant,Den Haag,city,Monster,monster,monster,city,"Monster, Westland, Zuid-Holland, Nederland",nominatim,geocode,52.0223028,4.1715344,POINT (4.1715344 52.0223028),,Westland,Zuid-Holland,sentences_points,0,,,PV28,GM1783,4.1715344,52.0223028
ab1471105f874f31bf8af07a7cfe9e09,158,80,Den Haag - De CoronaMelder-app is klaar en te installeren via de App Store en de Google Play Store.,app,Positive,Positive,0.7919,[6],Den Haag,city,Den Haag,city,Bestanden (501-1000) (1).RTF,/Users/Yannick/dev/geothermal_text_mining/input_data/dutch/Bestanden (501-1000) (1).RTF,"De Posthoorn, Segbroek",14 October 2020,"Den Haag - De CoronaMelder-app is klaar en te installeren via de App Store en de Google Play Store. Hij stuurt een melding als je langer dan 15 minuten dicht bij iemand in de buurt bent geweest, die later het virus blijkt te hebben. CoronaMelder-app is voor iedereen beschikbaar Den Haag - Vanaf nu kan iedereen de CoronaMelder-app gebruiken. De app stuurt een melding als je langer dan 15 minuten dicht bij iemand in de buurt bent geweest, die later het coronavirus blijkt te hebben. Als je een melding hebt ontvangen, lees je in de app welke maatregelen je kan nemen en of je je kan laten testen. Zo weet je na een melding dat je meer kans hebt om besmet te zijn en kun je voorkomen dat je onbewust een ander besmet. Want je kunt het coronavirus al doorgeven, voordat je je ziek voelt. CoronaMelder is een aanvulling op het reguliere bron- en contactonderzoek van de GGD. Met de app kunnen ook mensen worden geïnformeerd die niet naar voren komen uit het bron- en contactonderzoek. De app weet niet wie of waar je bent. Ook geeft de app geen meldingen over actuele besmettingen in de buurt. De basisregels, zoals 1,5 meter afstand houden en vaak je handen wassen, blijven dus belangrijk! CoronaMelder is te vinden in de App Store en de Google Play Store. Het downloaden van de app is altijd vrijwillig. Hulp nodig bij het installeren? Veel bibliotheken kunnen hierbij helpen. Of bel de Helpdesk CoronaMelder op 0800-1280. Den Haag is eerste stad met warmte uit bodem Den Haag - Den Haag is de eerste stad in Nederland waar huizen verwarmd worden met schone warmte uit eigen bodem. Het ministerie van Economische Zaken heeft met een definitief besluit groen licht gegeven voor het winnen van aardwarmte in de centrale aan de Leyweg. Vanuit de bron op twee kilometer diepte wordt water van circa 78 graden opgepompt. Die warmte wordt overgezet en via het stadsverwarmingsnet krijgen woningen in stadsdeel Zuidwest verwarming en warm kraanwater. Zo kan aan de eerste 1200 huizen aardwarmte (geothermie) worden geleverd. Deze is schoon en duurzaam. De gemeente heeft via het Energiefonds Den Haag een deel van de financiering beschikbaar gesteld voor deze bron. Wethouder Liesbeth van Tongeren (Duurzaamheid en Energietransitie) is trots. ""Hiermee laten we zien dat het kan: in een dichtbevolkte stad als Den Haag schone warmte uit eigen bron gebruiken.” Een definitief besluit voor winning van aardwarmte, zoals bij de centrale aan de Leyweg, wordt niet zomaar genomen. Er moet aan strenge veiligheidseisen worden voldaan. Hiervoor is het ministerie te rade gegaan bij verschillende organisaties als TNO, de Mijnraad, de Omgevingsdienst Haaglanden, Provincie Zuid-Holland en Hoogheemraadschap Delfland.","De Posthoorn, Segbroek",,city,Den Haag,den haag,den haag,city,"Den Haag, Zuid-Holland, Nederland",nominatim,geocode,52.0799838,4.3113461,POINT (4.3113461 52.0799838),,'s-Gravenhage,Zuid-Holland,sentences_points,0,,,PV28,GM0518,4.3113461,52.0799838
d52a6864065c41fb8018366a6d25b0e6,156,81,Den Haag - Den Haag is de eerste stad in Nederland waar huizen verwarmd worden met schone warmte uit eigen bodem.,huizen,Positive,Positive,0.9961,[12],Den Haag,city,Den Haag,city,Bestanden (501-1000) (1).RTF,/Users/Yannick/dev/geothermal_text_mining/input_data/dutch/Bestanden (501-1000) (1).RTF,"De Posthoorn, Laak",14 October 2020,"Den Haag - Den Haag is de eerste stad in Nederland waar huizen verwarmd worden met schone warmte uit eigen bodem. Het ministerie van Economische Zaken heeft met een definitief besluit groen licht gegeven voor het winnen van aardwarmte in de centrale aan de Leyweg. Vanuit de bron op twee kilometer diepte wordt water van circa 78 graden opgepompt. Die warmte wordt overgezet en via het stadsverwarmingsnet krijgen woningen in stadsdeel Zuidwest verwarming en warm kraanwater. Zo kan aan de eerste 1200 huizen aardwarmte (geothermie) worden geleverd. Deze is schoon en duurzaam. De gemeente heeft via het Energiefonds Den Haag een deel van de financiering beschikbaar gesteld voor deze bron. Wethouder Liesbeth van Tongeren (Duurzaamheid en Energietransitie) is trots. ""Hiermee laten we zien dat het kan: in een dichtbevolkte stad als Den Haag schone warmte uit eigen bron gebruiken.”","De Posthoorn, Laak",,city,Den Haag,den haag,den haag,city,"Den Haag, Zuid-Holland, Nederland",nominatim,geocode,52.0799838,4.3113461,POINT (4.3113461 52.0799838),,'s-Gravenhage,Zuid-Holland,sentences_points,1,Sustainability,schone warmte,PV28,GM0518,4.3113461,52.0799838
0c6848be922c4c3e9d3966dbb6b148d6,297,82,"Den Haag Het boren naar aardwarmte, ook wel geothermie genoemd, brengt risico's met zich mee voor de drinkwatervoorziening.",boren,Negative,Negative,0.9957,[3],Den Haag,city,Den Haag,city,Bestanden (1001-1500) (1).RTF,/Users/Yannick/dev/geothermal_text_mining/input_data/dutch/Bestanden (1001-1500) (1).RTF,Friesch Dagblad,18 June 2021,"Den Haag Het boren naar aardwarmte, ook wel geothermie genoemd, brengt risico's met zich mee voor de drinkwatervoorziening. Het kabinet doet te weinig om die risico's te ondervangen en dat is 'zorgwekkend', schrijft de Algemene Rekenkamer in een rapport. Aardwarmte speelt een belangrijke rol in de strijd tegen klimaatverandering. Warmtepompen, die warm en zout water oppompen van een diepte tot 2 à 3 kilometer, moeten op termijn gasgestookte warmtebronnen gaan vervangen. Maar daarbij worden ondiepere aardlagen doorboord waar zich belangrijke watervoorraden bevinden. Geothermiebuizen kunnen gaan roesten en daardoor ook gaan lekken. Daardoor kan zout water, dat bovendien vervuild is met chemicaliën, weglekken naar de zoetwaterlagen waaruit drinkwater wordt gewonnen. Ook kan verontreiniging zich sneller verspreiden. Link naar PDF",Friesch Dagblad,Friesland,city,Den Haag,den haag,den haag,city,"Den Haag, Zuid-Holland, Nederland",nominatim,geocode,52.0799838,4.3113461,POINT (4.3113461 52.0799838),,'s-Gravenhage,Zuid-Holland,sentences_points,1,Risks,risico,PV28,GM0518,4.3113461,52.0799838
4010294a59a4456587902a828f14ac98,25,83,Des te beter dat de plaatselijke overheid het voortouw neemt naar aardgasvrij en CO2-neutraal.,overheid,Positive,Positive,0.9361,[6],Gouda,city,Gouda,city,Bestanden (1-500) (1).RTF,/Users/Yannick/dev/geothermal_text_mining/input_data/dutch/Bestanden (1-500) (1).RTF,AD/Groene Hart,15 February 2020,"Column Ja hoor, daar gaat mijn gasfornuis! Gouda wil in 2040 aardgasvrij zijn. Dat is goed te doen. Bedenk hoe de wereld er twee decennia geleden uitzag. De aanslagen op New York hadden nog niet plaatsgevonden, ouderen gingen met de VUT en klimaatverandering stond nergens op de politieke agenda. In twintig jaar kun je bergen verzetten. De energietransitie in de jaren 60 ging sneller. Met uitzondering van dunbevolkte gebieden werd binnen tien jaar heel Nederland aangesloten op het aardgasnet. Van aardschokken wisten we niets, iedereen was verrukt over de gasbel van Slochteren. Ik ook. Als oudste kind in het gezin zorgde ik voor het vullen van de kolenkitten. In ons flatgebouw in Gouda-noord stortte de kolenboer ieder najaar een paar mud antraciet in de berging. In het stoffig halfduister schepte ik dagelijks twee kitten vol en sjouwde ze de trappen op naar tweehoog. Dat vieze karwei was op slag voorbij. Er zal best door een enkeling nostalgisch zijn gemijmerd over de teloorgang van vlammende steenkooltjes, maar bij ons thuis werden de gevelkachels in de slaapkamers met gejuich begroet. Het waren de koudste winters van de eeuw. Van het aardgas àf is ingewikkelder. Niet iedereen beschouwt de overgang naar energie uit zon, wind en water als vooruitgang. De verhitte debatten tussen 'klimaatgekkies' en klimaatontkenners (wie zijn eigenlijk de gekkies?) hebben vooral met geld te maken. Destijds was de transitie voor iedereen gratis en hetzelfde. Nu zijn er verschillende opties met behoorlijke prijskaartjes. Des te beter dat de plaatselijke overheid het voortouw neemt naar aardgasvrij en CO2-neutraal. Nieuwe energie is te belangrijk om over te laten aan incidentele burgerinitiatieven of de markt. In de schouwburg is maandag een inspiratieavond met als motto 'Beleef de actie'. Voor onze buurt wordt gedacht aan geothermie als energiebron. Ik zou kunnen treuren over mijn straks overbodige gasfornuis. Maar de opluchting dat er kansrijke alternatieven zijn om de toekomst veilig te stellen, is groter. Iedereen was verrukt over de gasbel van Slochteren. Ik ook",AD/Groene Hart,Zuid-Holland,city,Gouda,gouda,gouda,city,"Gouda, Zuid-Holland, Nederland",nominatim,geocode,52.0114922,4.7106094,POINT (4.7106094 52.0114922),,Gouda,Zuid-Holland,sentences_points,1,Sustainability,co2-neutraal,PV28,GM0513,4.7106094,52.0114922
829c60dec9e641e3b330b940199ed26a,25,84,Destijds was de transitie voor iedereen gratis en hetzelfde.,transitie,Positive,Positive,0.9223,[3],Gouda,city,Gouda,city,Bestanden (1-500) (1).RTF,/Users/Yannick/dev/geothermal_text_mining/input_data/dutch/Bestanden (1-500) (1).RTF,AD/Groene Hart,15 February 2020,"Column Ja hoor, daar gaat mijn gasfornuis! Gouda wil in 2040 aardgasvrij zijn. Dat is goed te doen. Bedenk hoe de wereld er twee decennia geleden uitzag. De aanslagen op New York hadden nog niet plaatsgevonden, ouderen gingen met de VUT en klimaatverandering stond nergens op de politieke agenda. In twintig jaar kun je bergen verzetten. De energietransitie in de jaren 60 ging sneller. Met uitzondering van dunbevolkte gebieden werd binnen tien jaar heel Nederland aangesloten op het aardgasnet. Van aardschokken wisten we niets, iedereen was verrukt over de gasbel van Slochteren. Ik ook. Als oudste kind in het gezin zorgde ik voor het vullen van de kolenkitten. In ons flatgebouw in Gouda-noord stortte de kolenboer ieder najaar een paar mud antraciet in de berging. In het stoffig halfduister schepte ik dagelijks twee kitten vol en sjouwde ze de trappen op naar tweehoog. Dat vieze karwei was op slag voorbij. Er zal best door een enkeling nostalgisch zijn gemijmerd over de teloorgang van vlammende steenkooltjes, maar bij ons thuis werden de gevelkachels in de slaapkamers met gejuich begroet. Het waren de koudste winters van de eeuw. Van het aardgas àf is ingewikkelder. Niet iedereen beschouwt de overgang naar energie uit zon, wind en water als vooruitgang. De verhitte debatten tussen 'klimaatgekkies' en klimaatontkenners (wie zijn eigenlijk de gekkies?) hebben vooral met geld te maken. Destijds was de transitie voor iedereen gratis en hetzelfde. Nu zijn er verschillende opties met behoorlijke prijskaartjes. Des te beter dat de plaatselijke overheid het voortouw neemt naar aardgasvrij en CO2-neutraal. Nieuwe energie is te belangrijk om over te laten aan incidentele burgerinitiatieven of de markt. In de schouwburg is maandag een inspiratieavond met als motto 'Beleef de actie'. Voor onze buurt wordt gedacht aan geothermie als energiebron. Ik zou kunnen treuren over mijn straks overbodige gasfornuis. Maar de opluchting dat er kansrijke alternatieven zijn om de toekomst veilig te stellen, is groter. Iedereen was verrukt over de gasbel van Slochteren. Ik ook",AD/Groene Hart,Zuid-Holland,city,Gouda,gouda,gouda,city,"Gouda, Zuid-Holland, Nederland",nominatim,geocode,52.0114922,4.7106094,POINT (4.7106094 52.0114922),,Gouda,Zuid-Holland,sentences_points,0,,,PV28,GM0513,4.7106094,52.0114922
b95d47e1e9b445fba91de882e6262636,147,85,Destijds werd er nooit daadwerkelijk warmte geleverd.,warmte,Negative,Negative,0.9964,[5],Den Haag,city,Den Haag,city,Bestanden (501-1000) (1).RTF,/Users/Yannick/dev/geothermal_text_mining/input_data/dutch/Bestanden (501-1000) (1).RTF,NRC.NEXT,9 October 2020,"Den Haag wordt de eerste gemeente die de warmte van de aarde gaat benutten voor verwarming en warm kraanwater voor een stadswijk. Het ministerie van Economische Zaken en Klimaat (EZK) heeft donderdag groen licht gegeven voor een geothermie-project waarbij 1.200 huizen betrokken worden. Via een bron op twee kilometer diepte, bij de Haagse Leyweg, wordt water opgepompt dat bijna 80 graden warm is. De huizen die zo duurzame warmte krijgen liggen in de wijk Zuidwest. Het project is onderdeel van het project Proeftuinen Aardgasvrij van het ministerie van Binnenlandse Zaken. De gemeente is een van de financiers. Acht jaar geleden werd het project al formeel geopend, maar mede omdat er door de financiële crisis onvoldoende huizen werden opgeleverd, ging de betrokken onderneming failliet. Destijds werd er nooit daadwerkelijk warmte geleverd. Vijf jaar later werd het project weer nieuw leven in geblazen. Over vijf jaar moeten zo'n 2.500 huizen worden bediend en zou het project rendabel zijn. Aardwarmte wordt in Nederland al op meer plekken benut, vooral door de tuinbouwsector. Daarbij is soms een beperkt aantal woningen aangesloten. Door de aardbevingen rond de Groningse gasboringen stellen toezichthouders strenge veiligheidseisen. (NRC) Link naar PDF",NRC.NEXT,Nederland,city,Den Haag,den haag,den haag,city,"Den Haag, Zuid-Holland, Nederland",nominatim,geocode,52.0799838,4.3113461,POINT (4.3113461 52.0799838),,'s-Gravenhage,Zuid-Holland,sentences_points,0,,,PV28,GM0518,4.3113461,52.0799838
88a70d0e8afc467d9da1bf11b9757a0c,557,86,"Deze aansluiting zorgt ervoor dat Vogelaer bij een tekort aan warmte in de gelegenheid blijft om warmte te leveren aan haar afnemers, door het afnemen van warmte van andere warmtebronnen via WnW.",aansluiting,Positive,Positive,0.658,[1],Vogelaer,site,Vogelaer,site,Bestanden (500) (5).RTF,/Users/Yannick/dev/geothermal_text_mining/input_data/dutch/Bestanden (500) (5).RTF,AD/Haagsche Courant,5 July 2023,"Warmte netwerk Westland (WnW) is met de toevoeging van Aardwarmte Vogelaer weer een stuk verder uitgebreid. Hierdoor kan warmte worden uitgewisseld. Het warmtenetwerk van Vogelaer is onderdeel van een bestaand geothermieproject voor en door glastuinbouwondernemers. WnW realiseert de aansluiting. Deze aansluiting zorgt ervoor dat Vogelaer bij een tekort aan warmte in de gelegenheid blijft om warmte te leveren aan haar afnemers, door het afnemen van warmte van andere warmtebronnen via WnW. Bij een overschot aan warmte kan Vogelaer de warmte leveren via het warmtenet van WnW. De ambitie van WnW is het realiseren van één groot warmtesysteem in het Westland, om zo de warmtetransitie voor de glastuinbouw, bedrijventerreinen en de gebouwde omgeving te verzorgen. De aardwarmteprojecten Maasdijk en Polanen, en nu dus ook Vogelaer, zorgen ervoor dat dit lukt. Evelien Brederode, business ontwikkelaar bij Warmte netwerk Westland: ,,Met onze partners creëren we een warmtesysteem dat regionale warmtebronnen en afnemers met elkaar verbindt, waardoor de leveringszekerheid stijgt en warmtehandel kan plaatsvinden.''",AD/Haagsche Courant,Den Haag,site,Vogelaer,vogelaer,vogelaer,site,"Vogelaer, Mariëndijk, Honselersdijk, Westland, Zuid-Holland, Nederland, 2675 KL, Nederland",nominatim,geocode,52.0105507,4.246629,POINT (4.246629 52.0105507),,Westland,Zuid-Holland,sentences_points,0,,,PV28,GM1783,4.246629,52.0105507
5779b503f95d4e4ab7edd2cf1536188d,580,87,"Dieper gelegen ,,Openbare ondergrondse parkeergarages verwarmen het grondwater meer dan private garages, omdat ze vaak dieper zijn en de auto's er doorgaans korter parkeren"", zegt Maximilian Noethen, geowetenschapper aan de Martin Luther University Halle-Wittenberg.",parkeergarages,Negative,Negative,0.8983,[6],Berlijn,city,Berlijn,city,Bestanden (500) (5).RTF,/Users/Yannick/dev/geothermal_text_mining/input_data/dutch/Bestanden (500) (5).RTF,Friesch Dagblad,20 November 2023,"De grond- watertem- peratuur stijgt al tientallen jaren Alleen al in Berlijn zouden ondergrondse parkeergarages genoeg energie leveren aan het grondwater om 14.660 gezinnen van warmte te voorzien, stellen de onderzoekers in het tijdschrift Science of The Total Environment. Met behulp van aardwarmte en warmtepompen kan die warmte uit de bodem worden gehaald en benut. Het team mat de temperatuur in meer dan dertig ondergrondse parkeergarages in steden in Duitsland, Oostenrijk en Zwitserland. Daaruit blijkt dat de garages het grondwater het hele jaar door opwarmen. Het aantal auto's in de garage en de nabijheid van het grondwater spelen een belangrijke rol. Dieper gelegen ,,Openbare ondergrondse parkeergarages verwarmen het grondwater meer dan private garages, omdat ze vaak dieper zijn en de auto's er doorgaans korter parkeren"", zegt Maximilian Noethen, geowetenschapper aan de Martin Luther University Halle-Wittenberg. Volgens het team kunnen geothermische energie en warmtepompen helpen die overtollige warmte te benutten. ,,Dat zou ook als voordeel hebben dat er energie uit het grondwater wordt gehaald en dat het daardoor afkoelt"", zegt Noethen. De grondwatertemperatuur stijgt al tientallen jaren als gevolg van de opwarming van de aarde. In steden wordt dat nog verergerd door dichte bebouwing, verharding en gebrek aan planten en bomen. Omdat de organismen in het grondwater zijn aangepast aan constante temperaturen, kan ook de soortensamenstelling veranderen, en dat kan de kwaliteit van het grondwater aantasten. Het team berekende het potentieel voor 5040 ondergrondse parkeergarages in Berlijn. Omdat die zich vaak in de centrale wijken van de Duitse hoofdstad bevinden, in of nabij het grondwater, wordt daar bijzonder veel warmte aan het grondwater afgegeven: jaarlijks zo'n 0,65 petajoule. Daarmee zouden theoretisch zo'n 14.660 huizen van warmte kunnen worden voorzien. ,,Natuurlijk is warmte uit grondwater alleen niet voldoende om in de verwarmingsbehoeften van een stad als Berlijn of een land als Duitsland te voorzien. De temperatuur van het ondiepe grondwater is niet hoog genoeg om zonder warmtepomp warmte te leveren"", zegt professor Geowetenschappen Peter Bayer. ,,Maar we weten uit eerdere onderzoeken wel dat het potentieel voor geothermie veel verder gaat, en dat het in belangrijke mate kan bijdragen aan duurzame warmte."" Link naar PDF",Friesch Dagblad,Friesland,city,Berlijn,berlijn,berlijn,city,"Berlijnstraat, Lage Veld, Wateringse Veld, Escamp, Den Haag, Zuid-Holland, Nederland, 2548 BS, Nederland",nominatim,geocode,52.0224134,4.2925002,POINT (4.2925002 52.0224134),,'s-Gravenhage,Zuid-Holland,sentences_points,0,,,PV28,GM0518,4.2925002,52.0224134
dd9707093f0f4e07add288f9cc1352cb,737,88,Dit aantal is ruimschoots behaald.,aantal,Positive,Positive,0.9952,[1],Monster,city,Monster,city,1-500.RTF,/Users/Yannick/dev/geothermal_text_mining/input_data/dutch/1-500.RTF,AD/Haagsche Courant,5 November 2025,"In 2023 ondertekenden Arcade, gemeente Westland en afval- en energiebedrijf HVC een overeenkomst om in Monster een warmtenet te ontwikkelen. De overheid heeft bepaald dat alle woningen in 2050 aardgasvrij moeten zijn. ""Warmte uit de aarde zetten we in als duurzaam en betaalbaar alternatief voor aardgas"", zegt wethouder Peter Valstar (VVD). ""Veel kassen in Westland maken al gebruik van aardwarmte en nu volgen de eerste woningen in Monster. Ook publieke gebouwen worden aangesloten: de brandweerkazerne, het kantoor van Vitis Welzijn en de Montessorischool."" ""We zijn trots dat we in Monster voor het eerst bestaande woningen in deze regio gaan verwarmen met aardwarmte"", vult Arjan ten Elshof, directeur HVC, aan. ""Dit is een belangrijke mijlpaal in onze gezamenlijke ambitie om de energietransitie lokaal vorm te geven."" Om de woningen aan te sluiten, had Arcade minimaal 70 procent instemming van de bewoners nodig. Dit aantal is ruimschoots behaald. ""Met deze maatregelen zorgen we niet alleen voor beter geïsoleerde woningen, maar ook voor lagere energielasten"", aldus Wilfried Stribos, directeur-bestuurder bij Arcade. ""De aansluiting op het warmtenet is een belangrijke stap richting een toekomstbestendige woonomgeving. We zijn dan ook blij dat zoveel bewoners het belang hiervan inzien."" Medio 2026 starten de eerste werkzaamheden voor de aanleg van het warmtenet.",AD/Haagsche Courant,Den Haag,city,Monster,monster,monster,city,"Monster, Westland, Zuid-Holland, Nederland",nominatim,geocode,52.0223028,4.1715344,POINT (4.1715344 52.0223028),,Westland,Zuid-Holland,sentences_points,0,,,PV28,GM1783,4.1715344,52.0223028
0daac9253aa44c65873e507e759c37ed,612,89,"Doet GTD dat onvoldoende, dan krijgt het bedrijf problemen met het verkrijgen van een vergunning van het ministerie.",vergunning,Negative,Negative,0.9958,[15],Delft,city,Delft,city,Bestanden (500) (4).RTF,/Users/Yannick/dev/geothermal_text_mining/input_data/dutch/Bestanden (500) (4).RTF,AD/Haagsche Courant,5 March 2024,"Extra risico's door ongeluk bij boring Door het kilometerslange gat is het mogelijk dat waterstromen 'ongewenst doorlekken' naar diepere aardlagen, meldt Staatstoezicht op de Mijnen in een brief aan het aardwarmtebedrijf Geothermie Delft (GTD). Als gevolg van de boringen in de Delftse bodem is daarnaast ook de kans dat aardbevingen ontstaan 'niet verwaarloosbaar klein', schrijft de toezichthouder van het Ministerie van Economische Zaken en Klimaat. Daarom eist ze van het bedrijf dat de aardwarmte uit de grond wil pompen onder meer dat die specifieke beheersmaatregelen neemt. Doet GTD dat onvoldoende, dan krijgt het bedrijf problemen met het verkrijgen van een vergunning van het ministerie. Technische fout Staatstoezicht op de Mijnen noemt in een advies bijvoorbeeld dat het bedrijf een speciale pot voor eventuele schade moet reserveren. Volgens de berekeningen van verschillende adviseurs bestaat een kans op 'cosmetische schade' van gebouwen in het gebied als gevolg van mogelijke 'seismische activiteit'. Door een technische fout bij het boren is het afgelopen najaar al misgegaan in Delft, vertelt de woordvoerder van het aardwarmtebedrijf. Of het te voorkomen viel, wil het bedrijf niet zeggen. Het ongeluk met de boorkop komt nu aan het licht doordat GTD een startvergunning heeft aangevraagd. Alle adviezen die zijn gegeven over het project zijn daarom begin vorige maand officieel openbaar gemaakt, zodat omwonenden en andere belanghebbenden ze kunnen inzien. ,,Boringen in de diepe ondergrond lukken niet altijd. Het boorgat is een open gat tijdens de boring en het gebeurt vaker dat zo'n gang instort"", vertelt de GTD-woordvoerder. Bij de boring in Delft stortte het boorgat in toen er in een aardlaag van kleisteen werd gedrild en een boorkop onwrikbaar kwam vast te zitten. ,,Het is de verwachting dat de gang vanzelf sluit. Door druk in de bodem zal de gang worden gedicht"", weet de woordvoerder. Boorkop slaat gat in bodem In Vierpolders wordt al volop aardwarmte uit de ondergrond gewonnen. Foto Arie Kievit Boorkop slaat gat in bodem",AD/Haagsche Courant,Den Haag,city,Delft,delft,delft,city,"Delft, Zuid-Holland, Nederland",nominatim,geocode,51.9994572,4.3627245,POINT (4.3627245 51.9994572),,Delft,Zuid-Holland,sentences_points,1,Governance,vergunning,PV28,GM0503,4.3627245,51.9994572
a3fd6d26af614c9caaf3b0372f9343bc,612,90,"Door druk in de bodem zal de gang worden gedicht"", weet de woordvoerder.",gang,Negative,Negative,0.996,[7],Delft,city,Delft,city,Bestanden (500) (4).RTF,/Users/Yannick/dev/geothermal_text_mining/input_data/dutch/Bestanden (500) (4).RTF,AD/Haagsche Courant,5 March 2024,"Extra risico's door ongeluk bij boring Door het kilometerslange gat is het mogelijk dat waterstromen 'ongewenst doorlekken' naar diepere aardlagen, meldt Staatstoezicht op de Mijnen in een brief aan het aardwarmtebedrijf Geothermie Delft (GTD). Als gevolg van de boringen in de Delftse bodem is daarnaast ook de kans dat aardbevingen ontstaan 'niet verwaarloosbaar klein', schrijft de toezichthouder van het Ministerie van Economische Zaken en Klimaat. Daarom eist ze van het bedrijf dat de aardwarmte uit de grond wil pompen onder meer dat die specifieke beheersmaatregelen neemt. Doet GTD dat onvoldoende, dan krijgt het bedrijf problemen met het verkrijgen van een vergunning van het ministerie. Technische fout Staatstoezicht op de Mijnen noemt in een advies bijvoorbeeld dat het bedrijf een speciale pot voor eventuele schade moet reserveren. Volgens de berekeningen van verschillende adviseurs bestaat een kans op 'cosmetische schade' van gebouwen in het gebied als gevolg van mogelijke 'seismische activiteit'. Door een technische fout bij het boren is het afgelopen najaar al misgegaan in Delft, vertelt de woordvoerder van het aardwarmtebedrijf. Of het te voorkomen viel, wil het bedrijf niet zeggen. Het ongeluk met de boorkop komt nu aan het licht doordat GTD een startvergunning heeft aangevraagd. Alle adviezen die zijn gegeven over het project zijn daarom begin vorige maand officieel openbaar gemaakt, zodat omwonenden en andere belanghebbenden ze kunnen inzien. ,,Boringen in de diepe ondergrond lukken niet altijd. Het boorgat is een open gat tijdens de boring en het gebeurt vaker dat zo'n gang instort"", vertelt de GTD-woordvoerder. Bij de boring in Delft stortte het boorgat in toen er in een aardlaag van kleisteen werd gedrild en een boorkop onwrikbaar kwam vast te zitten. ,,Het is de verwachting dat de gang vanzelf sluit. Door druk in de bodem zal de gang worden gedicht"", weet de woordvoerder. Boorkop slaat gat in bodem In Vierpolders wordt al volop aardwarmte uit de ondergrond gewonnen. Foto Arie Kievit Boorkop slaat gat in bodem",AD/Haagsche Courant,Den Haag,city,Delft,delft,delft,city,"Delft, Zuid-Holland, Nederland",nominatim,geocode,51.9994572,4.3627245,POINT (4.3627245 51.9994572),,Delft,Zuid-Holland,sentences_points,0,,,PV28,GM0503,4.3627245,51.9994572
5b32139016c74a6c8d35750da3f6a28f,612,91,"Door een technische fout bij het boren is het afgelopen najaar al misgegaan in Delft, vertelt de woordvoerder van het aardwarmtebedrijf.",woordvoerder,Negative,Negative,0.9565,[18],Delft,city,Delft,city,Bestanden (500) (4).RTF,/Users/Yannick/dev/geothermal_text_mining/input_data/dutch/Bestanden (500) (4).RTF,AD/Haagsche Courant,5 March 2024,"Extra risico's door ongeluk bij boring Door het kilometerslange gat is het mogelijk dat waterstromen 'ongewenst doorlekken' naar diepere aardlagen, meldt Staatstoezicht op de Mijnen in een brief aan het aardwarmtebedrijf Geothermie Delft (GTD). Als gevolg van de boringen in de Delftse bodem is daarnaast ook de kans dat aardbevingen ontstaan 'niet verwaarloosbaar klein', schrijft de toezichthouder van het Ministerie van Economische Zaken en Klimaat. Daarom eist ze van het bedrijf dat de aardwarmte uit de grond wil pompen onder meer dat die specifieke beheersmaatregelen neemt. Doet GTD dat onvoldoende, dan krijgt het bedrijf problemen met het verkrijgen van een vergunning van het ministerie. Technische fout Staatstoezicht op de Mijnen noemt in een advies bijvoorbeeld dat het bedrijf een speciale pot voor eventuele schade moet reserveren. Volgens de berekeningen van verschillende adviseurs bestaat een kans op 'cosmetische schade' van gebouwen in het gebied als gevolg van mogelijke 'seismische activiteit'. Door een technische fout bij het boren is het afgelopen najaar al misgegaan in Delft, vertelt de woordvoerder van het aardwarmtebedrijf. Of het te voorkomen viel, wil het bedrijf niet zeggen. Het ongeluk met de boorkop komt nu aan het licht doordat GTD een startvergunning heeft aangevraagd. Alle adviezen die zijn gegeven over het project zijn daarom begin vorige maand officieel openbaar gemaakt, zodat omwonenden en andere belanghebbenden ze kunnen inzien. ,,Boringen in de diepe ondergrond lukken niet altijd. Het boorgat is een open gat tijdens de boring en het gebeurt vaker dat zo'n gang instort"", vertelt de GTD-woordvoerder. Bij de boring in Delft stortte het boorgat in toen er in een aardlaag van kleisteen werd gedrild en een boorkop onwrikbaar kwam vast te zitten. ,,Het is de verwachting dat de gang vanzelf sluit. Door druk in de bodem zal de gang worden gedicht"", weet de woordvoerder. Boorkop slaat gat in bodem In Vierpolders wordt al volop aardwarmte uit de ondergrond gewonnen. Foto Arie Kievit Boorkop slaat gat in bodem",AD/Haagsche Courant,Den Haag,city,Delft,delft,delft,city,"Delft, Zuid-Holland, Nederland",nominatim,geocode,51.9994572,4.3627245,POINT (4.3627245 51.9994572),,Delft,Zuid-Holland,sentences_points,0,,,PV28,GM0503,4.3627245,51.9994572
f549ce95da46492bbb6572fd5444f6f9,644,92,"Door het warmtenet, een systeem van buizen van 16 kilometer lang onder de grond, stroomt het warme water richting de woongebouwen.",warmtenet,Positive,Positive,0.7522,[2],Delft,city,Delft,city,Bestanden (500) (4).RTF,/Users/Yannick/dev/geothermal_text_mining/input_data/dutch/Bestanden (500) (4).RTF,AD/Haagsche Courant,3 September 2024,"Delft introduceert verwarming voor 6000 woningen uit bron op TU Wat doet het warmtenet precies? Op ruim 2 kilometer onder de grond bij de TU Delft, zit warm water in de bodem, aardwarmte - ook wel geothermie genoemd. Dit water heeft een temperatuur van ongeveer 75 graden. Dit water wordt bij de aardwarmtebron omhoog gepompt. Door het warmtenet, een systeem van buizen van 16 kilometer lang onder de grond, stroomt het warme water richting de woongebouwen. Hiermee kunnen huurwoningen van woningcorporaties Vidomes, Stedelink, DUWO en Woonbron worden verwarmd. Daardoor is er geen gas meer nodig. Welke wijken in Delft worden aangesloten op het warmtenet? Voorlopig is dit warmtenet bedoeld voor Buitenhof, Voorhof en de TU Delft Campus. Omdat er in deze wijken veel woningen op een klein oppervlak staan. En omdat bewoners in deze gebouwen een gasketel delen, maakt dit het aansluiten op een warmtenet makkelijker, geeft de gemeente aan. Totaal kunnen er in Voorhof en Buitenhof 15.000 woningen op het netwerk aangesloten worden. Dit zijn ook koopwoningen. In het 'Warmteplan Delft', dat in 2021 is vastgesteld, staat voor elke wijk welk alternatief voor aardgas de meest geschikte oplossing is. Voor de binnenstad is nu nog onduidelijk welke alternatieve bron voor aardgas kan worden gebruikt. Gaan bewoners nu meer of minder betalen? Ze gaan niet meer, maar ook niet minder betalen. De prijs van de warmte is op het moment van aansluiten namelijk vergelijkbaar met warmte gemaakt met aardgas. Daarna beweegt de prijs mee met de werkelijke kostenontwikkeling voor de productie en distributie van de warmte. De afgelopen jaren is de prijs van gas niet altijd hetzelfde gebleven door de oorlog tussen Rusland en Oekraïne. Met het warmtenet blijven de prijzen stabieler dan voorheen. Wat merken bewoners van het warmtenet? Als het warmtenet er eenmaal ligt, merken bewoners er vrij weinig van. De centrale gasverwarmingsketel wordt vervangen door een aansluiting op het nieuwe warmtenet voor het hele gebouw. De verwarming van woningen kan dan nog steeds met dezelfde radiator ingesteld worden. Van de aanleg van het net kunnen Delftenaren wel wat merken. De soms wel 70 centimeter brede buizen gaan namelijk onder de grond. Hiervoor moeten straten opengebroken worden, wat voor veranderende verkeerssituaties kan zorgen. Dit gebeurt in fases. Voor hoe lang kan er aardwarmte uit de grond worden gehaald? Waarschijnlijk is er genoeg aardwarmte voor de komende dertig jaar. Als dit op is, kan er op hetzelfde warmtenet dat nu wordt aangelegd een andere bron worden aangesloten. Wanneer kan er gebruikgemaakt worden van het warmtenet? De allereerste huizen kunnen - als alles volgens plan gaat - in het najaar van 2025 gebruikmaken van het warmtenet. Uiteindelijk is het de bedoeling dat in 2027 alle 6000 huurwoningen op het netwerk zijn aangesloten. Uiteindelijk is het de bedoeling dat in 2027 alle 6000 huurwoningen op het netwerk zijn aangesloten Ook bij de Sterflats wordt het warmtenet aangesloten.",AD/Haagsche Courant,Den Haag,city,Delft,delft,delft,city,"Delft, Zuid-Holland, Nederland",nominatim,geocode,51.9994572,4.3627245,POINT (4.3627245 51.9994572),,Delft,Zuid-Holland,sentences_points,0,,,PV28,GM0503,4.3627245,51.9994572
09458e903c8d4b1789bccda40b87dd27,456,93,Duurzame energie Een mogelijke reden waarom er nog niet is gehandhaafd kan zijn dat dit energieproject van Hoogweg duurzaam is en stikstofvrij warmte levert aan de kwekerijen.,energieproject,Negative,Negative,0.8024,[15],Hoogweg,site,Hoogweg,site,Bestanden (500) (6).RTF,/Users/Yannick/dev/geothermal_text_mining/input_data/dutch/Bestanden (500) (6).RTF,Steenwijker Courant,5 August 2022,"Ook de paprikakwekerijen van Hoogweg worden volgens de advocaat in hun voorbestaan bedreigd als het aardwarmteproject aan de Nieuwlandseweg wordt stilgelegd. De productie van aardwarmte gaat nu nog gewoon door ondanks de vernietiging van de daarvoor vereiste vergunning door de Zwolse rechtbank. ,,Er is nu sprake van een illegale situatie"", aldus de voorzieningenrechter van de Raad van State. Handhavers kunnen de productie gewoon stilleggen, maar er is tot nu toe niets gebeurd. Om dat voor te zijn heeft Hoogweg aan de Raad gevraagd om de vergunning voorlopig in stand te laten totdat de Raad de kwestie later dit jaar uitvoerig heeft onderzocht. In dat geval staan de handhavers namelijk met lege handen. Urgent of niet? Voor de Raad van State is het de vraag of er sprake is van een urgente situatie. Staatstoezicht op de mijnen zou hier moeten handhaven. Eventueel ook de provincie Flevoland. Ze zitten allebei stil. Maar volgens de advocaat van Hoogweg kan dit zomaar veranderen en dan zijn de rapen gaar. De aardwarmte kan dan niet meer geleverd worden aan de paprikakwekers en die moeten dan voor hun verwarming duur gas aankopen. Duurzame energie Een mogelijke reden waarom er nog niet is gehandhaafd kan zijn dat dit energieproject van Hoogweg duurzaam is en stikstofvrij warmte levert aan de kwekerijen. Volgens de advocaat van Hoogweg staat ook de provincie Flevoland achter dit energieproject waarbij warm water uit de ondergrond wordt opgepompt en benut door de kwekers. Toch zorgde de provincie Overijssel ervoor dat de vergunning van Hoogweg werd vernietigd. Overijssel komt namelijk op voor de bescherming van Natura 2000 gebied De Weerribben dat dichtbij ligt. Naast het warme water komt ook wat gas mee uit de ondergrond. Dat wordt ook benut door de kwekers. Maar gasverbranding kan wel het natuurgebied schaden. ,,We hebben er geen belang bij dat dit project wordt stilgelegd. Maar dit is een principezaak die goed moet worden geregeld"", aldus een woordvoerster van de provincie. De Raad doet binnen twee weken uitspraak. Link naar PDF",Steenwijker Courant,,site,Hoogweg,hoogweg,hoogweg,site,"Hoogweg, Noordwijkerhout, Noordwijk, Zuid-Holland, Nederland, 2211 XR, Nederland",nominatim,geocode,52.2449437,4.4624735,POINT (4.4624735 52.2449437),,Noordwijk,Zuid-Holland,sentences_points,1,Sustainability,duurzame energie,PV28,GM0575,4.4624735,52.2449437
fde23aea287744969cbd9847af4c5e4a,682,94,"Economie Terwijl de uitbreiding van bestaande warmtenetten op veel plekken is vastgelopen, wordt in Delft juist een geheel nieuw warmtenet aangelegd.",warmtenetten,Negative,Negative,0.9934,[6],Delft,city,Delft,city,1-500.RTF,/Users/Yannick/dev/geothermal_text_mining/input_data/dutch/1-500.RTF,de Volkskrant,31 January 2025,"Economie Terwijl de uitbreiding van bestaande warmtenetten op veel plekken is vastgelopen, wordt in Delft juist een geheel nieuw warmtenet aangelegd. Binnen twee jaar moeten zesduizend bestaande huurwoningen op het net worden aangesloten. Dat heeft NetVerder bekendgemaakt, een zusteronderneming van netbeheerder Stedin. Het bedrijf, met 61 gemeenten, twee provincies en de rijksoverheid als aandeelhouders, is deze maand officieel met de bouw van de voorziening begonnen. Nog eind dit jaar moeten de eerste huizen worden aangesloten in de wijken Voorhof en Buitenhof, en de campus van de TU Delft. De energie komt deels uit een aardwarmtebron, waarbij heet water van zo'n 2.500 meter onder de stad wordt opgepompt. Daardoor zijn de bewoners straks minder afhankelijk van fluctuerende stroom- en gasprijzen. Op termijn zouden zelfs vijftienduizend woningen op het net kunnen worden aangesloten. Dat het in Delft lukt een nieuw warmtenet te bouwen, is opmerkelijk. De laatste jaren zijn er vooral veel berichten over vastgelopen plannen voor collectieve warmtevoorziening. Daarbij gaat het met name om de uitbreiding van bestaande warmtenetten voor bestaande woningen. Bewoners waren vaak duurder uit als hun cv was vervangen door een warmte-aansluiting. Vorig jaar leidde dat in diverse buurten tot groot verzet. Onder meer in Amsterdam en Rotterdam zijn gemeenten, energiebedrijven en woningcorporaties gestopt met lopende projecten. Volgens NetVerder lukt het in Delft wel om een voor bewoners aantrekkelijk net aan te leggen, omdat alle partijen die bij de aanleg zijn betrokken elkaar vertrouwen en volledig open zijn over hun financiën.",de Volkskrant,,city,Delft,delft,delft,city,"Delft, Zuid-Holland, Nederland",nominatim,geocode,51.9994572,4.3627245,POINT (4.3627245 51.9994572),,Delft,Zuid-Holland,sentences_points,0,,,PV28,GM0503,4.3627245,51.9994572
0942366851f34ff9a08d2773cc53ae53,531,95,"Een huurprijsindicatie kan Hans Nieuwenhuis van Ridge Group, dat het project ontwikkelt, nog niet geven. ,,Er komen kleinere appartementen, waarvan de huur wat lager zal zijn.",huurprijsindicatie,Negative,Negative,0.7935,[1],Den Haag,city,Den Haag,city,Bestanden (500) (6).RTF,/Users/Yannick/dev/geothermal_text_mining/input_data/dutch/Bestanden (500) (6).RTF,AD/Haagsche Courant,2 March 2023,"De huizen moeten begin 2025 klaar zijn, meldt de Duitse eigenaar ZBI Group. Het gaat om energiezuinige appartementen, met onder meer een warmtepomp en zonnepanelen. Een deel van de stroom wordt opgewekt met geothermie, wat betekent dat er warmte wordt gebruikt uit de ondergrond. De appartementen van het project 'Green Harbour' gaan de vrije sector in. Het gaat dus niet om sociale huurhuizen. Een huurprijsindicatie kan Hans Nieuwenhuis van Ridge Group, dat het project ontwikkelt, nog niet geven. ,,Er komen kleinere appartementen, waarvan de huur wat lager zal zijn. En er komen grotere appartementen, waarvan je zeker moet denken aan een huur van 2000 euro per maand. Maar dat zijn er een paar van de 68."" Parkeerplekken De ontwikkelaar heeft gekozen voor huurwoningen in plaats van koopwoningen, omdat 'de woningmarkt in Den Haag daar nu om vraagt'. Zo kunnen expats hier straks wonen, zegt hij. Er komen ook 64 ondergrondse parkeerplekken. Het project komt op de plek waar de Pniëlkerk stond. Jongeren probeerden tijdens rellen in Duindorp, eind 2019, de kerk in de brand te steken. Uit angst dat het nog eens zou gebeuren tijdens de jaarwisseling, werd besloten de kerk vervroegd te slopen. Wijkbewoners gaven destijds aan bang te zijn voor brandstichting. Het vreugdevuur ging dat jaar niet door, waardoor de buurt vandalisme uit protest verwachtte. Het idee om er appartementen te bouwen bestond al langer, maar het project lag lang stil.",AD/Haagsche Courant,Den Haag,city,Den Haag,den haag,den haag,city,"Den Haag, Zuid-Holland, Nederland",nominatim,geocode,52.0799838,4.3113461,POINT (4.3113461 52.0799838),,'s-Gravenhage,Zuid-Holland,sentences_points,0,,,PV28,GM0518,4.3113461,52.0799838
4a90f512059e45e0a2b1894778332d0e,549,96,"Een van de hobbels die Mijnwater nog moest nemen, was het verkrijgen van een vergunning in het kader van de nieuwe Warmtewet.",vergunning,Negative,Negative,0.9721,[15],Heerlen,city,Heerlen,city,Bestanden (500) (5).RTF,/Users/Yannick/dev/geothermal_text_mining/input_data/dutch/Bestanden (500) (5).RTF,De Limburger,5 May 2023,"Het Heerlense warmtebedrijf Mijnwater heeft een vergunning gekregen om aardwarmte te leveren. Het bedrijf voldoet aan alle wettelijke voorschriften. Eigenaren Provincie Limburg en Enexis hebben onlangs meer dan honderd miljoen euro gestoken in Mijnwater om het warmtenet in Heerlen en Kerkrade uit te breiden. Voordat die investeringsbeslissing werd genomen, waren er nog enkele grote en kleine onzekerheden. Een van de hobbels die Mijnwater nog moest nemen, was het verkrijgen van een vergunning in het kader van de nieuwe Warmtewet. Dat is nu gelukt. Het bedrijf voldoet aan alle voorwaarden die de Warmtewet stelt, concludeert de Autoriteit Consument en Markt (ACM). Volgens de ACM heeft Mijnwater zijn zaakjes op het gebied van organisatie, financiën en techniek prima voor elkaar om langdurig, betrouwbaar warmte te leveren aan zijn klanten. Jaarlijks moet Mijnwater zijn jaarrekening ter controle sturen aan de ACM. Zo kan de autoriteit controleren of het bedrijf financieel solide blijft. Ook komt er een onafhankelijke klachtencommissie waar klanten van Mijnwater terechtkunnen. Mijnwater BV gebruikt warm water uit de oude mijngangen om woningen en kantoren in de regio Parkstad te verwarmen of te verkoelen. Ook maakt Mijnwater gebruik van restwarmte van bedrijven. Dat warme water wordt via buizen verspreid naar kantoren en woonhuizen in Heerlen, Brunssum en Kerkrade. PDF-bestand van dit document",De Limburger,Limburg,city,Heerlen,heerlen,heerlen,city,"Heerlen, Limburg, Nederland",nominatim,geocode,50.8775239,5.9815066,POINT (5.9815066 50.8775239),,Heerlen,Limburg,sentences_points,1,Governance,vergunning,PV31,GM0917,5.9815066,50.8775239
b1cfcb6e5f5b44a6a9378ff23842c2f4,549,97,Eigenaren Provincie Limburg en Enexis hebben onlangs meer dan honderd miljoen euro gestoken in Mijnwater om het warmtenet in Heerlen en Kerkrade uit te breiden.,warmtenet,Positive,Positive,0.8647,[17],Heerlen,city,Heerlen,city,Bestanden (500) (5).RTF,/Users/Yannick/dev/geothermal_text_mining/input_data/dutch/Bestanden (500) (5).RTF,De Limburger,5 May 2023,"Het Heerlense warmtebedrijf Mijnwater heeft een vergunning gekregen om aardwarmte te leveren. Het bedrijf voldoet aan alle wettelijke voorschriften. Eigenaren Provincie Limburg en Enexis hebben onlangs meer dan honderd miljoen euro gestoken in Mijnwater om het warmtenet in Heerlen en Kerkrade uit te breiden. Voordat die investeringsbeslissing werd genomen, waren er nog enkele grote en kleine onzekerheden. Een van de hobbels die Mijnwater nog moest nemen, was het verkrijgen van een vergunning in het kader van de nieuwe Warmtewet. Dat is nu gelukt. Het bedrijf voldoet aan alle voorwaarden die de Warmtewet stelt, concludeert de Autoriteit Consument en Markt (ACM). Volgens de ACM heeft Mijnwater zijn zaakjes op het gebied van organisatie, financiën en techniek prima voor elkaar om langdurig, betrouwbaar warmte te leveren aan zijn klanten. Jaarlijks moet Mijnwater zijn jaarrekening ter controle sturen aan de ACM. Zo kan de autoriteit controleren of het bedrijf financieel solide blijft. Ook komt er een onafhankelijke klachtencommissie waar klanten van Mijnwater terechtkunnen. Mijnwater BV gebruikt warm water uit de oude mijngangen om woningen en kantoren in de regio Parkstad te verwarmen of te verkoelen. Ook maakt Mijnwater gebruik van restwarmte van bedrijven. Dat warme water wordt via buizen verspreid naar kantoren en woonhuizen in Heerlen, Brunssum en Kerkrade. PDF-bestand van dit document",De Limburger,Limburg,city,Heerlen,heerlen,heerlen,city,"Heerlen, Limburg, Nederland",nominatim,geocode,50.8775239,5.9815066,POINT (5.9815066 50.8775239),,Heerlen,Limburg,sentences_points,0,,,PV31,GM0917,5.9815066,50.8775239
5baa7f8f442e43c4aad986e534425e31,269,98,Eind vorig jaar waren de verliezen zo hoog opgelopen dat CLG het faillissement aanvroeg.,verliezen,Negative,Negative,0.997,[5],Maastricht,city,Maastricht,city,Bestanden (1001-1500) (1).RTF,/Users/Yannick/dev/geothermal_text_mining/input_data/dutch/Bestanden (1001-1500) (1).RTF,De Limburger,1 May 2021,"Dat zegt curator Jos Bloo. De naam wil hij nog niet noemen, omdat nog geen akkoord is bereikt. Hij verwacht binnen twee maanden duidelijkheid. Directeur Lodewijk Burghout van het bedrijf dat het kassengebied ontwikkelt, en die samen met drie tuinders aandeelhouder van CLG was, is verrast. ,,Ik heb geen informatie dat de minister van Economische Zaken ineens anders over de winning van aardwarmte in dit gebied denkt."" CLG startte in 2017 met de winning van water uit diepe aardlagen voor het verwarmen van kassen. In 2018 werd de winning stilgelegd na lichte aardbevingen, waarna geen druppel meer werd opgepompt. Volgens SodM, de toezichthouder op aardwarmteprojecten namens het ministerie van EZ, slaagde CLG er daarna niet in om aan te tonen dat de productie veilig kon worden hervat. Het was echter aan de minister om daarover een besluit te nemen. Na twee jaar was dat besluit er nog niet, terwijl CLG elke dag 8.000 euro kwijt was om de installatie te onderhouden. Eind vorig jaar waren de verliezen zo hoog opgelopen dat CLG het faillissement aanvroeg. Curator Bloo geeft te kennen dat hij overleg voert met de provincie over de overname van het aardwarmteproject. Een woordvoerster van de provincie bevestigt dat. Zij benadrukt dat Maastricht ,,het belang van geothermie groot acht en zich, binnen haar mogelijkheden, inspant om dit mogelijk te maken"". Zo liet de provincie zelf onderzoek doen naar de risico's van aardwarmte om de besluitvorming van het ministerie positief te beïnvloeden. Het onderzoek is afgerond, maar nog niet openbaar, aldus de woordvoerster. De curator wijst erop dat de naburige, Duitse gemeente Straelen van plan is een project op te zetten om aardwarmte te winnen uit dezelfde aardlagen als vanwaaruit CLG dat deed. Bloo: ,,Dat geeft toch te denken."" Volgens SodM komt het ministerie nog met een besluit over de winning van aardwarmte in Californië, ook al is CLG al lang failliet. PDF-bestand van dit document",De Limburger,Limburg,city,Maastricht,maastricht,maastricht,city,"Maastricht, Limburg, Nederland",nominatim,geocode,50.8579855,5.6969882,POINT (5.6969882 50.8579855),,Maastricht,Limburg,sentences_points,0,,,PV31,GM0935,5.6969882,50.8579855
7c3a6e084de64c61862903fc44e0e4fe,196,99,"En alsof dat nog niet erg genoeg was, deed de lokale geothermiebron het door technische problemen ook niet.",geothermiebron,Negative,Negative,0.9962,[12],Den Haag,city,Den Haag,city,Bestanden (501-1000) (1).RTF,/Users/Yannick/dev/geothermal_text_mining/input_data/dutch/Bestanden (501-1000) (1).RTF,AD/Haagsche Courant,21 December 2020,"Zou het? Echt? Wordt er in Den Haag Zuidwest straks werkelijk vanuit tweeduizend meter diepte aardwarmte opgepompt om duizenden Haagse woningen te gaan verwarmen? Vergeef de cynicus zijn argwaan. In 2012 werd de aardwarmtecentrale aan de Leyweg al groots geopend door kroonprins Willem Alexander in aanwezigheid van 175 genodigden. Wat niemand erbij zei, was dat het ding het helemaal niet deed. En ook helemaal niet zou gaan doen. Met dank aan de financiële crisis waren er op dat moment nauwelijks huizen om de Haagse aardwarmte op aan te sluiten. En alsof dat nog niet erg genoeg was, deed de lokale geothermiebron het door technische problemen ook niet. Het leidde een jaar later tot het faillissement van de aardwarmtecentrale in Zuidwest. De gemeente Den Haag en drie lokale woningbouwcorporaties raakten meer dan 10 miljoen euro kwijt aan het prestigeproject dat bij elkaar ruim 20 miljoen euro had gekost. Daarna stak den Haag nog eens anderhalf miljoen in de afhandeling van het faillissement. Zeven jaar later lijkt de doorstart dan toch te lukken. De nieuwe partijen profiteren van de bestaande boorputten en enkele duurzaamheidssubsidies. Om rendabel te kunnen draaien hadden ze anders dubbel zo veel woningen moeten aansluiten. mislukt",AD/Haagsche Courant,Den Haag,city,Den Haag,den haag,den haag,city,"Den Haag, Zuid-Holland, Nederland",nominatim,geocode,52.0799838,4.3113461,POINT (4.3113461 52.0799838),,'s-Gravenhage,Zuid-Holland,sentences_points,0,,,PV28,GM0518,4.3113461,52.0799838
0d7c463e085e4a1abaaf431e28e25677,531,100,"En er komen grotere appartementen, waarvan je zeker moet denken aan een huur van 2000 euro per maand.",appartementen,Positive,Positive,0.9132,[4],Den Haag,city,Den Haag,city,Bestanden (500) (6).RTF,/Users/Yannick/dev/geothermal_text_mining/input_data/dutch/Bestanden (500) (6).RTF,AD/Haagsche Courant,2 March 2023,"De huizen moeten begin 2025 klaar zijn, meldt de Duitse eigenaar ZBI Group. Het gaat om energiezuinige appartementen, met onder meer een warmtepomp en zonnepanelen. Een deel van de stroom wordt opgewekt met geothermie, wat betekent dat er warmte wordt gebruikt uit de ondergrond. De appartementen van het project 'Green Harbour' gaan de vrije sector in. Het gaat dus niet om sociale huurhuizen. Een huurprijsindicatie kan Hans Nieuwenhuis van Ridge Group, dat het project ontwikkelt, nog niet geven. ,,Er komen kleinere appartementen, waarvan de huur wat lager zal zijn. En er komen grotere appartementen, waarvan je zeker moet denken aan een huur van 2000 euro per maand. Maar dat zijn er een paar van de 68."" Parkeerplekken De ontwikkelaar heeft gekozen voor huurwoningen in plaats van koopwoningen, omdat 'de woningmarkt in Den Haag daar nu om vraagt'. Zo kunnen expats hier straks wonen, zegt hij. Er komen ook 64 ondergrondse parkeerplekken. Het project komt op de plek waar de Pniëlkerk stond. Jongeren probeerden tijdens rellen in Duindorp, eind 2019, de kerk in de brand te steken. Uit angst dat het nog eens zou gebeuren tijdens de jaarwisseling, werd besloten de kerk vervroegd te slopen. Wijkbewoners gaven destijds aan bang te zijn voor brandstichting. Het vreugdevuur ging dat jaar niet door, waardoor de buurt vandalisme uit protest verwachtte. Het idee om er appartementen te bouwen bestond al langer, maar het project lag lang stil.",AD/Haagsche Courant,Den Haag,city,Den Haag,den haag,den haag,city,"Den Haag, Zuid-Holland, Nederland",nominatim,geocode,52.0799838,4.3113461,POINT (4.3113461 52.0799838),,'s-Gravenhage,Zuid-Holland,sentences_points,0,,,PV28,GM0518,4.3113461,52.0799838
ab096ce53688497cae8a060e816bacb7,644,101,"En omdat bewoners in deze gebouwen een gasketel delen, maakt dit het aansluiten op een warmtenet makkelijker, geeft de gemeente aan.",aansluiten,Positive,Positive,0.9751,[13],Delft,city,Delft,city,Bestanden (500) (4).RTF,/Users/Yannick/dev/geothermal_text_mining/input_data/dutch/Bestanden (500) (4).RTF,AD/Haagsche Courant,3 September 2024,"Delft introduceert verwarming voor 6000 woningen uit bron op TU Wat doet het warmtenet precies? Op ruim 2 kilometer onder de grond bij de TU Delft, zit warm water in de bodem, aardwarmte - ook wel geothermie genoemd. Dit water heeft een temperatuur van ongeveer 75 graden. Dit water wordt bij de aardwarmtebron omhoog gepompt. Door het warmtenet, een systeem van buizen van 16 kilometer lang onder de grond, stroomt het warme water richting de woongebouwen. Hiermee kunnen huurwoningen van woningcorporaties Vidomes, Stedelink, DUWO en Woonbron worden verwarmd. Daardoor is er geen gas meer nodig. Welke wijken in Delft worden aangesloten op het warmtenet? Voorlopig is dit warmtenet bedoeld voor Buitenhof, Voorhof en de TU Delft Campus. Omdat er in deze wijken veel woningen op een klein oppervlak staan. En omdat bewoners in deze gebouwen een gasketel delen, maakt dit het aansluiten op een warmtenet makkelijker, geeft de gemeente aan. Totaal kunnen er in Voorhof en Buitenhof 15.000 woningen op het netwerk aangesloten worden. Dit zijn ook koopwoningen. In het 'Warmteplan Delft', dat in 2021 is vastgesteld, staat voor elke wijk welk alternatief voor aardgas de meest geschikte oplossing is. Voor de binnenstad is nu nog onduidelijk welke alternatieve bron voor aardgas kan worden gebruikt. Gaan bewoners nu meer of minder betalen? Ze gaan niet meer, maar ook niet minder betalen. De prijs van de warmte is op het moment van aansluiten namelijk vergelijkbaar met warmte gemaakt met aardgas. Daarna beweegt de prijs mee met de werkelijke kostenontwikkeling voor de productie en distributie van de warmte. De afgelopen jaren is de prijs van gas niet altijd hetzelfde gebleven door de oorlog tussen Rusland en Oekraïne. Met het warmtenet blijven de prijzen stabieler dan voorheen. Wat merken bewoners van het warmtenet? Als het warmtenet er eenmaal ligt, merken bewoners er vrij weinig van. De centrale gasverwarmingsketel wordt vervangen door een aansluiting op het nieuwe warmtenet voor het hele gebouw. De verwarming van woningen kan dan nog steeds met dezelfde radiator ingesteld worden. Van de aanleg van het net kunnen Delftenaren wel wat merken. De soms wel 70 centimeter brede buizen gaan namelijk onder de grond. Hiervoor moeten straten opengebroken worden, wat voor veranderende verkeerssituaties kan zorgen. Dit gebeurt in fases. Voor hoe lang kan er aardwarmte uit de grond worden gehaald? Waarschijnlijk is er genoeg aardwarmte voor de komende dertig jaar. Als dit op is, kan er op hetzelfde warmtenet dat nu wordt aangelegd een andere bron worden aangesloten. Wanneer kan er gebruikgemaakt worden van het warmtenet? De allereerste huizen kunnen - als alles volgens plan gaat - in het najaar van 2025 gebruikmaken van het warmtenet. Uiteindelijk is het de bedoeling dat in 2027 alle 6000 huurwoningen op het netwerk zijn aangesloten. Uiteindelijk is het de bedoeling dat in 2027 alle 6000 huurwoningen op het netwerk zijn aangesloten Ook bij de Sterflats wordt het warmtenet aangesloten.",AD/Haagsche Courant,Den Haag,city,Delft,delft,delft,city,"Delft, Zuid-Holland, Nederland",nominatim,geocode,51.9994572,4.3627245,POINT (4.3627245 51.9994572),,Delft,Zuid-Holland,sentences_points,0,,,PV28,GM0503,4.3627245,51.9994572
b5ced548ad694785bae4af1393df42ba,668,102,"Energie Beheer Nederland, dat namens de staat betrokken is bij energiewinning, concludeerde najaar 2020 al na eigen onderzoek dat ruim een kwart van de Nederlandse woningen in de toekomst verwarmd zou kunnen worden met warmte uit de aardbodem.",Energie Beheer,Negative,Negative,0.7922,"[0, 1]",Gorinchem,city,Gorinchem,city,1-500.RTF,/Users/Yannick/dev/geothermal_text_mining/input_data/dutch/1-500.RTF,AD/Rivierenland,12 December 2024,"Mooi en Duurzaam Gorinchem komt met alternatief Hij heeft dat alternatief niet alleen bedacht, maar deed een beroep op deskundigen van Pondera, een bureau dat onderzoek doet en advies biedt op het gebied van schone energie. Daarnaast mobiliseerde hij nog enkele regiobewoners: ingenieurs en innovatiemanagers die verstand van zaken hebben als het om de energietransitie gaat. Hun eerste bevindingen zijn inmiddels naar Gorcumse gemeenteraadsleden gestuurd. Stichting Mooi en Duurzaam Gorinchem is ontstaan doordat tegenstanders van windturbines op Avelingen, onder wie ondernemers en inwoners, zich verenigden. Onder invloed van die weerstand besloot Gorinchem om het gebied nabij de Merwedebrug te schrappen als zoeklocatie voor windenergie. De provincie Zuid-Holland houdt die optie open wanneer Gorinchem en Molenlanden hun belofte voor groene energie niet kunnen inlossen. De stichting blijft tegenargumenten geven om deze niet te plaatsen, onder meer als het gaat om de gezondheid van omwonenden. En nu komt Mooi en Duurzaam Gorinchem met een alternatieve energiebron. Huizen ,,Het is gemakkelijk om te zeggen: Niet doen! Maar wij willen wel een alternatief bieden én dat ligt naar onze mening in aardwarmte'', zegt voorman Peter Verschoor. Met aardwarmte - warm water dat uit de bodem wordt opgepompt - kunnen huizen via een gesloten systeem worden verwarmd. Het afgekoelde water gaat terug de diepte van de aarde in waar het opnieuw wordt opgewarmd. ,,Dit gebeurt al op meerdere plekken in ons land: dat zou ook in Gorinchem moeten kunnen.'' Voor die verkenning kwamen medio september deskundigen, ondernemers en een Statenlid bijeen bij Damen Shipyards, dat zelf ook zoekt naar duurzame energiebronnen. ,,Dit was in eerste instantie bedoeld als kennisuitwisseling rond technologische innovaties, ontwikkelingen en pilots op het gebied van duurzame energie. We willen allemaal op de een of andere manier willen investeren in een duurzame toekomst.'' Al tijdens die bijeenkomst lieten deskundigen van Pondera doorschemeren dat de regio Alblasserwaard-Vijfheerenlanden potentie heeft voor aardwarmtewinning. ,,Er liggen pockets met water onder onze voeten die qua temperatuur, diepte en volume geschikt zijn voor geothermie. De voorlopige voorzichtige conclusie is dat dit een aantrekkelijke optie is die nader onderzoek vraagt. Het voordeel van aardwarmte is dat dit de klok rond beschikbaar is, in tegenstelling tot zonne- en windenergie'', zegt Verschoor. Stichting Mooi en Duurzaam Gorinchem en haar deskundigen staan niet alleen in hun conclusie dat aardwarmte een alternatief kan zijn voor fossiele brandstoffen. Energie Beheer Nederland, dat namens de staat betrokken is bij energiewinning, concludeerde najaar 2020 al na eigen onderzoek dat ruim een kwart van de Nederlandse woningen in de toekomst verwarmd zou kunnen worden met warmte uit de aardbodem. Zelfs Gorinchem deed zo'n vijftien jaar geleden onderzoek naar geothermie. Dat liep spaak omdat de gemeente zelf geen geld had om proefboringen te laten uitvoeren. Energiemaatschappijen die werden benaderd, hadden geen interesse om te investeren. ,,In het hele land zijn proef- boringen. Als je als gemeente weet dat er kansen liggen, waarom onderzoek je die niet alsnog?'', aldus Verschoor. Dit gebeurt al op meerdere plekken in ons land: dat zou ook in Gorinchem moeten kunnen Peter Verschoor",AD/Rivierenland,Rivierenland (Gelderland),city,Gorinchem,gorinchem,gorinchem,city,"Gorinchem, Zuid-Holland, Nederland",nominatim,geocode,51.8296133,4.9738743,POINT (4.9738743 51.8296133),,Gorinchem,Zuid-Holland,sentences_points,0,,,PV28,GM0512,4.9738743,51.8296133
add2c697e1ae42888f03de43da6f15e7,668,103,"Energiemaatschappijen die werden benaderd, hadden geen interesse om te investeren. ,,In het hele land zijn proef- boringen.",Energiemaatschappijen,Negative,Negative,0.9961,[0],Gorinchem,city,Gorinchem,city,1-500.RTF,/Users/Yannick/dev/geothermal_text_mining/input_data/dutch/1-500.RTF,AD/Rivierenland,12 December 2024,"Mooi en Duurzaam Gorinchem komt met alternatief Hij heeft dat alternatief niet alleen bedacht, maar deed een beroep op deskundigen van Pondera, een bureau dat onderzoek doet en advies biedt op het gebied van schone energie. Daarnaast mobiliseerde hij nog enkele regiobewoners: ingenieurs en innovatiemanagers die verstand van zaken hebben als het om de energietransitie gaat. Hun eerste bevindingen zijn inmiddels naar Gorcumse gemeenteraadsleden gestuurd. Stichting Mooi en Duurzaam Gorinchem is ontstaan doordat tegenstanders van windturbines op Avelingen, onder wie ondernemers en inwoners, zich verenigden. Onder invloed van die weerstand besloot Gorinchem om het gebied nabij de Merwedebrug te schrappen als zoeklocatie voor windenergie. De provincie Zuid-Holland houdt die optie open wanneer Gorinchem en Molenlanden hun belofte voor groene energie niet kunnen inlossen. De stichting blijft tegenargumenten geven om deze niet te plaatsen, onder meer als het gaat om de gezondheid van omwonenden. En nu komt Mooi en Duurzaam Gorinchem met een alternatieve energiebron. Huizen ,,Het is gemakkelijk om te zeggen: Niet doen! Maar wij willen wel een alternatief bieden én dat ligt naar onze mening in aardwarmte'', zegt voorman Peter Verschoor. Met aardwarmte - warm water dat uit de bodem wordt opgepompt - kunnen huizen via een gesloten systeem worden verwarmd. Het afgekoelde water gaat terug de diepte van de aarde in waar het opnieuw wordt opgewarmd. ,,Dit gebeurt al op meerdere plekken in ons land: dat zou ook in Gorinchem moeten kunnen.'' Voor die verkenning kwamen medio september deskundigen, ondernemers en een Statenlid bijeen bij Damen Shipyards, dat zelf ook zoekt naar duurzame energiebronnen. ,,Dit was in eerste instantie bedoeld als kennisuitwisseling rond technologische innovaties, ontwikkelingen en pilots op het gebied van duurzame energie. We willen allemaal op de een of andere manier willen investeren in een duurzame toekomst.'' Al tijdens die bijeenkomst lieten deskundigen van Pondera doorschemeren dat de regio Alblasserwaard-Vijfheerenlanden potentie heeft voor aardwarmtewinning. ,,Er liggen pockets met water onder onze voeten die qua temperatuur, diepte en volume geschikt zijn voor geothermie. De voorlopige voorzichtige conclusie is dat dit een aantrekkelijke optie is die nader onderzoek vraagt. Het voordeel van aardwarmte is dat dit de klok rond beschikbaar is, in tegenstelling tot zonne- en windenergie'', zegt Verschoor. Stichting Mooi en Duurzaam Gorinchem en haar deskundigen staan niet alleen in hun conclusie dat aardwarmte een alternatief kan zijn voor fossiele brandstoffen. Energie Beheer Nederland, dat namens de staat betrokken is bij energiewinning, concludeerde najaar 2020 al na eigen onderzoek dat ruim een kwart van de Nederlandse woningen in de toekomst verwarmd zou kunnen worden met warmte uit de aardbodem. Zelfs Gorinchem deed zo'n vijftien jaar geleden onderzoek naar geothermie. Dat liep spaak omdat de gemeente zelf geen geld had om proefboringen te laten uitvoeren. Energiemaatschappijen die werden benaderd, hadden geen interesse om te investeren. ,,In het hele land zijn proef- boringen. Als je als gemeente weet dat er kansen liggen, waarom onderzoek je die niet alsnog?'', aldus Verschoor. Dit gebeurt al op meerdere plekken in ons land: dat zou ook in Gorinchem moeten kunnen Peter Verschoor",AD/Rivierenland,Rivierenland (Gelderland),city,Gorinchem,gorinchem,gorinchem,city,"Gorinchem, Zuid-Holland, Nederland",nominatim,geocode,51.8296133,4.9738743,POINT (4.9738743 51.8296133),,Gorinchem,Zuid-Holland,sentences_points,0,,,PV28,GM0512,4.9738743,51.8296133
f026c5ec7c9249d987f25720454df5e3,345,104,Er is te veel onzekerheid over de kosten van de netaansluiting en de benodigde grondstoffen.,netaansluiting,Negative,Negative,0.9943,[10],Maasdijk,site,Maasdijk,site,Bestanden (1500-1862).RTF,/Users/Yannick/dev/geothermal_text_mining/input_data/dutch/Bestanden (1500-1862).RTF,Nieuwe Oogst,23 October 2021,"Alphen aan den Rijn doet onderzoek naar buitengebied Alphen aan den Rijn - Onderzoek of het mogelijk is om een accountmanager boerenerven aan te stellen, die zich bezighoudt met het ondersteunen en meedenken met agrarisch ondernemers over hun toekomstplannen. Dat is een aanbeveling uit het onderzoek dat gemeente Alphen aan den Rijn liet uitvoeren naar de toekomst van haar buitengebied. Uit het onderzoek komt naar voren dat er weinig zicht is op hoe het met boeren gaat en wat hun ambities zijn. De gemeente gebruikt de resultaten en aanbevelingen als bouwstenen voor een nieuw op te stellen programma 'Landelijk gebied'. Zorgen over waterkwaliteit door rivierkreeften Krimpenerwaard - Hoogheemraadschap van Schieland en Krimpenerwaard heeft in de Krimpenerwaard op 90 procent van alle onderzochte locaties rivierkreeften gevangen. In Schieland zijn kreeften op een derde van de locaties aangetroffen. De slechte invloed op de waterkwaliteit door de rivierkreeft baart het waterschap zorgen. Sinds 2020 doet het schap onderzoek naar de rode Amerikaanse rivierkreeft. Besluit aanleg zonneweide Jaagweg nog uitgesteld Berkhout - Het gemeentebestuur van Koggenland heeft meer tijd nodig om een raadsbesluit voor te bereiden over het in eigen beheer ontwikkelen van een zonneweide aan de Jaagweg in Berkhout. Er is te veel onzekerheid over de kosten van de netaansluiting en de benodigde grondstoffen. Die stijgen de pan uit, stelt het college van burgemeester en wethouders. Doordat netbeheerder Liander te weinig capaciteit over heeft op het bestaande energienetwerk, kunnen ook die kosten in de papieren lopen. Aansluiting op een ander onderstation in Midwoud vraagt om een kabel van ruim 15 kilometer, die onder de snelweg A7 en twee spoorlijnen zou moeten worden doorgetrokken. Komst aardwarmteproject Maasdijk stap dichterbij Maasdijk - De realisatie van het aardwarmteproject in Maasdijk is een stuk dichterbij gekomen met het akkoord van aandeelhouders HVC en Capturam over het verstrekken van het eigen vermogen voor drie doubletten en de aanleg van het warmtenet. Daarnaast hebben de leden van de Warmtecoöperatie Kralingerpolder zich aangesloten bij de coöperatie Maasdijk. De werkzaamheden voor realisatie van het project, dat in 2018 door glastuinders is geïnitieerd, starten nog dit jaar. Glastuinders Oostland willen aan de slag met gietwater Oostland - Tuinders in Oostland willen aan de slag met gietwater. Dat blijkt uit een enquête die deze zomer is gehouden door twee studenten van de Haagse Hogeschool naar de gevolgen van de klimaatverandering voor de sector. Deze week zijn de resultaten gepresenteerd op Glastuinbouw Waterproof. Uit het onderzoek blijkt dat de helft van de telers problemen voorziet bij de beschikking over minder grondwater. Gietwater kan volgens een groot deel van ondernemers als alternatief dienen. Gemeenten Langedijk en Heerhugowaard fuseren Langedijk/Heerhugowaard - Gemeenten Langedijk en Heerhugowaard fuseren per 1 januari 2022 tot de gemeente Dijk en Waard. Twaalf politieke partijen doen mee aan de herindelingsverkiezingen in de gemeenten die eind november worden gehouden.",Nieuwe Oogst,Nederland,site,Maasdijk,maasdijk,maasdijk,site,"Maasdijk, Westland, Zuid-Holland, Nederland",nominatim,geocode,51.9575497,4.2149056,POINT (4.2149056 51.9575497),,Westland,Zuid-Holland,sentences_points,2,Risks;Costs,onzekerheid;kosten,PV28,GM1783,4.2149056,51.9575497
71965c69d1cd4d3196b91d4c815d70b2,158,105,Er moet aan strenge veiligheidseisen worden voldaan.,veiligheidseisen,Negative,Negative,0.8424,[4],Den Haag,city,Den Haag,city,Bestanden (501-1000) (1).RTF,/Users/Yannick/dev/geothermal_text_mining/input_data/dutch/Bestanden (501-1000) (1).RTF,"De Posthoorn, Segbroek",14 October 2020,"Den Haag - De CoronaMelder-app is klaar en te installeren via de App Store en de Google Play Store. Hij stuurt een melding als je langer dan 15 minuten dicht bij iemand in de buurt bent geweest, die later het virus blijkt te hebben. CoronaMelder-app is voor iedereen beschikbaar Den Haag - Vanaf nu kan iedereen de CoronaMelder-app gebruiken. De app stuurt een melding als je langer dan 15 minuten dicht bij iemand in de buurt bent geweest, die later het coronavirus blijkt te hebben. Als je een melding hebt ontvangen, lees je in de app welke maatregelen je kan nemen en of je je kan laten testen. Zo weet je na een melding dat je meer kans hebt om besmet te zijn en kun je voorkomen dat je onbewust een ander besmet. Want je kunt het coronavirus al doorgeven, voordat je je ziek voelt. CoronaMelder is een aanvulling op het reguliere bron- en contactonderzoek van de GGD. Met de app kunnen ook mensen worden geïnformeerd die niet naar voren komen uit het bron- en contactonderzoek. De app weet niet wie of waar je bent. Ook geeft de app geen meldingen over actuele besmettingen in de buurt. De basisregels, zoals 1,5 meter afstand houden en vaak je handen wassen, blijven dus belangrijk! CoronaMelder is te vinden in de App Store en de Google Play Store. Het downloaden van de app is altijd vrijwillig. Hulp nodig bij het installeren? Veel bibliotheken kunnen hierbij helpen. Of bel de Helpdesk CoronaMelder op 0800-1280. Den Haag is eerste stad met warmte uit bodem Den Haag - Den Haag is de eerste stad in Nederland waar huizen verwarmd worden met schone warmte uit eigen bodem. Het ministerie van Economische Zaken heeft met een definitief besluit groen licht gegeven voor het winnen van aardwarmte in de centrale aan de Leyweg. Vanuit de bron op twee kilometer diepte wordt water van circa 78 graden opgepompt. Die warmte wordt overgezet en via het stadsverwarmingsnet krijgen woningen in stadsdeel Zuidwest verwarming en warm kraanwater. Zo kan aan de eerste 1200 huizen aardwarmte (geothermie) worden geleverd. Deze is schoon en duurzaam. De gemeente heeft via het Energiefonds Den Haag een deel van de financiering beschikbaar gesteld voor deze bron. Wethouder Liesbeth van Tongeren (Duurzaamheid en Energietransitie) is trots. ""Hiermee laten we zien dat het kan: in een dichtbevolkte stad als Den Haag schone warmte uit eigen bron gebruiken.” Een definitief besluit voor winning van aardwarmte, zoals bij de centrale aan de Leyweg, wordt niet zomaar genomen. Er moet aan strenge veiligheidseisen worden voldaan. Hiervoor is het ministerie te rade gegaan bij verschillende organisaties als TNO, de Mijnraad, de Omgevingsdienst Haaglanden, Provincie Zuid-Holland en Hoogheemraadschap Delfland.","De Posthoorn, Segbroek",,city,Den Haag,den haag,den haag,city,"Den Haag, Zuid-Holland, Nederland",nominatim,geocode,52.0799838,4.3113461,POINT (4.3113461 52.0799838),,'s-Gravenhage,Zuid-Holland,sentences_points,0,,,PV28,GM0518,4.3113461,52.0799838
9b070d41017e44c3917f06651eee9910,775,106,"Exact 100 jaar na de bouw van het Grand Hotel, zal het iconische gebouw weer uit zijn as verrijzen.",gebouw,Positive,Positive,0.9862,[14],Nieuwpoort,city,Nieuwpoort,city,Bestanden (500) (4).RTF,/Users/Yannick/dev/geothermal_text_mining/input_data/dutch/Bestanden (500) (4).RTF,De Krant van West-Vlaanderen,,"NIEUWPOORT - Exact 100 jaar na de bouw van het Grand Hotel, zal het iconische gebouw weer uit zijn as verrijzen. Het nieuwe prestigeproject wordt dé blikvanger van Nieuwpoort en zal verschillende functies vervullen. De nieuwe syndicus van The Grand is Wim Demeester van Immo Group-S. ""Het doel is om een gezond evenwicht te creëren tussen oude en nieuwe architectuur zodat het gebouw weer de status krijgt dat het verdient"", zegt hij. Circulair conceptBelevingsplein The Grand krijgt verschillende functies. Zo biedt het complex plaats aan 70 appartementen met verschillende oppervlaktes. Daarnaast is het gebouw ook toegankelijk voor het brede publiek. De iconische bar en het restaurant aan de kant van de zeedijk worden volledig gerenoveerd. Aan de kant van de Albert I-laan is dan weer ruimte voorzien voor ruime handelspanden. ""De veelzijdigheid van The Grand zorgt ervoor dat iedereen weer ten volle van deze historisch parel kan genieten"", aldus Wim Demeester. In het circulaire concept van The Grand wordt gebruikgemaakt van moderne en duurzame technieken zoals geothermie, zonnepanelen en maximale terugwinning van de geproduceerde warmte. Zo wordt het verbruik tot een absoluut minimum beperkt. Daarbovenop zal het gebouw zonder fossiele brandstoffen gekoeld en verwarmd worden. Daardoor genieten alle appartementen van een ideale winter- én zomertemperatuur. ""De duurzame en ecologische technieken zijn een voorbeeld van hoe je historische en iconische gebouwen een tweede leven kunt geven"", vertelt de nieuwe syndicus Wim Demeester. Naast de heropleving van The Grand krijgt ook de omgeving rond het project een extra boost. Zo krijgt eveneens het Hendrikaplein een nieuw leven. De bovengrondse parking zal een belevingsplein worden waarop kinderen zich kunnen uitleven, bezoekers even kunnen uitrusten en evenementen kunnen worden georganiseerd. The Grand en de omgeving daarrond worden dé trekpleister van Nieuwpoort-Bad. ""Het is natuurlijk een hele eer om syndicus van dit prestigeproject te mogen zijn"", besluit Wim Demeester. ""Ik ben ervan overtuigd dat dit Nieuwpoort een extra boost zal geven."" (PG)",De Krant van West-Vlaanderen,,city,Nieuwpoort,nieuwpoort,nieuwpoort,city,"Nieuwpoort, Molenlanden, Zuid-Holland, Nederland",nominatim,geocode,51.9353893,4.868505,POINT (4.868505 51.9353893),,Molenlanden,Zuid-Holland,sentences_points,0,,,PV28,GM1978,4.868505,51.9353893
e1755a48c58e41fd84036dfbae8d5a69,612,107,"Extra risico's door ongeluk bij boring Door het kilometerslange gat is het mogelijk dat waterstromen 'ongewenst doorlekken' naar diepere aardlagen, meldt Staatstoezicht op de Mijnen in een brief aan het aardwarmtebedrijf Geothermie Delft (GTD).",gat,Negative,Negative,0.9964,[11],Delft,city,Delft,city,Bestanden (500) (4).RTF,/Users/Yannick/dev/geothermal_text_mining/input_data/dutch/Bestanden (500) (4).RTF,AD/Haagsche Courant,5 March 2024,"Extra risico's door ongeluk bij boring Door het kilometerslange gat is het mogelijk dat waterstromen 'ongewenst doorlekken' naar diepere aardlagen, meldt Staatstoezicht op de Mijnen in een brief aan het aardwarmtebedrijf Geothermie Delft (GTD). Als gevolg van de boringen in de Delftse bodem is daarnaast ook de kans dat aardbevingen ontstaan 'niet verwaarloosbaar klein', schrijft de toezichthouder van het Ministerie van Economische Zaken en Klimaat. Daarom eist ze van het bedrijf dat de aardwarmte uit de grond wil pompen onder meer dat die specifieke beheersmaatregelen neemt. Doet GTD dat onvoldoende, dan krijgt het bedrijf problemen met het verkrijgen van een vergunning van het ministerie. Technische fout Staatstoezicht op de Mijnen noemt in een advies bijvoorbeeld dat het bedrijf een speciale pot voor eventuele schade moet reserveren. Volgens de berekeningen van verschillende adviseurs bestaat een kans op 'cosmetische schade' van gebouwen in het gebied als gevolg van mogelijke 'seismische activiteit'. Door een technische fout bij het boren is het afgelopen najaar al misgegaan in Delft, vertelt de woordvoerder van het aardwarmtebedrijf. Of het te voorkomen viel, wil het bedrijf niet zeggen. Het ongeluk met de boorkop komt nu aan het licht doordat GTD een startvergunning heeft aangevraagd. Alle adviezen die zijn gegeven over het project zijn daarom begin vorige maand officieel openbaar gemaakt, zodat omwonenden en andere belanghebbenden ze kunnen inzien. ,,Boringen in de diepe ondergrond lukken niet altijd. Het boorgat is een open gat tijdens de boring en het gebeurt vaker dat zo'n gang instort"", vertelt de GTD-woordvoerder. Bij de boring in Delft stortte het boorgat in toen er in een aardlaag van kleisteen werd gedrild en een boorkop onwrikbaar kwam vast te zitten. ,,Het is de verwachting dat de gang vanzelf sluit. Door druk in de bodem zal de gang worden gedicht"", weet de woordvoerder. Boorkop slaat gat in bodem In Vierpolders wordt al volop aardwarmte uit de ondergrond gewonnen. Foto Arie Kievit Boorkop slaat gat in bodem",AD/Haagsche Courant,Den Haag,city,Delft,delft,delft,city,"Delft, Zuid-Holland, Nederland",nominatim,geocode,51.9994572,4.3627245,POINT (4.3627245 51.9994572),,Delft,Zuid-Holland,sentences_points,1,Risks,risico,PV28,GM0503,4.3627245,51.9994572
28ce0d1e3db04f7aa740b9af7e1798cb,297,108,Geothermiebuizen kunnen gaan roesten en daardoor ook gaan lekken.,Geothermiebuizen,Negative,Negative,0.9955,[0],Den Haag,city,Den Haag,city,Bestanden (1001-1500) (1).RTF,/Users/Yannick/dev/geothermal_text_mining/input_data/dutch/Bestanden (1001-1500) (1).RTF,Friesch Dagblad,18 June 2021,"Den Haag Het boren naar aardwarmte, ook wel geothermie genoemd, brengt risico's met zich mee voor de drinkwatervoorziening. Het kabinet doet te weinig om die risico's te ondervangen en dat is 'zorgwekkend', schrijft de Algemene Rekenkamer in een rapport. Aardwarmte speelt een belangrijke rol in de strijd tegen klimaatverandering. Warmtepompen, die warm en zout water oppompen van een diepte tot 2 à 3 kilometer, moeten op termijn gasgestookte warmtebronnen gaan vervangen. Maar daarbij worden ondiepere aardlagen doorboord waar zich belangrijke watervoorraden bevinden. Geothermiebuizen kunnen gaan roesten en daardoor ook gaan lekken. Daardoor kan zout water, dat bovendien vervuild is met chemicaliën, weglekken naar de zoetwaterlagen waaruit drinkwater wordt gewonnen. Ook kan verontreiniging zich sneller verspreiden. Link naar PDF",Friesch Dagblad,Friesland,city,Den Haag,den haag,den haag,city,"Den Haag, Zuid-Holland, Nederland",nominatim,geocode,52.0799838,4.3113461,POINT (4.3113461 52.0799838),,'s-Gravenhage,Zuid-Holland,sentences_points,0,,,PV28,GM0518,4.3113461,52.0799838
8ce6975b187c4c82ac126a0e059df202,456,109,"Handhavers kunnen de productie gewoon stilleggen, maar er is tot nu toe niets gebeurd.",Handhavers,Negative,Negative,0.6873,[0],Hoogweg,site,Hoogweg,site,Bestanden (500) (6).RTF,/Users/Yannick/dev/geothermal_text_mining/input_data/dutch/Bestanden (500) (6).RTF,Steenwijker Courant,5 August 2022,"Ook de paprikakwekerijen van Hoogweg worden volgens de advocaat in hun voorbestaan bedreigd als het aardwarmteproject aan de Nieuwlandseweg wordt stilgelegd. De productie van aardwarmte gaat nu nog gewoon door ondanks de vernietiging van de daarvoor vereiste vergunning door de Zwolse rechtbank. ,,Er is nu sprake van een illegale situatie"", aldus de voorzieningenrechter van de Raad van State. Handhavers kunnen de productie gewoon stilleggen, maar er is tot nu toe niets gebeurd. Om dat voor te zijn heeft Hoogweg aan de Raad gevraagd om de vergunning voorlopig in stand te laten totdat de Raad de kwestie later dit jaar uitvoerig heeft onderzocht. In dat geval staan de handhavers namelijk met lege handen. Urgent of niet? Voor de Raad van State is het de vraag of er sprake is van een urgente situatie. Staatstoezicht op de mijnen zou hier moeten handhaven. Eventueel ook de provincie Flevoland. Ze zitten allebei stil. Maar volgens de advocaat van Hoogweg kan dit zomaar veranderen en dan zijn de rapen gaar. De aardwarmte kan dan niet meer geleverd worden aan de paprikakwekers en die moeten dan voor hun verwarming duur gas aankopen. Duurzame energie Een mogelijke reden waarom er nog niet is gehandhaafd kan zijn dat dit energieproject van Hoogweg duurzaam is en stikstofvrij warmte levert aan de kwekerijen. Volgens de advocaat van Hoogweg staat ook de provincie Flevoland achter dit energieproject waarbij warm water uit de ondergrond wordt opgepompt en benut door de kwekers. Toch zorgde de provincie Overijssel ervoor dat de vergunning van Hoogweg werd vernietigd. Overijssel komt namelijk op voor de bescherming van Natura 2000 gebied De Weerribben dat dichtbij ligt. Naast het warme water komt ook wat gas mee uit de ondergrond. Dat wordt ook benut door de kwekers. Maar gasverbranding kan wel het natuurgebied schaden. ,,We hebben er geen belang bij dat dit project wordt stilgelegd. Maar dit is een principezaak die goed moet worden geregeld"", aldus een woordvoerster van de provincie. De Raad doet binnen twee weken uitspraak. Link naar PDF",Steenwijker Courant,,site,Hoogweg,hoogweg,hoogweg,site,"Hoogweg, Noordwijkerhout, Noordwijk, Zuid-Holland, Nederland, 2211 XR, Nederland",nominatim,geocode,52.2449437,4.4624735,POINT (4.4624735 52.2449437),,Noordwijk,Zuid-Holland,sentences_points,0,,,PV28,GM0575,4.4624735,52.2449437
278055c34f9a452698c7bdb464d14de9,668,110,"Het afgekoelde water gaat terug de diepte van de aarde in waar het opnieuw wordt opgewarmd. ,,Dit gebeurt al op meerdere plekken in ons land",water,Negative,Negative,0.9432,[2],Gorinchem,city,Gorinchem,city,1-500.RTF,/Users/Yannick/dev/geothermal_text_mining/input_data/dutch/1-500.RTF,AD/Rivierenland,12 December 2024,"Mooi en Duurzaam Gorinchem komt met alternatief Hij heeft dat alternatief niet alleen bedacht, maar deed een beroep op deskundigen van Pondera, een bureau dat onderzoek doet en advies biedt op het gebied van schone energie. Daarnaast mobiliseerde hij nog enkele regiobewoners: ingenieurs en innovatiemanagers die verstand van zaken hebben als het om de energietransitie gaat. Hun eerste bevindingen zijn inmiddels naar Gorcumse gemeenteraadsleden gestuurd. Stichting Mooi en Duurzaam Gorinchem is ontstaan doordat tegenstanders van windturbines op Avelingen, onder wie ondernemers en inwoners, zich verenigden. Onder invloed van die weerstand besloot Gorinchem om het gebied nabij de Merwedebrug te schrappen als zoeklocatie voor windenergie. De provincie Zuid-Holland houdt die optie open wanneer Gorinchem en Molenlanden hun belofte voor groene energie niet kunnen inlossen. De stichting blijft tegenargumenten geven om deze niet te plaatsen, onder meer als het gaat om de gezondheid van omwonenden. En nu komt Mooi en Duurzaam Gorinchem met een alternatieve energiebron. Huizen ,,Het is gemakkelijk om te zeggen: Niet doen! Maar wij willen wel een alternatief bieden én dat ligt naar onze mening in aardwarmte'', zegt voorman Peter Verschoor. Met aardwarmte - warm water dat uit de bodem wordt opgepompt - kunnen huizen via een gesloten systeem worden verwarmd. Het afgekoelde water gaat terug de diepte van de aarde in waar het opnieuw wordt opgewarmd. ,,Dit gebeurt al op meerdere plekken in ons land: dat zou ook in Gorinchem moeten kunnen.'' Voor die verkenning kwamen medio september deskundigen, ondernemers en een Statenlid bijeen bij Damen Shipyards, dat zelf ook zoekt naar duurzame energiebronnen. ,,Dit was in eerste instantie bedoeld als kennisuitwisseling rond technologische innovaties, ontwikkelingen en pilots op het gebied van duurzame energie. We willen allemaal op de een of andere manier willen investeren in een duurzame toekomst.'' Al tijdens die bijeenkomst lieten deskundigen van Pondera doorschemeren dat de regio Alblasserwaard-Vijfheerenlanden potentie heeft voor aardwarmtewinning. ,,Er liggen pockets met water onder onze voeten die qua temperatuur, diepte en volume geschikt zijn voor geothermie. De voorlopige voorzichtige conclusie is dat dit een aantrekkelijke optie is die nader onderzoek vraagt. Het voordeel van aardwarmte is dat dit de klok rond beschikbaar is, in tegenstelling tot zonne- en windenergie'', zegt Verschoor. Stichting Mooi en Duurzaam Gorinchem en haar deskundigen staan niet alleen in hun conclusie dat aardwarmte een alternatief kan zijn voor fossiele brandstoffen. Energie Beheer Nederland, dat namens de staat betrokken is bij energiewinning, concludeerde najaar 2020 al na eigen onderzoek dat ruim een kwart van de Nederlandse woningen in de toekomst verwarmd zou kunnen worden met warmte uit de aardbodem. Zelfs Gorinchem deed zo'n vijftien jaar geleden onderzoek naar geothermie. Dat liep spaak omdat de gemeente zelf geen geld had om proefboringen te laten uitvoeren. Energiemaatschappijen die werden benaderd, hadden geen interesse om te investeren. ,,In het hele land zijn proef- boringen. Als je als gemeente weet dat er kansen liggen, waarom onderzoek je die niet alsnog?'', aldus Verschoor. Dit gebeurt al op meerdere plekken in ons land: dat zou ook in Gorinchem moeten kunnen Peter Verschoor",AD/Rivierenland,Rivierenland (Gelderland),city,Gorinchem,gorinchem,gorinchem,city,"Gorinchem, Zuid-Holland, Nederland",nominatim,geocode,51.8296133,4.9738743,POINT (4.9738743 51.8296133),,Gorinchem,Zuid-Holland,sentences_points,0,,,PV28,GM0512,4.9738743,51.8296133
36181809847a42b29eddc1b6c26caf52,503,111,Het afgekoelde water wordt terug de bodem in gepompt.,water,Negative,Negative,0.8846,[2],Monster,city,Monster,city,Bestanden (500) (6).RTF,/Users/Yannick/dev/geothermal_text_mining/input_data/dutch/Bestanden (500) (6).RTF,AD/Haagsche Courant,21 December 2022,"Na voorbereidende werkzaamheden is de eerste paal voor de fundering van het Aardwarmteproject Polanen in Monster geslagen. De bouw van Aardwarmte Polanen betekent een forse verduurzaming voor de Westlandse glastuinbouw, vergelijkbaar met het gasverbruik van circa 12.000 tot 18.000 huishoudens. De verwachting is dat hiermee ruim veertig glastuinbouwbedrijven in Westland van het aardgas af kunnen. De aandeelhouders gingen onlangs akkoord met het verstrekken van eigen vermogen voor de aardwarmtebron door HVC en de aanleg van het warmtenet door Warmte Netwerk Westland, een samenwerking tussen Capturam en HVC. Subsidies Eerder zijn subsidies beschikbaar gekomen voor de aardwarmtebron via stimulering duurzame energie en voor het warmtenet via Kansen voor West. Aardwarmte Polanen is een samenwerking tussen HVC en Warmtecoöperatie Polanen, dat uit ruim vijftig glastuinbouwbedrijven bestaat. De boortoren die nu in Maasdijk wordt gebruikt, gaat naar verwachting in april naar Monster en wordt daar weer opgebouwd. Dan kan het boren voor Aardwarmte Polanen beginnen. Bij geothermie wordt warm water uit diepere grondlagen opgepompt en via een warmtewisselaar overgedragen aan een warmtenet. Per kilometer wordt water 30 graden warmer. Het afgekoelde water wordt terug de bodem in gepompt. De warmte is hernieuwbaar. Na gebruik wordt deze ondergrondse bron van nature aangevuld. De urgentie van deze projecten is hoog.",AD/Haagsche Courant,Den Haag,city,Monster,monster,monster,city,"Monster, Westland, Zuid-Holland, Nederland",nominatim,geocode,52.0223028,4.1715344,POINT (4.1715344 52.0223028),,Westland,Zuid-Holland,sentences_points,0,,,PV28,GM1783,4.1715344,52.0223028
cb52f344b2104a1fade423618c74fc44,549,112,"Het bedrijf voldoet aan alle voorwaarden die de Warmtewet stelt, concludeert de Autoriteit Consument en Markt (ACM).",bedrijf,Positive,Positive,0.9952,[1],Heerlen,city,Heerlen,city,Bestanden (500) (5).RTF,/Users/Yannick/dev/geothermal_text_mining/input_data/dutch/Bestanden (500) (5).RTF,De Limburger,5 May 2023,"Het Heerlense warmtebedrijf Mijnwater heeft een vergunning gekregen om aardwarmte te leveren. Het bedrijf voldoet aan alle wettelijke voorschriften. Eigenaren Provincie Limburg en Enexis hebben onlangs meer dan honderd miljoen euro gestoken in Mijnwater om het warmtenet in Heerlen en Kerkrade uit te breiden. Voordat die investeringsbeslissing werd genomen, waren er nog enkele grote en kleine onzekerheden. Een van de hobbels die Mijnwater nog moest nemen, was het verkrijgen van een vergunning in het kader van de nieuwe Warmtewet. Dat is nu gelukt. Het bedrijf voldoet aan alle voorwaarden die de Warmtewet stelt, concludeert de Autoriteit Consument en Markt (ACM). Volgens de ACM heeft Mijnwater zijn zaakjes op het gebied van organisatie, financiën en techniek prima voor elkaar om langdurig, betrouwbaar warmte te leveren aan zijn klanten. Jaarlijks moet Mijnwater zijn jaarrekening ter controle sturen aan de ACM. Zo kan de autoriteit controleren of het bedrijf financieel solide blijft. Ook komt er een onafhankelijke klachtencommissie waar klanten van Mijnwater terechtkunnen. Mijnwater BV gebruikt warm water uit de oude mijngangen om woningen en kantoren in de regio Parkstad te verwarmen of te verkoelen. Ook maakt Mijnwater gebruik van restwarmte van bedrijven. Dat warme water wordt via buizen verspreid naar kantoren en woonhuizen in Heerlen, Brunssum en Kerkrade. PDF-bestand van dit document",De Limburger,Limburg,city,Heerlen,heerlen,heerlen,city,"Heerlen, Limburg, Nederland",nominatim,geocode,50.8775239,5.9815066,POINT (5.9815066 50.8775239),,Heerlen,Limburg,sentences_points,0,,,PV31,GM0917,5.9815066,50.8775239
c42519e5791642f5b1969f17f3284622,549,113,Het bedrijf voldoet aan alle wettelijke voorschriften.,bedrijf,Positive,Positive,0.9971,[1],Heerlen,city,Heerlen,city,Bestanden (500) (5).RTF,/Users/Yannick/dev/geothermal_text_mining/input_data/dutch/Bestanden (500) (5).RTF,De Limburger,5 May 2023,"Het Heerlense warmtebedrijf Mijnwater heeft een vergunning gekregen om aardwarmte te leveren. Het bedrijf voldoet aan alle wettelijke voorschriften. Eigenaren Provincie Limburg en Enexis hebben onlangs meer dan honderd miljoen euro gestoken in Mijnwater om het warmtenet in Heerlen en Kerkrade uit te breiden. Voordat die investeringsbeslissing werd genomen, waren er nog enkele grote en kleine onzekerheden. Een van de hobbels die Mijnwater nog moest nemen, was het verkrijgen van een vergunning in het kader van de nieuwe Warmtewet. Dat is nu gelukt. Het bedrijf voldoet aan alle voorwaarden die de Warmtewet stelt, concludeert de Autoriteit Consument en Markt (ACM). Volgens de ACM heeft Mijnwater zijn zaakjes op het gebied van organisatie, financiën en techniek prima voor elkaar om langdurig, betrouwbaar warmte te leveren aan zijn klanten. Jaarlijks moet Mijnwater zijn jaarrekening ter controle sturen aan de ACM. Zo kan de autoriteit controleren of het bedrijf financieel solide blijft. Ook komt er een onafhankelijke klachtencommissie waar klanten van Mijnwater terechtkunnen. Mijnwater BV gebruikt warm water uit de oude mijngangen om woningen en kantoren in de regio Parkstad te verwarmen of te verkoelen. Ook maakt Mijnwater gebruik van restwarmte van bedrijven. Dat warme water wordt via buizen verspreid naar kantoren en woonhuizen in Heerlen, Brunssum en Kerkrade. PDF-bestand van dit document",De Limburger,Limburg,city,Heerlen,heerlen,heerlen,city,"Heerlen, Limburg, Nederland",nominatim,geocode,50.8775239,5.9815066,POINT (5.9815066 50.8775239),,Heerlen,Limburg,sentences_points,0,,,PV31,GM0917,5.9815066,50.8775239
deab4e0e69964b09803ee38eacefd9ea,612,114,"Het boorgat is een open gat tijdens de boring en het gebeurt vaker dat zo'n gang instort"", vertelt de GTD-woordvoerder.",boorgat,Negative,Negative,0.9953,[1],Delft,city,Delft,city,Bestanden (500) (4).RTF,/Users/Yannick/dev/geothermal_text_mining/input_data/dutch/Bestanden (500) (4).RTF,AD/Haagsche Courant,5 March 2024,"Extra risico's door ongeluk bij boring Door het kilometerslange gat is het mogelijk dat waterstromen 'ongewenst doorlekken' naar diepere aardlagen, meldt Staatstoezicht op de Mijnen in een brief aan het aardwarmtebedrijf Geothermie Delft (GTD). Als gevolg van de boringen in de Delftse bodem is daarnaast ook de kans dat aardbevingen ontstaan 'niet verwaarloosbaar klein', schrijft de toezichthouder van het Ministerie van Economische Zaken en Klimaat. Daarom eist ze van het bedrijf dat de aardwarmte uit de grond wil pompen onder meer dat die specifieke beheersmaatregelen neemt. Doet GTD dat onvoldoende, dan krijgt het bedrijf problemen met het verkrijgen van een vergunning van het ministerie. Technische fout Staatstoezicht op de Mijnen noemt in een advies bijvoorbeeld dat het bedrijf een speciale pot voor eventuele schade moet reserveren. Volgens de berekeningen van verschillende adviseurs bestaat een kans op 'cosmetische schade' van gebouwen in het gebied als gevolg van mogelijke 'seismische activiteit'. Door een technische fout bij het boren is het afgelopen najaar al misgegaan in Delft, vertelt de woordvoerder van het aardwarmtebedrijf. Of het te voorkomen viel, wil het bedrijf niet zeggen. Het ongeluk met de boorkop komt nu aan het licht doordat GTD een startvergunning heeft aangevraagd. Alle adviezen die zijn gegeven over het project zijn daarom begin vorige maand officieel openbaar gemaakt, zodat omwonenden en andere belanghebbenden ze kunnen inzien. ,,Boringen in de diepe ondergrond lukken niet altijd. Het boorgat is een open gat tijdens de boring en het gebeurt vaker dat zo'n gang instort"", vertelt de GTD-woordvoerder. Bij de boring in Delft stortte het boorgat in toen er in een aardlaag van kleisteen werd gedrild en een boorkop onwrikbaar kwam vast te zitten. ,,Het is de verwachting dat de gang vanzelf sluit. Door druk in de bodem zal de gang worden gedicht"", weet de woordvoerder. Boorkop slaat gat in bodem In Vierpolders wordt al volop aardwarmte uit de ondergrond gewonnen. Foto Arie Kievit Boorkop slaat gat in bodem",AD/Haagsche Courant,Den Haag,city,Delft,delft,delft,city,"Delft, Zuid-Holland, Nederland",nominatim,geocode,51.9994572,4.3627245,POINT (4.3627245 51.9994572),,Delft,Zuid-Holland,sentences_points,0,,,PV28,GM0503,4.3627245,51.9994572
7c4e25d1b42746cf964e9199223a6f3e,531,115,"Het gaat om energiezuinige appartementen, met onder meer een warmtepomp en zonnepanelen.",appartementen,Positive,Positive,0.9963,[4],Den Haag,city,Den Haag,city,Bestanden (500) (6).RTF,/Users/Yannick/dev/geothermal_text_mining/input_data/dutch/Bestanden (500) (6).RTF,AD/Haagsche Courant,2 March 2023,"De huizen moeten begin 2025 klaar zijn, meldt de Duitse eigenaar ZBI Group. Het gaat om energiezuinige appartementen, met onder meer een warmtepomp en zonnepanelen. Een deel van de stroom wordt opgewekt met geothermie, wat betekent dat er warmte wordt gebruikt uit de ondergrond. De appartementen van het project 'Green Harbour' gaan de vrije sector in. Het gaat dus niet om sociale huurhuizen. Een huurprijsindicatie kan Hans Nieuwenhuis van Ridge Group, dat het project ontwikkelt, nog niet geven. ,,Er komen kleinere appartementen, waarvan de huur wat lager zal zijn. En er komen grotere appartementen, waarvan je zeker moet denken aan een huur van 2000 euro per maand. Maar dat zijn er een paar van de 68."" Parkeerplekken De ontwikkelaar heeft gekozen voor huurwoningen in plaats van koopwoningen, omdat 'de woningmarkt in Den Haag daar nu om vraagt'. Zo kunnen expats hier straks wonen, zegt hij. Er komen ook 64 ondergrondse parkeerplekken. Het project komt op de plek waar de Pniëlkerk stond. Jongeren probeerden tijdens rellen in Duindorp, eind 2019, de kerk in de brand te steken. Uit angst dat het nog eens zou gebeuren tijdens de jaarwisseling, werd besloten de kerk vervroegd te slopen. Wijkbewoners gaven destijds aan bang te zijn voor brandstichting. Het vreugdevuur ging dat jaar niet door, waardoor de buurt vandalisme uit protest verwachtte. Het idee om er appartementen te bouwen bestond al langer, maar het project lag lang stil.",AD/Haagsche Courant,Den Haag,city,Den Haag,den haag,den haag,city,"Den Haag, Zuid-Holland, Nederland",nominatim,geocode,52.0799838,4.3113461,POINT (4.3113461 52.0799838),,'s-Gravenhage,Zuid-Holland,sentences_points,0,,,PV28,GM0518,4.3113461,52.0799838
cad1acc7164e475f9a9f4b17c71ab980,785,116,Het is momenteel de enige school in Vlaanderen die op deze manier verwarmd wordt.,school,Positive,Positive,0.9924,[5],Brugge,city,Brugge,city,Bestanden (500) (6).RTF,/Users/Yannick/dev/geothermal_text_mining/input_data/dutch/Bestanden (500) (6).RTF,De Krant van West-Vlaanderen,,"BRUGGE - Nu de winter in aantocht is en de temperatuur daalt, zitten nogal wat schoolbestuurders en directies met de handen in het haar. Fleecedekens doen hun intrede en de temperatuur gaat in zo goed als alle scholen minstens één graad naar omlaag. Lessen trekken ""De situatie in onze scholen is zeker niet dramatisch, maar we houden het verbruik goed in de gaten"", geeft Miek Kemel, algemeen directeur van scholengroep SKOBO eerlijk toe. ""We hanteren geen algemene regels om het energieverbruik binnen de perken te houden, want in elke school is de situatie anders. In onze nieuwe vestiging van het VTI in de Vaartdijkstraat houden we de temperatuur in alle lokalen op peil met geothermie, een innovatieve verwarmingstechniek waarbij de aardwarmte gebruikt wordt om de lokalen te verwarmen."" Technisch adviseur coördinator Ludo Falin heeft zich verdiept in de materie en was bij de bouw van de nieuwe school heel vaak aanwezig toen het buizensysteem via een verticale grondboring in de bodem gebracht werd. ""Er zitten onder het gebouw 138 buizen tot 150 meter diep. Hiermee wordt water opgepompt dat een temperatuur heeft van om en bij 12 graden. Via een systeem van compressoren wordt het water samengedrukt, waardoor het opwarmt en gebruikt wordt om alle lokalen te verwarmen. Het was niet eenvoudig om bij de bouw van de nieuwe school voldoende budgetten vrij te maken voor het project. Toen wisten we nog niet dat de prijs van gas en elektriciteit zo sterk zou stijgen, maar nu halen we een heel hoog rendement tegen een lage kostprijs. We betalen amper 0,54 euro per maand om één vierkante meter van het gebouw te verwarmen. Dat komt overeen met een gemiddelde van ongeveer 315 euro per dag voor elektriciteit en verwarming, wat zeer weinig is voor een gebouw van deze omvang. Zonder geothermie zou de kostprijs een stuk hoger liggen."" Algemeen directeur Miek Kemel is helemaal gewonnen voor deze innovatieve verwarmingstechniek. ""We hebben lessen getrokken uit onze positieve ervaring met geothermie in deze nieuwe campus van het VTI. Het is momenteel de enige school in Vlaanderen die op deze manier verwarmd wordt. Overal waar het kan, zullen we bij de realisatie van nieuwbouwprojecten voor de scholengroep deze verwarmingstechniek toepassen"", aldus de directeur. (PDC)",De Krant van West-Vlaanderen,,city,Brugge,brugge,brugge,city,"Brugge, Vaanpark I, Carnisselande, Barendrecht, Zuid-Holland, Nederland, 2993 LB, Nederland",nominatim,geocode,51.8464409,4.509113,POINT (4.509113 51.8464409),,Barendrecht,Zuid-Holland,sentences_points,0,,,PV28,GM0489,4.509113,51.8464409
493eca84ebcb48dd8f02feda4ea37954,297,117,"Het kabinet doet te weinig om die risico's te ondervangen en dat is 'zorgwekkend', schrijft de Algemene Rekenkamer in een rapport.",kabinet,Negative,Negative,0.9965,[1],Den Haag,city,Den Haag,city,Bestanden (1001-1500) (1).RTF,/Users/Yannick/dev/geothermal_text_mining/input_data/dutch/Bestanden (1001-1500) (1).RTF,Friesch Dagblad,18 June 2021,"Den Haag Het boren naar aardwarmte, ook wel geothermie genoemd, brengt risico's met zich mee voor de drinkwatervoorziening. Het kabinet doet te weinig om die risico's te ondervangen en dat is 'zorgwekkend', schrijft de Algemene Rekenkamer in een rapport. Aardwarmte speelt een belangrijke rol in de strijd tegen klimaatverandering. Warmtepompen, die warm en zout water oppompen van een diepte tot 2 à 3 kilometer, moeten op termijn gasgestookte warmtebronnen gaan vervangen. Maar daarbij worden ondiepere aardlagen doorboord waar zich belangrijke watervoorraden bevinden. Geothermiebuizen kunnen gaan roesten en daardoor ook gaan lekken. Daardoor kan zout water, dat bovendien vervuild is met chemicaliën, weglekken naar de zoetwaterlagen waaruit drinkwater wordt gewonnen. Ook kan verontreiniging zich sneller verspreiden. Link naar PDF",Friesch Dagblad,Friesland,city,Den Haag,den haag,den haag,city,"Den Haag, Zuid-Holland, Nederland",nominatim,geocode,52.0799838,4.3113461,POINT (4.3113461 52.0799838),,'s-Gravenhage,Zuid-Holland,sentences_points,1,Risks,risico,PV28,GM0518,4.3113461,52.0799838
f372fde0503a4870a5dc8a020b58f8de,612,118,Het ongeluk met de boorkop komt nu aan het licht doordat GTD een startvergunning heeft aangevraagd.,boorkop,Negative,Negative,0.9968,[4],Delft,city,Delft,city,Bestanden (500) (4).RTF,/Users/Yannick/dev/geothermal_text_mining/input_data/dutch/Bestanden (500) (4).RTF,AD/Haagsche Courant,5 March 2024,"Extra risico's door ongeluk bij boring Door het kilometerslange gat is het mogelijk dat waterstromen 'ongewenst doorlekken' naar diepere aardlagen, meldt Staatstoezicht op de Mijnen in een brief aan het aardwarmtebedrijf Geothermie Delft (GTD). Als gevolg van de boringen in de Delftse bodem is daarnaast ook de kans dat aardbevingen ontstaan 'niet verwaarloosbaar klein', schrijft de toezichthouder van het Ministerie van Economische Zaken en Klimaat. Daarom eist ze van het bedrijf dat de aardwarmte uit de grond wil pompen onder meer dat die specifieke beheersmaatregelen neemt. Doet GTD dat onvoldoende, dan krijgt het bedrijf problemen met het verkrijgen van een vergunning van het ministerie. Technische fout Staatstoezicht op de Mijnen noemt in een advies bijvoorbeeld dat het bedrijf een speciale pot voor eventuele schade moet reserveren. Volgens de berekeningen van verschillende adviseurs bestaat een kans op 'cosmetische schade' van gebouwen in het gebied als gevolg van mogelijke 'seismische activiteit'. Door een technische fout bij het boren is het afgelopen najaar al misgegaan in Delft, vertelt de woordvoerder van het aardwarmtebedrijf. Of het te voorkomen viel, wil het bedrijf niet zeggen. Het ongeluk met de boorkop komt nu aan het licht doordat GTD een startvergunning heeft aangevraagd. Alle adviezen die zijn gegeven over het project zijn daarom begin vorige maand officieel openbaar gemaakt, zodat omwonenden en andere belanghebbenden ze kunnen inzien. ,,Boringen in de diepe ondergrond lukken niet altijd. Het boorgat is een open gat tijdens de boring en het gebeurt vaker dat zo'n gang instort"", vertelt de GTD-woordvoerder. Bij de boring in Delft stortte het boorgat in toen er in een aardlaag van kleisteen werd gedrild en een boorkop onwrikbaar kwam vast te zitten. ,,Het is de verwachting dat de gang vanzelf sluit. Door druk in de bodem zal de gang worden gedicht"", weet de woordvoerder. Boorkop slaat gat in bodem In Vierpolders wordt al volop aardwarmte uit de ondergrond gewonnen. Foto Arie Kievit Boorkop slaat gat in bodem",AD/Haagsche Courant,Den Haag,city,Delft,delft,delft,city,"Delft, Zuid-Holland, Nederland",nominatim,geocode,51.9994572,4.3627245,POINT (4.3627245 51.9994572),,Delft,Zuid-Holland,sentences_points,0,,,PV28,GM0503,4.3627245,51.9994572
fdb26722d91040b4b88e440ab8397dbc,354,119,Het provinciebestuur is bang dat de diepe boringen het grondwater in gevaar brengen.,boringen,Negative,Negative,0.9953,[7],Leiden,city,Leiden,city,Bestanden (1500-1862).RTF,/Users/Yannick/dev/geothermal_text_mining/input_data/dutch/Bestanden (1500-1862).RTF,Leidsch Dagblad,12 November 2021,"Leiden De provincie Zuid-Holland maakt bezwaar tegen de vergunningen die het ministerie van Economische Zaken heeft verleend voor het boren naar aardwarmte in de Leidse regio, de Duin- en Bollenstreek en het westelijk deel van de Rijn- en Veenstreek. Het provinciebestuur is bang dat de diepe boringen het grondwater in gevaar brengen. Dat schrijven gedeputeerden Meindert Stolk en Jeanette Baljeu in een brief aan Provinciale Staten. Het ministerie heeft eind augustus vier vergunningen verleend voor deels overlappende gebieden in de regio. Twee concessies vallen voor een deel samen met een gebied dat een beschermde status heeft in verband met de winning van drinkwater uit grondwater. Voor de twee andere gebieden loopt er een aanvraag voor de aanwijzing als grondwaterbeschermingsgebied. Dat geldt onder andere voor het gebied tussen Valkenburg en Wassenaar, waar drinkwaterbedrijf Dunea onderzoek doet naar het gebruik van oppervlaktewater voor de productie van drinkwater. De grootste concessie is in handen van een samenwerkingsverband van Shell en D4. Dat laatste bedrijf is actief in alle vormen van groene energie en was ook betrokken bij de Warmterotonde. Het zoekgebied van het consortium beslaat grofweg de driehoek tussen Katwijk, De Zilk en het Braassemermeer, inclusief een strook voor de kust. Op zijn website spreekt het consortium de hoop uit dat het al over twee tot drie jaar mogelijk moet zijn om in dat gebied naar aardwarmte te boren. Verder valt er te lezen dat de winning van aardwarmte 'mits veilig en verantwoord' gedaan kan worden 'zonder impact op drinkwatervoorzieningen'. Bovendien, zo wordt gemeld, 'is het in Nederland niet toegestaan om in drinkwaterwingebieden naar aardwarmte te boren'. In hun brief aan Provinciale Staten schrijven de twee gedeputeerden dat het iets genuanceerder ligt. De Mijnbouwwet biedt het ministerie de mogelijkheid om het boren naar aardwarmte in drinkwatergebieden te verbieden, maar Economische Zaken heeft ervoor gekozen om geen gebruik te maken van die mogelijkheid. Wanneer het ministerie de bezwaren van de provincie naast zich neerlegt, biedt de Mijnbouwwet geen mogelijkheden voor hoger beroep. Dat betekent dus dat de provincie in dat geval geen mogelijkheid heeft om de zaak aan de rechter voor te leggen. Aardwarmte Op een diepte van 500 meter tot vier kilometer zit warm water in de aardbodem die kan worden gebruikt voor verwarming. Op dit moment wordt de methode nog vooral toegepast in kassen, maar er zijn plannen om de winning en het gebruik fors uit te breiden. Aardwarmte wordt algemeen gezien als een belangrijke toekomstige warmtebron. PDF-bestand van dit document",Leidsch Dagblad,Leiden,city,Leiden,leiden,leiden,city,"Leiden, Zuid-Holland, Nederland",nominatim,geocode,52.1594747,4.4908843,POINT (4.4908843 52.1594747),,Leiden,Zuid-Holland,sentences_points,0,,,PV28,GM0546,4.4908843,52.1594747
8d3355fb1ce24a6c95a8a7e47ba5af0e,668,120,"Het voordeel van aardwarmte is dat dit de klok rond beschikbaar is, in tegenstelling tot zonne- en windenergie'', zegt Verschoor.",aardwarmte,Positive,Positive,0.9962,[3],Gorinchem,city,Gorinchem,city,1-500.RTF,/Users/Yannick/dev/geothermal_text_mining/input_data/dutch/1-500.RTF,AD/Rivierenland,12 December 2024,"Mooi en Duurzaam Gorinchem komt met alternatief Hij heeft dat alternatief niet alleen bedacht, maar deed een beroep op deskundigen van Pondera, een bureau dat onderzoek doet en advies biedt op het gebied van schone energie. Daarnaast mobiliseerde hij nog enkele regiobewoners: ingenieurs en innovatiemanagers die verstand van zaken hebben als het om de energietransitie gaat. Hun eerste bevindingen zijn inmiddels naar Gorcumse gemeenteraadsleden gestuurd. Stichting Mooi en Duurzaam Gorinchem is ontstaan doordat tegenstanders van windturbines op Avelingen, onder wie ondernemers en inwoners, zich verenigden. Onder invloed van die weerstand besloot Gorinchem om het gebied nabij de Merwedebrug te schrappen als zoeklocatie voor windenergie. De provincie Zuid-Holland houdt die optie open wanneer Gorinchem en Molenlanden hun belofte voor groene energie niet kunnen inlossen. De stichting blijft tegenargumenten geven om deze niet te plaatsen, onder meer als het gaat om de gezondheid van omwonenden. En nu komt Mooi en Duurzaam Gorinchem met een alternatieve energiebron. Huizen ,,Het is gemakkelijk om te zeggen: Niet doen! Maar wij willen wel een alternatief bieden én dat ligt naar onze mening in aardwarmte'', zegt voorman Peter Verschoor. Met aardwarmte - warm water dat uit de bodem wordt opgepompt - kunnen huizen via een gesloten systeem worden verwarmd. Het afgekoelde water gaat terug de diepte van de aarde in waar het opnieuw wordt opgewarmd. ,,Dit gebeurt al op meerdere plekken in ons land: dat zou ook in Gorinchem moeten kunnen.'' Voor die verkenning kwamen medio september deskundigen, ondernemers en een Statenlid bijeen bij Damen Shipyards, dat zelf ook zoekt naar duurzame energiebronnen. ,,Dit was in eerste instantie bedoeld als kennisuitwisseling rond technologische innovaties, ontwikkelingen en pilots op het gebied van duurzame energie. We willen allemaal op de een of andere manier willen investeren in een duurzame toekomst.'' Al tijdens die bijeenkomst lieten deskundigen van Pondera doorschemeren dat de regio Alblasserwaard-Vijfheerenlanden potentie heeft voor aardwarmtewinning. ,,Er liggen pockets met water onder onze voeten die qua temperatuur, diepte en volume geschikt zijn voor geothermie. De voorlopige voorzichtige conclusie is dat dit een aantrekkelijke optie is die nader onderzoek vraagt. Het voordeel van aardwarmte is dat dit de klok rond beschikbaar is, in tegenstelling tot zonne- en windenergie'', zegt Verschoor. Stichting Mooi en Duurzaam Gorinchem en haar deskundigen staan niet alleen in hun conclusie dat aardwarmte een alternatief kan zijn voor fossiele brandstoffen. Energie Beheer Nederland, dat namens de staat betrokken is bij energiewinning, concludeerde najaar 2020 al na eigen onderzoek dat ruim een kwart van de Nederlandse woningen in de toekomst verwarmd zou kunnen worden met warmte uit de aardbodem. Zelfs Gorinchem deed zo'n vijftien jaar geleden onderzoek naar geothermie. Dat liep spaak omdat de gemeente zelf geen geld had om proefboringen te laten uitvoeren. Energiemaatschappijen die werden benaderd, hadden geen interesse om te investeren. ,,In het hele land zijn proef- boringen. Als je als gemeente weet dat er kansen liggen, waarom onderzoek je die niet alsnog?'', aldus Verschoor. Dit gebeurt al op meerdere plekken in ons land: dat zou ook in Gorinchem moeten kunnen Peter Verschoor",AD/Rivierenland,Rivierenland (Gelderland),city,Gorinchem,gorinchem,gorinchem,city,"Gorinchem, Zuid-Holland, Nederland",nominatim,geocode,51.8296133,4.9738743,POINT (4.9738743 51.8296133),,Gorinchem,Zuid-Holland,sentences_points,0,,,PV28,GM0512,4.9738743,51.8296133
a5d3841fb4434be5bb6ef0fffcb80f0b,25,121,Het waren de koudste winters van de eeuw.,winters,Negative,Negative,0.9593,[4],Gouda,city,Gouda,city,Bestanden (1-500) (1).RTF,/Users/Yannick/dev/geothermal_text_mining/input_data/dutch/Bestanden (1-500) (1).RTF,AD/Groene Hart,15 February 2020,"Column Ja hoor, daar gaat mijn gasfornuis! Gouda wil in 2040 aardgasvrij zijn. Dat is goed te doen. Bedenk hoe de wereld er twee decennia geleden uitzag. De aanslagen op New York hadden nog niet plaatsgevonden, ouderen gingen met de VUT en klimaatverandering stond nergens op de politieke agenda. In twintig jaar kun je bergen verzetten. De energietransitie in de jaren 60 ging sneller. Met uitzondering van dunbevolkte gebieden werd binnen tien jaar heel Nederland aangesloten op het aardgasnet. Van aardschokken wisten we niets, iedereen was verrukt over de gasbel van Slochteren. Ik ook. Als oudste kind in het gezin zorgde ik voor het vullen van de kolenkitten. In ons flatgebouw in Gouda-noord stortte de kolenboer ieder najaar een paar mud antraciet in de berging. In het stoffig halfduister schepte ik dagelijks twee kitten vol en sjouwde ze de trappen op naar tweehoog. Dat vieze karwei was op slag voorbij. Er zal best door een enkeling nostalgisch zijn gemijmerd over de teloorgang van vlammende steenkooltjes, maar bij ons thuis werden de gevelkachels in de slaapkamers met gejuich begroet. Het waren de koudste winters van de eeuw. Van het aardgas àf is ingewikkelder. Niet iedereen beschouwt de overgang naar energie uit zon, wind en water als vooruitgang. De verhitte debatten tussen 'klimaatgekkies' en klimaatontkenners (wie zijn eigenlijk de gekkies?) hebben vooral met geld te maken. Destijds was de transitie voor iedereen gratis en hetzelfde. Nu zijn er verschillende opties met behoorlijke prijskaartjes. Des te beter dat de plaatselijke overheid het voortouw neemt naar aardgasvrij en CO2-neutraal. Nieuwe energie is te belangrijk om over te laten aan incidentele burgerinitiatieven of de markt. In de schouwburg is maandag een inspiratieavond met als motto 'Beleef de actie'. Voor onze buurt wordt gedacht aan geothermie als energiebron. Ik zou kunnen treuren over mijn straks overbodige gasfornuis. Maar de opluchting dat er kansrijke alternatieven zijn om de toekomst veilig te stellen, is groter. Iedereen was verrukt over de gasbel van Slochteren. Ik ook",AD/Groene Hart,Zuid-Holland,city,Gouda,gouda,gouda,city,"Gouda, Zuid-Holland, Nederland",nominatim,geocode,52.0114922,4.7106094,POINT (4.7106094 52.0114922),,Gouda,Zuid-Holland,sentences_points,0,,,PV28,GM0513,4.7106094,52.0114922
6772685b8bcf4e178f34de4059b4d81f,785,122,Het was niet eenvoudig om bij de bouw van de nieuwe school voldoende budgetten vrij te maken voor het project.,budgetten,Negative,Negative,0.7102,[13],Brugge,city,Brugge,city,Bestanden (500) (6).RTF,/Users/Yannick/dev/geothermal_text_mining/input_data/dutch/Bestanden (500) (6).RTF,De Krant van West-Vlaanderen,,"BRUGGE - Nu de winter in aantocht is en de temperatuur daalt, zitten nogal wat schoolbestuurders en directies met de handen in het haar. Fleecedekens doen hun intrede en de temperatuur gaat in zo goed als alle scholen minstens één graad naar omlaag. Lessen trekken ""De situatie in onze scholen is zeker niet dramatisch, maar we houden het verbruik goed in de gaten"", geeft Miek Kemel, algemeen directeur van scholengroep SKOBO eerlijk toe. ""We hanteren geen algemene regels om het energieverbruik binnen de perken te houden, want in elke school is de situatie anders. In onze nieuwe vestiging van het VTI in de Vaartdijkstraat houden we de temperatuur in alle lokalen op peil met geothermie, een innovatieve verwarmingstechniek waarbij de aardwarmte gebruikt wordt om de lokalen te verwarmen."" Technisch adviseur coördinator Ludo Falin heeft zich verdiept in de materie en was bij de bouw van de nieuwe school heel vaak aanwezig toen het buizensysteem via een verticale grondboring in de bodem gebracht werd. ""Er zitten onder het gebouw 138 buizen tot 150 meter diep. Hiermee wordt water opgepompt dat een temperatuur heeft van om en bij 12 graden. Via een systeem van compressoren wordt het water samengedrukt, waardoor het opwarmt en gebruikt wordt om alle lokalen te verwarmen. Het was niet eenvoudig om bij de bouw van de nieuwe school voldoende budgetten vrij te maken voor het project. Toen wisten we nog niet dat de prijs van gas en elektriciteit zo sterk zou stijgen, maar nu halen we een heel hoog rendement tegen een lage kostprijs. We betalen amper 0,54 euro per maand om één vierkante meter van het gebouw te verwarmen. Dat komt overeen met een gemiddelde van ongeveer 315 euro per dag voor elektriciteit en verwarming, wat zeer weinig is voor een gebouw van deze omvang. Zonder geothermie zou de kostprijs een stuk hoger liggen."" Algemeen directeur Miek Kemel is helemaal gewonnen voor deze innovatieve verwarmingstechniek. ""We hebben lessen getrokken uit onze positieve ervaring met geothermie in deze nieuwe campus van het VTI. Het is momenteel de enige school in Vlaanderen die op deze manier verwarmd wordt. Overal waar het kan, zullen we bij de realisatie van nieuwbouwprojecten voor de scholengroep deze verwarmingstechniek toepassen"", aldus de directeur. (PDC)",De Krant van West-Vlaanderen,,city,Brugge,brugge,brugge,city,"Brugge, Vaanpark I, Carnisselande, Barendrecht, Zuid-Holland, Nederland, 2993 LB, Nederland",nominatim,geocode,51.8464409,4.509113,POINT (4.509113 51.8464409),,Barendrecht,Zuid-Holland,sentences_points,0,,,PV28,GM0489,4.509113,51.8464409
12fe2fc33e7646eba3b6626783c25be8,785,123,Hiermee wordt water opgepompt dat een temperatuur heeft van om en bij 12 graden.,water,Negative,Negative,0.949,[2],Brugge,city,Brugge,city,Bestanden (500) (6).RTF,/Users/Yannick/dev/geothermal_text_mining/input_data/dutch/Bestanden (500) (6).RTF,De Krant van West-Vlaanderen,,"BRUGGE - Nu de winter in aantocht is en de temperatuur daalt, zitten nogal wat schoolbestuurders en directies met de handen in het haar. Fleecedekens doen hun intrede en de temperatuur gaat in zo goed als alle scholen minstens één graad naar omlaag. Lessen trekken ""De situatie in onze scholen is zeker niet dramatisch, maar we houden het verbruik goed in de gaten"", geeft Miek Kemel, algemeen directeur van scholengroep SKOBO eerlijk toe. ""We hanteren geen algemene regels om het energieverbruik binnen de perken te houden, want in elke school is de situatie anders. In onze nieuwe vestiging van het VTI in de Vaartdijkstraat houden we de temperatuur in alle lokalen op peil met geothermie, een innovatieve verwarmingstechniek waarbij de aardwarmte gebruikt wordt om de lokalen te verwarmen."" Technisch adviseur coördinator Ludo Falin heeft zich verdiept in de materie en was bij de bouw van de nieuwe school heel vaak aanwezig toen het buizensysteem via een verticale grondboring in de bodem gebracht werd. ""Er zitten onder het gebouw 138 buizen tot 150 meter diep. Hiermee wordt water opgepompt dat een temperatuur heeft van om en bij 12 graden. Via een systeem van compressoren wordt het water samengedrukt, waardoor het opwarmt en gebruikt wordt om alle lokalen te verwarmen. Het was niet eenvoudig om bij de bouw van de nieuwe school voldoende budgetten vrij te maken voor het project. Toen wisten we nog niet dat de prijs van gas en elektriciteit zo sterk zou stijgen, maar nu halen we een heel hoog rendement tegen een lage kostprijs. We betalen amper 0,54 euro per maand om één vierkante meter van het gebouw te verwarmen. Dat komt overeen met een gemiddelde van ongeveer 315 euro per dag voor elektriciteit en verwarming, wat zeer weinig is voor een gebouw van deze omvang. Zonder geothermie zou de kostprijs een stuk hoger liggen."" Algemeen directeur Miek Kemel is helemaal gewonnen voor deze innovatieve verwarmingstechniek. ""We hebben lessen getrokken uit onze positieve ervaring met geothermie in deze nieuwe campus van het VTI. Het is momenteel de enige school in Vlaanderen die op deze manier verwarmd wordt. Overal waar het kan, zullen we bij de realisatie van nieuwbouwprojecten voor de scholengroep deze verwarmingstechniek toepassen"", aldus de directeur. (PDC)",De Krant van West-Vlaanderen,,city,Brugge,brugge,brugge,city,"Brugge, Vaanpark I, Carnisselande, Barendrecht, Zuid-Holland, Nederland, 2993 LB, Nederland",nominatim,geocode,51.8464409,4.509113,POINT (4.509113 51.8464409),,Barendrecht,Zuid-Holland,sentences_points,0,,,PV28,GM0489,4.509113,51.8464409
a1d75e5bf8e24d03aac99a6ae8d6ea05,269,124,Hij verwacht binnen twee maanden duidelijkheid.,duidelijkheid,Positive,Positive,0.7994,[5],Maastricht,city,Maastricht,city,Bestanden (1001-1500) (1).RTF,/Users/Yannick/dev/geothermal_text_mining/input_data/dutch/Bestanden (1001-1500) (1).RTF,De Limburger,1 May 2021,"Dat zegt curator Jos Bloo. De naam wil hij nog niet noemen, omdat nog geen akkoord is bereikt. Hij verwacht binnen twee maanden duidelijkheid. Directeur Lodewijk Burghout van het bedrijf dat het kassengebied ontwikkelt, en die samen met drie tuinders aandeelhouder van CLG was, is verrast. ,,Ik heb geen informatie dat de minister van Economische Zaken ineens anders over de winning van aardwarmte in dit gebied denkt."" CLG startte in 2017 met de winning van water uit diepe aardlagen voor het verwarmen van kassen. In 2018 werd de winning stilgelegd na lichte aardbevingen, waarna geen druppel meer werd opgepompt. Volgens SodM, de toezichthouder op aardwarmteprojecten namens het ministerie van EZ, slaagde CLG er daarna niet in om aan te tonen dat de productie veilig kon worden hervat. Het was echter aan de minister om daarover een besluit te nemen. Na twee jaar was dat besluit er nog niet, terwijl CLG elke dag 8.000 euro kwijt was om de installatie te onderhouden. Eind vorig jaar waren de verliezen zo hoog opgelopen dat CLG het faillissement aanvroeg. Curator Bloo geeft te kennen dat hij overleg voert met de provincie over de overname van het aardwarmteproject. Een woordvoerster van de provincie bevestigt dat. Zij benadrukt dat Maastricht ,,het belang van geothermie groot acht en zich, binnen haar mogelijkheden, inspant om dit mogelijk te maken"". Zo liet de provincie zelf onderzoek doen naar de risico's van aardwarmte om de besluitvorming van het ministerie positief te beïnvloeden. Het onderzoek is afgerond, maar nog niet openbaar, aldus de woordvoerster. De curator wijst erop dat de naburige, Duitse gemeente Straelen van plan is een project op te zetten om aardwarmte te winnen uit dezelfde aardlagen als vanwaaruit CLG dat deed. Bloo: ,,Dat geeft toch te denken."" Volgens SodM komt het ministerie nog met een besluit over de winning van aardwarmte in Californië, ook al is CLG al lang failliet. PDF-bestand van dit document",De Limburger,Limburg,city,Maastricht,maastricht,maastricht,city,"Maastricht, Limburg, Nederland",nominatim,geocode,50.8579855,5.6969882,POINT (5.6969882 50.8579855),,Maastricht,Limburg,sentences_points,0,,,PV31,GM0935,5.6969882,50.8579855
79f7910e383b4c978ec202df456eae76,201,125,Hij wil weten of dit risico is onderzocht.,risico,Negative,Negative,0.9687,[5],Den Haag,city,Den Haag,city,Bestanden (501-1000) (1).RTF,/Users/Yannick/dev/geothermal_text_mining/input_data/dutch/Bestanden (501-1000) (1).RTF,AD/Haagsche Courant,24 December 2020,"De ingebruikname van de geothermiecentrale aan de Leyweg volgende maand baart de grootste partij in Den Haag grote zorgen. Hart voor Den Haag is bang dat bewoners dadelijk in de kou komen te zitten. Ook is de partij bang voor gevaren van het winnen van aardwarmte in de stad. Raadslid René Oudshoorn wijst erop dat Den Haag al geen beste reputatie heeft op het gebied van innovatieve warmtewinning. Zo zitten bewoners die aangesloten zijn op de zeewaterwarmtecentrale in Scheveningen en de WKO-installaties in Transvaal en Spoorwijk regelmatig in de kou. De centrale gaat begin volgend jaar warmte leveren aan twaalfhonderd tot vijftienhonderd huishoudens. Later komen er nog veel meer bij. Op de centrale wordt heet water uit de diepe aardlagen naar boven gepompt, om vervolgens weer terug te worden gepompt in dezelfde aardlaag. Maar Oudshoorn stelt dat deze centrale veel debacles kent, waaronder een faillissement. De 2,5 kilometer diepe putten zijn ook nooit eerder in bedrijf geweest. Volgens Oudshoorn hebben dit soort buizen een korte levensduur. Dit zou ook blijken uit andere aardwarmteprojecten. Als er dan gaten ontstaan, zal er chemische vloeistof in het grondwater stromen met alle gevolgen van dien, aldus het raadslid. Ook wijst hij erop dat water dat van grote diepte wordt opgehaald vaak in meer of mindere mate radioactief is. Hij wil weten of dit risico is onderzocht. Hart voor Den Haag maakt zich ook zorgen over de veiligheid in de stad. ,,Zelfs de vergunningverlener (Staatstoezicht op de Mijnen, red.) waarschuwde onlangs dat geothermie niet zonder risico's is.'' Er is een kleine kans op bevingen. ,,Het is onbegrijpelijk, zeker gezien alle mislukte projecten die we hier al hebben gehad, dat er niet eerst op kleine schaal wordt getest maar dat meteen grote aantallen huishoudens als proefkonijnen op een dergelijke experimentele centrale worden aangesloten.'' De geothermiecentrale aan de Leyweg.",AD/Haagsche Courant,Den Haag,city,Den Haag,den haag,den haag,city,"Den Haag, Zuid-Holland, Nederland",nominatim,geocode,52.0799838,4.3113461,POINT (4.3113461 52.0799838),,'s-Gravenhage,Zuid-Holland,sentences_points,1,Risks,risico,PV28,GM0518,4.3113461,52.0799838
a668114e4cd744c694050f79dcb1f2dd,504,126,"Hoe snel die uitfasering precies zal gaan, is nog onduidelijk.",uitfasering,Negative,Negative,0.7021,[3],Naaldwijk,city,Naaldwijk,city,Bestanden (500) (6).RTF,/Users/Yannick/dev/geothermal_text_mining/input_data/dutch/Bestanden (500) (6).RTF,Nieuwe Oogst,24 December 2022,"Kimberly Bakker De glastuinbouw gaat de komende jaren zwaarder leunen op het elektriciteitsnetwerk. Dat heeft te maken met de uitfasering van de warmtekrachtkoppeling (WKK). 'Als sector willen we in 2040 klimaatneutraal produceren. In zo'n scenario ga je ervan uit dat er geen aardgas meer wordt gebruikt. Dat betekent ook dat de WKK tegen die tijd minder interessant is', zeiJeroen Larrivee van BlueTerra tijdens de jaarlijkse Meet & Greet Energie van Greenport West-Holland op 15 december in het Zuid-Hollandse Naaldwijk. Hoe snel die uitfasering precies zal gaan, is nog onduidelijk. Dat hangt volgens Larrivee af van de ontwikkelingen op de elektriciteitsmarkt. 'Wat ik wel met zekerheid durf te zeggen, is dat WKK's in 2030 nog niet van de aardbodem zijn verdwenen. Dat te kort dag. Al verwacht ik wel dat ze dan een stuk minder veel draaien.' Aardwarmte is een van de veelgenoemde vervangers voor de WKK. Als de geothermieprojecten goed van de grond komen, dan is er volgens Larrivee veel potentie. 'Dan kan misschien wel 80 procent van de belichte teelt worden aangesloten op aardwarmtenetwerken.' Dat betekent overigens niet dat bedrijven al hun warmte uit geothermie gaan halen. Larrivee verwacht dat tuinbouwbedrijven in de toekomst een grotere energiemix toepassen. 'Denk aan een combinatie van aardwarmte, e-boilers en een warmtepomp.' Waterstof ziet hij niet als veelgekozen vervanger voor de WKK. 'Het is en blijft te duur.' Een uitdaging is dat tuinbouwbedrijven in 2040 waarschijnlijk in mindere mate hun eigen energie opwekken, zoals dat nu met de WKK juist veelvuldig gebeurt. Dat betekent dat er een verschuiving gaat plaatsvinden van eigen productie en verkoop van energie naar inkoop van energie. Daar ligt een puzzel voor netbeheerders. 'Er moet voldoende ruimte zijn op het elektriciteitsnet', zegt Larrivee. Tennet investeert volop Robert Kuik van netbeheerder Tennet wordt niet zenuwachtig van het verhaal van Larrivee. 'Er zijn nu vierhonderd projecten in Nederland', zegt hij. 'De komende tien jaar investeren we zo'n 13 miljard euro in het hoogspanningsnet, dus ik denk dat we goed zijn voorbereid op elektrificatie.' In Zuid-Holland wordt de komende jaren 100 miljoen euro geïnvesteerd. 'Dat is relatief weinig in verhouding tot die 13 miljard euro. Dat komt omdat we in 2009 al forse investeringen hebben gedaan in het versterken van het elektriciteitsnetwerk in deze regio. Precies daarom maak ik mij geen zorgen over de energietransitie in de tuinbouwregio's', licht Kuik toe. Maar om niet voor verrassingen te komen staan, is het volgens Kuik belangrijk dat tuinders en netbeheerders blijven samenwerken. 'We moeten elkaar opzoeken, in gesprek gaan en plannen ontvouwen. Dat is cruciaal om ervoor te zorgen dat het elektriciteitsnetwerk ook in de toekomst goed functioneert. De energietransitie is niet voor niets een gezamenlijk opgave.' Als geothermie goed van de grond komt, verwacht Jeroen Larrivee dat 80 procent van de belichte teelt hier in de toekomst op aangesloten is. Foto: Greenport West-Holland",Nieuwe Oogst,Nederland,city,Naaldwijk,naaldwijk,naaldwijk,city,"Naaldwijk, Westland, Zuid-Holland, Nederland",nominatim,geocode,51.9930016,4.2074197,POINT (4.2074197 51.9930016),,Westland,Zuid-Holland,sentences_points,0,,,PV28,GM1783,4.2074197,51.9930016
72c852475b5f4a06aabe9cc2f2fa11e1,668,127,"Huizen ,,Het is gemakkelijk om te zeggen: Niet doen!",Huizen,Negative,Negative,0.9956,[0],Gorinchem,city,Gorinchem,city,1-500.RTF,/Users/Yannick/dev/geothermal_text_mining/input_data/dutch/1-500.RTF,AD/Rivierenland,12 December 2024,"Mooi en Duurzaam Gorinchem komt met alternatief Hij heeft dat alternatief niet alleen bedacht, maar deed een beroep op deskundigen van Pondera, een bureau dat onderzoek doet en advies biedt op het gebied van schone energie. Daarnaast mobiliseerde hij nog enkele regiobewoners: ingenieurs en innovatiemanagers die verstand van zaken hebben als het om de energietransitie gaat. Hun eerste bevindingen zijn inmiddels naar Gorcumse gemeenteraadsleden gestuurd. Stichting Mooi en Duurzaam Gorinchem is ontstaan doordat tegenstanders van windturbines op Avelingen, onder wie ondernemers en inwoners, zich verenigden. Onder invloed van die weerstand besloot Gorinchem om het gebied nabij de Merwedebrug te schrappen als zoeklocatie voor windenergie. De provincie Zuid-Holland houdt die optie open wanneer Gorinchem en Molenlanden hun belofte voor groene energie niet kunnen inlossen. De stichting blijft tegenargumenten geven om deze niet te plaatsen, onder meer als het gaat om de gezondheid van omwonenden. En nu komt Mooi en Duurzaam Gorinchem met een alternatieve energiebron. Huizen ,,Het is gemakkelijk om te zeggen: Niet doen! Maar wij willen wel een alternatief bieden én dat ligt naar onze mening in aardwarmte'', zegt voorman Peter Verschoor. Met aardwarmte - warm water dat uit de bodem wordt opgepompt - kunnen huizen via een gesloten systeem worden verwarmd. Het afgekoelde water gaat terug de diepte van de aarde in waar het opnieuw wordt opgewarmd. ,,Dit gebeurt al op meerdere plekken in ons land: dat zou ook in Gorinchem moeten kunnen.'' Voor die verkenning kwamen medio september deskundigen, ondernemers en een Statenlid bijeen bij Damen Shipyards, dat zelf ook zoekt naar duurzame energiebronnen. ,,Dit was in eerste instantie bedoeld als kennisuitwisseling rond technologische innovaties, ontwikkelingen en pilots op het gebied van duurzame energie. We willen allemaal op de een of andere manier willen investeren in een duurzame toekomst.'' Al tijdens die bijeenkomst lieten deskundigen van Pondera doorschemeren dat de regio Alblasserwaard-Vijfheerenlanden potentie heeft voor aardwarmtewinning. ,,Er liggen pockets met water onder onze voeten die qua temperatuur, diepte en volume geschikt zijn voor geothermie. De voorlopige voorzichtige conclusie is dat dit een aantrekkelijke optie is die nader onderzoek vraagt. Het voordeel van aardwarmte is dat dit de klok rond beschikbaar is, in tegenstelling tot zonne- en windenergie'', zegt Verschoor. Stichting Mooi en Duurzaam Gorinchem en haar deskundigen staan niet alleen in hun conclusie dat aardwarmte een alternatief kan zijn voor fossiele brandstoffen. Energie Beheer Nederland, dat namens de staat betrokken is bij energiewinning, concludeerde najaar 2020 al na eigen onderzoek dat ruim een kwart van de Nederlandse woningen in de toekomst verwarmd zou kunnen worden met warmte uit de aardbodem. Zelfs Gorinchem deed zo'n vijftien jaar geleden onderzoek naar geothermie. Dat liep spaak omdat de gemeente zelf geen geld had om proefboringen te laten uitvoeren. Energiemaatschappijen die werden benaderd, hadden geen interesse om te investeren. ,,In het hele land zijn proef- boringen. Als je als gemeente weet dat er kansen liggen, waarom onderzoek je die niet alsnog?'', aldus Verschoor. Dit gebeurt al op meerdere plekken in ons land: dat zou ook in Gorinchem moeten kunnen Peter Verschoor",AD/Rivierenland,Rivierenland (Gelderland),city,Gorinchem,gorinchem,gorinchem,city,"Gorinchem, Zuid-Holland, Nederland",nominatim,geocode,51.8296133,4.9738743,POINT (4.9738743 51.8296133),,Gorinchem,Zuid-Holland,sentences_points,0,,,PV28,GM0512,4.9738743,51.8296133
d2cad82a0b9a44008bf82bdec23f9511,25,128,Iedereen was verrukt over de gasbel van Slochteren.,gasbel,Positive,Positive,0.9987,[5],Gouda,city,Gouda,city,Bestanden (1-500) (1).RTF,/Users/Yannick/dev/geothermal_text_mining/input_data/dutch/Bestanden (1-500) (1).RTF,AD/Groene Hart,15 February 2020,"Column Ja hoor, daar gaat mijn gasfornuis! Gouda wil in 2040 aardgasvrij zijn. Dat is goed te doen. Bedenk hoe de wereld er twee decennia geleden uitzag. De aanslagen op New York hadden nog niet plaatsgevonden, ouderen gingen met de VUT en klimaatverandering stond nergens op de politieke agenda. In twintig jaar kun je bergen verzetten. De energietransitie in de jaren 60 ging sneller. Met uitzondering van dunbevolkte gebieden werd binnen tien jaar heel Nederland aangesloten op het aardgasnet. Van aardschokken wisten we niets, iedereen was verrukt over de gasbel van Slochteren. Ik ook. Als oudste kind in het gezin zorgde ik voor het vullen van de kolenkitten. In ons flatgebouw in Gouda-noord stortte de kolenboer ieder najaar een paar mud antraciet in de berging. In het stoffig halfduister schepte ik dagelijks twee kitten vol en sjouwde ze de trappen op naar tweehoog. Dat vieze karwei was op slag voorbij. Er zal best door een enkeling nostalgisch zijn gemijmerd over de teloorgang van vlammende steenkooltjes, maar bij ons thuis werden de gevelkachels in de slaapkamers met gejuich begroet. Het waren de koudste winters van de eeuw. Van het aardgas àf is ingewikkelder. Niet iedereen beschouwt de overgang naar energie uit zon, wind en water als vooruitgang. De verhitte debatten tussen 'klimaatgekkies' en klimaatontkenners (wie zijn eigenlijk de gekkies?) hebben vooral met geld te maken. Destijds was de transitie voor iedereen gratis en hetzelfde. Nu zijn er verschillende opties met behoorlijke prijskaartjes. Des te beter dat de plaatselijke overheid het voortouw neemt naar aardgasvrij en CO2-neutraal. Nieuwe energie is te belangrijk om over te laten aan incidentele burgerinitiatieven of de markt. In de schouwburg is maandag een inspiratieavond met als motto 'Beleef de actie'. Voor onze buurt wordt gedacht aan geothermie als energiebron. Ik zou kunnen treuren over mijn straks overbodige gasfornuis. Maar de opluchting dat er kansrijke alternatieven zijn om de toekomst veilig te stellen, is groter. Iedereen was verrukt over de gasbel van Slochteren. Ik ook",AD/Groene Hart,Zuid-Holland,city,Gouda,gouda,gouda,city,"Gouda, Zuid-Holland, Nederland",nominatim,geocode,52.0114922,4.7106094,POINT (4.7106094 52.0114922),,Gouda,Zuid-Holland,sentences_points,0,,,PV28,GM0513,4.7106094,52.0114922
ac5f8fa0ff27450d97c4bb8ff40b1767,25,129,Ik zou kunnen treuren over mijn straks overbodige gasfornuis.,gasfornuis,Negative,Negative,0.9962,[8],Gouda,city,Gouda,city,Bestanden (1-500) (1).RTF,/Users/Yannick/dev/geothermal_text_mining/input_data/dutch/Bestanden (1-500) (1).RTF,AD/Groene Hart,15 February 2020,"Column Ja hoor, daar gaat mijn gasfornuis! Gouda wil in 2040 aardgasvrij zijn. Dat is goed te doen. Bedenk hoe de wereld er twee decennia geleden uitzag. De aanslagen op New York hadden nog niet plaatsgevonden, ouderen gingen met de VUT en klimaatverandering stond nergens op de politieke agenda. In twintig jaar kun je bergen verzetten. De energietransitie in de jaren 60 ging sneller. Met uitzondering van dunbevolkte gebieden werd binnen tien jaar heel Nederland aangesloten op het aardgasnet. Van aardschokken wisten we niets, iedereen was verrukt over de gasbel van Slochteren. Ik ook. Als oudste kind in het gezin zorgde ik voor het vullen van de kolenkitten. In ons flatgebouw in Gouda-noord stortte de kolenboer ieder najaar een paar mud antraciet in de berging. In het stoffig halfduister schepte ik dagelijks twee kitten vol en sjouwde ze de trappen op naar tweehoog. Dat vieze karwei was op slag voorbij. Er zal best door een enkeling nostalgisch zijn gemijmerd over de teloorgang van vlammende steenkooltjes, maar bij ons thuis werden de gevelkachels in de slaapkamers met gejuich begroet. Het waren de koudste winters van de eeuw. Van het aardgas àf is ingewikkelder. Niet iedereen beschouwt de overgang naar energie uit zon, wind en water als vooruitgang. De verhitte debatten tussen 'klimaatgekkies' en klimaatontkenners (wie zijn eigenlijk de gekkies?) hebben vooral met geld te maken. Destijds was de transitie voor iedereen gratis en hetzelfde. Nu zijn er verschillende opties met behoorlijke prijskaartjes. Des te beter dat de plaatselijke overheid het voortouw neemt naar aardgasvrij en CO2-neutraal. Nieuwe energie is te belangrijk om over te laten aan incidentele burgerinitiatieven of de markt. In de schouwburg is maandag een inspiratieavond met als motto 'Beleef de actie'. Voor onze buurt wordt gedacht aan geothermie als energiebron. Ik zou kunnen treuren over mijn straks overbodige gasfornuis. Maar de opluchting dat er kansrijke alternatieven zijn om de toekomst veilig te stellen, is groter. Iedereen was verrukt over de gasbel van Slochteren. Ik ook",AD/Groene Hart,Zuid-Holland,city,Gouda,gouda,gouda,city,"Gouda, Zuid-Holland, Nederland",nominatim,geocode,52.0114922,4.7106094,POINT (4.7106094 52.0114922),,Gouda,Zuid-Holland,sentences_points,0,,,PV28,GM0513,4.7106094,52.0114922
21192affbbde4970af8fa2af462bedd9,196,130,In 2012 werd de aardwarmtecentrale aan de Leyweg al groots geopend door kroonprins Willem Alexander in aanwezigheid van 175 genodigden.,aardwarmtecentrale,Positive,Positive,0.8901,[4],Den Haag,city,Den Haag,city,Bestanden (501-1000) (1).RTF,/Users/Yannick/dev/geothermal_text_mining/input_data/dutch/Bestanden (501-1000) (1).RTF,AD/Haagsche Courant,21 December 2020,"Zou het? Echt? Wordt er in Den Haag Zuidwest straks werkelijk vanuit tweeduizend meter diepte aardwarmte opgepompt om duizenden Haagse woningen te gaan verwarmen? Vergeef de cynicus zijn argwaan. In 2012 werd de aardwarmtecentrale aan de Leyweg al groots geopend door kroonprins Willem Alexander in aanwezigheid van 175 genodigden. Wat niemand erbij zei, was dat het ding het helemaal niet deed. En ook helemaal niet zou gaan doen. Met dank aan de financiële crisis waren er op dat moment nauwelijks huizen om de Haagse aardwarmte op aan te sluiten. En alsof dat nog niet erg genoeg was, deed de lokale geothermiebron het door technische problemen ook niet. Het leidde een jaar later tot het faillissement van de aardwarmtecentrale in Zuidwest. De gemeente Den Haag en drie lokale woningbouwcorporaties raakten meer dan 10 miljoen euro kwijt aan het prestigeproject dat bij elkaar ruim 20 miljoen euro had gekost. Daarna stak den Haag nog eens anderhalf miljoen in de afhandeling van het faillissement. Zeven jaar later lijkt de doorstart dan toch te lukken. De nieuwe partijen profiteren van de bestaande boorputten en enkele duurzaamheidssubsidies. Om rendabel te kunnen draaien hadden ze anders dubbel zo veel woningen moeten aansluiten. mislukt",AD/Haagsche Courant,Den Haag,city,Den Haag,den haag,den haag,city,"Den Haag, Zuid-Holland, Nederland",nominatim,geocode,52.0799838,4.3113461,POINT (4.3113461 52.0799838),,'s-Gravenhage,Zuid-Holland,sentences_points,0,,,PV28,GM0518,4.3113461,52.0799838
96946be80d6f4963b0efe8e95883e577,456,131,In dat geval staan de handhavers namelijk met lege handen.,handhavers,Negative,Negative,0.9963,[5],Hoogweg,site,Hoogweg,site,Bestanden (500) (6).RTF,/Users/Yannick/dev/geothermal_text_mining/input_data/dutch/Bestanden (500) (6).RTF,Steenwijker Courant,5 August 2022,"Ook de paprikakwekerijen van Hoogweg worden volgens de advocaat in hun voorbestaan bedreigd als het aardwarmteproject aan de Nieuwlandseweg wordt stilgelegd. De productie van aardwarmte gaat nu nog gewoon door ondanks de vernietiging van de daarvoor vereiste vergunning door de Zwolse rechtbank. ,,Er is nu sprake van een illegale situatie"", aldus de voorzieningenrechter van de Raad van State. Handhavers kunnen de productie gewoon stilleggen, maar er is tot nu toe niets gebeurd. Om dat voor te zijn heeft Hoogweg aan de Raad gevraagd om de vergunning voorlopig in stand te laten totdat de Raad de kwestie later dit jaar uitvoerig heeft onderzocht. In dat geval staan de handhavers namelijk met lege handen. Urgent of niet? Voor de Raad van State is het de vraag of er sprake is van een urgente situatie. Staatstoezicht op de mijnen zou hier moeten handhaven. Eventueel ook de provincie Flevoland. Ze zitten allebei stil. Maar volgens de advocaat van Hoogweg kan dit zomaar veranderen en dan zijn de rapen gaar. De aardwarmte kan dan niet meer geleverd worden aan de paprikakwekers en die moeten dan voor hun verwarming duur gas aankopen. Duurzame energie Een mogelijke reden waarom er nog niet is gehandhaafd kan zijn dat dit energieproject van Hoogweg duurzaam is en stikstofvrij warmte levert aan de kwekerijen. Volgens de advocaat van Hoogweg staat ook de provincie Flevoland achter dit energieproject waarbij warm water uit de ondergrond wordt opgepompt en benut door de kwekers. Toch zorgde de provincie Overijssel ervoor dat de vergunning van Hoogweg werd vernietigd. Overijssel komt namelijk op voor de bescherming van Natura 2000 gebied De Weerribben dat dichtbij ligt. Naast het warme water komt ook wat gas mee uit de ondergrond. Dat wordt ook benut door de kwekers. Maar gasverbranding kan wel het natuurgebied schaden. ,,We hebben er geen belang bij dat dit project wordt stilgelegd. Maar dit is een principezaak die goed moet worden geregeld"", aldus een woordvoerster van de provincie. De Raad doet binnen twee weken uitspraak. Link naar PDF",Steenwijker Courant,,site,Hoogweg,hoogweg,hoogweg,site,"Hoogweg, Noordwijkerhout, Noordwijk, Zuid-Holland, Nederland, 2211 XR, Nederland",nominatim,geocode,52.2449437,4.4624735,POINT (4.4624735 52.2449437),,Noordwijk,Zuid-Holland,sentences_points,0,,,PV28,GM0575,4.4624735,52.2449437
6fdf1aeda56c4a34a0371851f8cba155,424,132,In de Haagse ondergrond is ruimte voor vijftien geschikte locaties voor aardwarmte.,locaties,Positive,Positive,0.9153,[9],Den Haag,city,Den Haag,city,Bestanden (500) (7).RTF,/Users/Yannick/dev/geothermal_text_mining/input_data/dutch/Bestanden (500) (7).RTF,AD/Haagsche Courant,9 April 2022,"Haagse huizen in het stadsdeel Escamp worden volgend jaar verwarmd met Westlandse aardwarmte. Westland en Den Haag gaan daarvoor samen één warmtenet realiseren dat bronnen in beide gemeenten met elkaar verbindt. De uitwisseling van warmte kan volgend jaar al beginnen. Westland en Den Haag hebben een studie naar de haalbaarheid van warmteverbindingen tussen beide gemeenten laten uitvoeren. In deze studie komt naar voren dat er een viertal opties voor koppelleidingen tussen het Westlandse en Haagse warmtenet kunnen worden uitgewerkt. Den Haag zet in op duurzame lokale bronnen zoals aardwarmte. In de Haagse ondergrond is ruimte voor vijftien geschikte locaties voor aardwarmte. Dat is niet genoeg. Met name in het stadsdeel Escamp is er een tekort. Daar kan naast de al bestaande aardwarmtebron aan de Leyweg verder nergens aardwarmte naar boven worden gehaald. De gemeente Westland gaat een groot aantal aardwarmtebronnen ontwikkelen en zal ruim genoeg warmte kunnen opwekken. Voor beide partijen is het aantrekkelijk als Den Haag warmte overneemt uit Westland. Westland en Den Haag willen nu samen met diverse marktpartijen één van de opties, het warmtenet in Westland verbinden met Wateringse Veld in Den Haag, verder uitwerken. Dan gaat het vooral om een technische uitwerking, met de locaties van de buizen, diameters en drukopbouw. Met de koppeling kan het bestaande warmtenet Wateringse Veld worden 'verduurzaamd' en kan aardwarmte worden geleverd aan toekomstige warmtenetten in het stadsdeel Escamp. Fred Vermeer",AD/Haagsche Courant,Den Haag,city,Den Haag,den haag,den haag,city,"Den Haag, Zuid-Holland, Nederland",nominatim,geocode,52.0799838,4.3113461,POINT (4.3113461 52.0799838),,'s-Gravenhage,Zuid-Holland,sentences_points,0,,,PV28,GM0518,4.3113461,52.0799838
f0fcc29ef62646a0b7cd098906e117ea,25,133,In de schouwburg is maandag een inspiratieavond met als motto 'Beleef de actie'.,actie,Positive,Positive,0.9933,[13],Gouda,city,Gouda,city,Bestanden (1-500) (1).RTF,/Users/Yannick/dev/geothermal_text_mining/input_data/dutch/Bestanden (1-500) (1).RTF,AD/Groene Hart,15 February 2020,"Column Ja hoor, daar gaat mijn gasfornuis! Gouda wil in 2040 aardgasvrij zijn. Dat is goed te doen. Bedenk hoe de wereld er twee decennia geleden uitzag. De aanslagen op New York hadden nog niet plaatsgevonden, ouderen gingen met de VUT en klimaatverandering stond nergens op de politieke agenda. In twintig jaar kun je bergen verzetten. De energietransitie in de jaren 60 ging sneller. Met uitzondering van dunbevolkte gebieden werd binnen tien jaar heel Nederland aangesloten op het aardgasnet. Van aardschokken wisten we niets, iedereen was verrukt over de gasbel van Slochteren. Ik ook. Als oudste kind in het gezin zorgde ik voor het vullen van de kolenkitten. In ons flatgebouw in Gouda-noord stortte de kolenboer ieder najaar een paar mud antraciet in de berging. In het stoffig halfduister schepte ik dagelijks twee kitten vol en sjouwde ze de trappen op naar tweehoog. Dat vieze karwei was op slag voorbij. Er zal best door een enkeling nostalgisch zijn gemijmerd over de teloorgang van vlammende steenkooltjes, maar bij ons thuis werden de gevelkachels in de slaapkamers met gejuich begroet. Het waren de koudste winters van de eeuw. Van het aardgas àf is ingewikkelder. Niet iedereen beschouwt de overgang naar energie uit zon, wind en water als vooruitgang. De verhitte debatten tussen 'klimaatgekkies' en klimaatontkenners (wie zijn eigenlijk de gekkies?) hebben vooral met geld te maken. Destijds was de transitie voor iedereen gratis en hetzelfde. Nu zijn er verschillende opties met behoorlijke prijskaartjes. Des te beter dat de plaatselijke overheid het voortouw neemt naar aardgasvrij en CO2-neutraal. Nieuwe energie is te belangrijk om over te laten aan incidentele burgerinitiatieven of de markt. In de schouwburg is maandag een inspiratieavond met als motto 'Beleef de actie'. Voor onze buurt wordt gedacht aan geothermie als energiebron. Ik zou kunnen treuren over mijn straks overbodige gasfornuis. Maar de opluchting dat er kansrijke alternatieven zijn om de toekomst veilig te stellen, is groter. Iedereen was verrukt over de gasbel van Slochteren. Ik ook",AD/Groene Hart,Zuid-Holland,city,Gouda,gouda,gouda,city,"Gouda, Zuid-Holland, Nederland",nominatim,geocode,52.0114922,4.7106094,POINT (4.7106094 52.0114922),,Gouda,Zuid-Holland,sentences_points,0,,,PV28,GM0513,4.7106094,52.0114922
98592549332243e4a173224ddff5927b,202,134,In de zomer van dit jaar is de tweede aardwarmtebron van Trias in Westland aangeboord.,aardwarmtebron,Positive,Positive,0.7633,[9],Naaldwijk,city,Naaldwijk,city,Bestanden (501-1000) (1).RTF,/Users/Yannick/dev/geothermal_text_mining/input_data/dutch/Bestanden (501-1000) (1).RTF,AD/Haagsche Courant,31 December 2020,"De Bospolder in Naaldwijk is door werkzaamheden voor de uitbreiding van het warmtenet in Westland van 4 januari tot 29 april dicht in de richting van de Burgemeester Elsenweg (N213). Het verkeer wordt in deze periode omgeleid via de Dortlaan, Zwartendijk, Grote Woerdlaan en Bosweg. Verkeer vanaf de Burgemeester Elsenweg kan via een versmalde rijstrook wél doorrijden. Voor (brom)fietsers blijft de weg in beide richtingen toegankelijk. En als er dan toch gewerkt moet worden, wordt geprobeerd zoveel mogelijk werkzaamheden van verschillende instanties tegelijkertijd te doen om de overlast te beperken. Zo werkt Trias Westland samen met de provincie Zuid-Holland en de gemeente Westland aan de gefaseerde aanleg onder de N213. Het groot onderhoud is verschoven in de planning en de werkzaamheden van de provincie en gemeente zijn samengevoegd. Trias legt een warmtenet aan in Westland waarbij gebruik wordt gemaakt van aardwarmte. Het warmtenet verbindt de aardwarmtebron met de bedrijven van glastuinbouwondernemers. Het aansluiten op aardwarmte Trias Westland moet voor een forse verduurzaming van de Westlandse glastuinbouw zorgen. In de zomer van dit jaar is de tweede aardwarmtebron van Trias in Westland aangeboord. Ook de bovengrondse installaties worden nu gerealiseerd. Uitbreiding Om de warmte bij glastuinbouwondernemers te krijgen, wordt het warmtenet verder uitgebreid. Het werk start op 4 januari en duurt tot medio volgend jaar. Het warmtenet vervolgt zijn route vanaf Royal FloraHolland in Naaldwijk naar Westland Infra in Poeldijk. Ook in de nabijgelegen Bospolder sluit een groot aantal glastuinbouwbedrijven aan op het warmtenet. Een warmtenet bestaat uit twee buizen (één voor toevoer, één voor retour) onder de grond, waarmee warmte wordt vervoerd naar kassen en gebouwen met warm water.",AD/Haagsche Courant,Den Haag,city,Naaldwijk,naaldwijk,naaldwijk,city,"Naaldwijk, Westland, Zuid-Holland, Nederland",nominatim,geocode,51.9930016,4.2074197,POINT (4.2074197 51.9930016),,Westland,Zuid-Holland,sentences_points,0,,,PV28,GM1783,4.2074197,51.9930016
af904d95c4684fa7a6a2e57eb64e14ea,424,135,In deze studie komt naar voren dat er een viertal opties voor koppelleidingen tussen het Westlandse en Haagse warmtenet kunnen worden uitgewerkt.,studie,Positive,Positive,0.8262,[2],Den Haag,city,Den Haag,city,Bestanden (500) (7).RTF,/Users/Yannick/dev/geothermal_text_mining/input_data/dutch/Bestanden (500) (7).RTF,AD/Haagsche Courant,9 April 2022,"Haagse huizen in het stadsdeel Escamp worden volgend jaar verwarmd met Westlandse aardwarmte. Westland en Den Haag gaan daarvoor samen één warmtenet realiseren dat bronnen in beide gemeenten met elkaar verbindt. De uitwisseling van warmte kan volgend jaar al beginnen. Westland en Den Haag hebben een studie naar de haalbaarheid van warmteverbindingen tussen beide gemeenten laten uitvoeren. In deze studie komt naar voren dat er een viertal opties voor koppelleidingen tussen het Westlandse en Haagse warmtenet kunnen worden uitgewerkt. Den Haag zet in op duurzame lokale bronnen zoals aardwarmte. In de Haagse ondergrond is ruimte voor vijftien geschikte locaties voor aardwarmte. Dat is niet genoeg. Met name in het stadsdeel Escamp is er een tekort. Daar kan naast de al bestaande aardwarmtebron aan de Leyweg verder nergens aardwarmte naar boven worden gehaald. De gemeente Westland gaat een groot aantal aardwarmtebronnen ontwikkelen en zal ruim genoeg warmte kunnen opwekken. Voor beide partijen is het aantrekkelijk als Den Haag warmte overneemt uit Westland. Westland en Den Haag willen nu samen met diverse marktpartijen één van de opties, het warmtenet in Westland verbinden met Wateringse Veld in Den Haag, verder uitwerken. Dan gaat het vooral om een technische uitwerking, met de locaties van de buizen, diameters en drukopbouw. Met de koppeling kan het bestaande warmtenet Wateringse Veld worden 'verduurzaamd' en kan aardwarmte worden geleverd aan toekomstige warmtenetten in het stadsdeel Escamp. Fred Vermeer",AD/Haagsche Courant,Den Haag,city,Den Haag,den haag,den haag,city,"Den Haag, Zuid-Holland, Nederland",nominatim,geocode,52.0799838,4.3113461,POINT (4.3113461 52.0799838),,'s-Gravenhage,Zuid-Holland,sentences_points,0,,,PV28,GM0518,4.3113461,52.0799838
6d17e36ee21d46cdbdc0571e4b85962d,158,136,"in een dichtbevolkte stad als Den Haag schone warmte uit eigen bron gebruiken.” Een definitief besluit voor winning van aardwarmte, zoals bij de centrale aan de Leyweg, wordt niet zomaar genomen.",warmte,Positive,Positive,0.9339,[8],Den Haag,city,Den Haag,city,Bestanden (501-1000) (1).RTF,/Users/Yannick/dev/geothermal_text_mining/input_data/dutch/Bestanden (501-1000) (1).RTF,"De Posthoorn, Segbroek",14 October 2020,"Den Haag - De CoronaMelder-app is klaar en te installeren via de App Store en de Google Play Store. Hij stuurt een melding als je langer dan 15 minuten dicht bij iemand in de buurt bent geweest, die later het virus blijkt te hebben. CoronaMelder-app is voor iedereen beschikbaar Den Haag - Vanaf nu kan iedereen de CoronaMelder-app gebruiken. De app stuurt een melding als je langer dan 15 minuten dicht bij iemand in de buurt bent geweest, die later het coronavirus blijkt te hebben. Als je een melding hebt ontvangen, lees je in de app welke maatregelen je kan nemen en of je je kan laten testen. Zo weet je na een melding dat je meer kans hebt om besmet te zijn en kun je voorkomen dat je onbewust een ander besmet. Want je kunt het coronavirus al doorgeven, voordat je je ziek voelt. CoronaMelder is een aanvulling op het reguliere bron- en contactonderzoek van de GGD. Met de app kunnen ook mensen worden geïnformeerd die niet naar voren komen uit het bron- en contactonderzoek. De app weet niet wie of waar je bent. Ook geeft de app geen meldingen over actuele besmettingen in de buurt. De basisregels, zoals 1,5 meter afstand houden en vaak je handen wassen, blijven dus belangrijk! CoronaMelder is te vinden in de App Store en de Google Play Store. Het downloaden van de app is altijd vrijwillig. Hulp nodig bij het installeren? Veel bibliotheken kunnen hierbij helpen. Of bel de Helpdesk CoronaMelder op 0800-1280. Den Haag is eerste stad met warmte uit bodem Den Haag - Den Haag is de eerste stad in Nederland waar huizen verwarmd worden met schone warmte uit eigen bodem. Het ministerie van Economische Zaken heeft met een definitief besluit groen licht gegeven voor het winnen van aardwarmte in de centrale aan de Leyweg. Vanuit de bron op twee kilometer diepte wordt water van circa 78 graden opgepompt. Die warmte wordt overgezet en via het stadsverwarmingsnet krijgen woningen in stadsdeel Zuidwest verwarming en warm kraanwater. Zo kan aan de eerste 1200 huizen aardwarmte (geothermie) worden geleverd. Deze is schoon en duurzaam. De gemeente heeft via het Energiefonds Den Haag een deel van de financiering beschikbaar gesteld voor deze bron. Wethouder Liesbeth van Tongeren (Duurzaamheid en Energietransitie) is trots. ""Hiermee laten we zien dat het kan: in een dichtbevolkte stad als Den Haag schone warmte uit eigen bron gebruiken.” Een definitief besluit voor winning van aardwarmte, zoals bij de centrale aan de Leyweg, wordt niet zomaar genomen. Er moet aan strenge veiligheidseisen worden voldaan. Hiervoor is het ministerie te rade gegaan bij verschillende organisaties als TNO, de Mijnraad, de Omgevingsdienst Haaglanden, Provincie Zuid-Holland en Hoogheemraadschap Delfland.","De Posthoorn, Segbroek",,city,Den Haag,den haag,den haag,city,"Den Haag, Zuid-Holland, Nederland",nominatim,geocode,52.0799838,4.3113461,POINT (4.3113461 52.0799838),,'s-Gravenhage,Zuid-Holland,sentences_points,2,Governance;Sustainability,besluit;schone warmte,PV28,GM0518,4.3113461,52.0799838
2692fdfc490f4f64bc5e298b045d2fe5,644,137,"In het 'Warmteplan Delft', dat in 2021 is vastgesteld, staat voor elke wijk welk alternatief voor aardgas de meest geschikte oplossing is.",aardgas,Negative,Negative,0.7011,[20],Delft,city,Delft,city,Bestanden (500) (4).RTF,/Users/Yannick/dev/geothermal_text_mining/input_data/dutch/Bestanden (500) (4).RTF,AD/Haagsche Courant,3 September 2024,"Delft introduceert verwarming voor 6000 woningen uit bron op TU Wat doet het warmtenet precies? Op ruim 2 kilometer onder de grond bij de TU Delft, zit warm water in de bodem, aardwarmte - ook wel geothermie genoemd. Dit water heeft een temperatuur van ongeveer 75 graden. Dit water wordt bij de aardwarmtebron omhoog gepompt. Door het warmtenet, een systeem van buizen van 16 kilometer lang onder de grond, stroomt het warme water richting de woongebouwen. Hiermee kunnen huurwoningen van woningcorporaties Vidomes, Stedelink, DUWO en Woonbron worden verwarmd. Daardoor is er geen gas meer nodig. Welke wijken in Delft worden aangesloten op het warmtenet? Voorlopig is dit warmtenet bedoeld voor Buitenhof, Voorhof en de TU Delft Campus. Omdat er in deze wijken veel woningen op een klein oppervlak staan. En omdat bewoners in deze gebouwen een gasketel delen, maakt dit het aansluiten op een warmtenet makkelijker, geeft de gemeente aan. Totaal kunnen er in Voorhof en Buitenhof 15.000 woningen op het netwerk aangesloten worden. Dit zijn ook koopwoningen. In het 'Warmteplan Delft', dat in 2021 is vastgesteld, staat voor elke wijk welk alternatief voor aardgas de meest geschikte oplossing is. Voor de binnenstad is nu nog onduidelijk welke alternatieve bron voor aardgas kan worden gebruikt. Gaan bewoners nu meer of minder betalen? Ze gaan niet meer, maar ook niet minder betalen. De prijs van de warmte is op het moment van aansluiten namelijk vergelijkbaar met warmte gemaakt met aardgas. Daarna beweegt de prijs mee met de werkelijke kostenontwikkeling voor de productie en distributie van de warmte. De afgelopen jaren is de prijs van gas niet altijd hetzelfde gebleven door de oorlog tussen Rusland en Oekraïne. Met het warmtenet blijven de prijzen stabieler dan voorheen. Wat merken bewoners van het warmtenet? Als het warmtenet er eenmaal ligt, merken bewoners er vrij weinig van. De centrale gasverwarmingsketel wordt vervangen door een aansluiting op het nieuwe warmtenet voor het hele gebouw. De verwarming van woningen kan dan nog steeds met dezelfde radiator ingesteld worden. Van de aanleg van het net kunnen Delftenaren wel wat merken. De soms wel 70 centimeter brede buizen gaan namelijk onder de grond. Hiervoor moeten straten opengebroken worden, wat voor veranderende verkeerssituaties kan zorgen. Dit gebeurt in fases. Voor hoe lang kan er aardwarmte uit de grond worden gehaald? Waarschijnlijk is er genoeg aardwarmte voor de komende dertig jaar. Als dit op is, kan er op hetzelfde warmtenet dat nu wordt aangelegd een andere bron worden aangesloten. Wanneer kan er gebruikgemaakt worden van het warmtenet? De allereerste huizen kunnen - als alles volgens plan gaat - in het najaar van 2025 gebruikmaken van het warmtenet. Uiteindelijk is het de bedoeling dat in 2027 alle 6000 huurwoningen op het netwerk zijn aangesloten. Uiteindelijk is het de bedoeling dat in 2027 alle 6000 huurwoningen op het netwerk zijn aangesloten Ook bij de Sterflats wordt het warmtenet aangesloten.",AD/Haagsche Courant,Den Haag,city,Delft,delft,delft,city,"Delft, Zuid-Holland, Nederland",nominatim,geocode,51.9994572,4.3627245,POINT (4.3627245 51.9994572),,Delft,Zuid-Holland,sentences_points,0,,,PV28,GM0503,4.3627245,51.9994572
944e06b5ed7e41f69dfb2c004a7c2723,775,138,"In het circulaire concept van The Grand wordt gebruikgemaakt van moderne en duurzame technieken zoals geothermie, zonnepanelen en maximale terugwinning van de geproduceerde warmte.",concept,Positive,Positive,0.8547,[3],Nieuwpoort,city,Nieuwpoort,city,Bestanden (500) (4).RTF,/Users/Yannick/dev/geothermal_text_mining/input_data/dutch/Bestanden (500) (4).RTF,De Krant van West-Vlaanderen,,"NIEUWPOORT - Exact 100 jaar na de bouw van het Grand Hotel, zal het iconische gebouw weer uit zijn as verrijzen. Het nieuwe prestigeproject wordt dé blikvanger van Nieuwpoort en zal verschillende functies vervullen. De nieuwe syndicus van The Grand is Wim Demeester van Immo Group-S. ""Het doel is om een gezond evenwicht te creëren tussen oude en nieuwe architectuur zodat het gebouw weer de status krijgt dat het verdient"", zegt hij. Circulair conceptBelevingsplein The Grand krijgt verschillende functies. Zo biedt het complex plaats aan 70 appartementen met verschillende oppervlaktes. Daarnaast is het gebouw ook toegankelijk voor het brede publiek. De iconische bar en het restaurant aan de kant van de zeedijk worden volledig gerenoveerd. Aan de kant van de Albert I-laan is dan weer ruimte voorzien voor ruime handelspanden. ""De veelzijdigheid van The Grand zorgt ervoor dat iedereen weer ten volle van deze historisch parel kan genieten"", aldus Wim Demeester. In het circulaire concept van The Grand wordt gebruikgemaakt van moderne en duurzame technieken zoals geothermie, zonnepanelen en maximale terugwinning van de geproduceerde warmte. Zo wordt het verbruik tot een absoluut minimum beperkt. Daarbovenop zal het gebouw zonder fossiele brandstoffen gekoeld en verwarmd worden. Daardoor genieten alle appartementen van een ideale winter- én zomertemperatuur. ""De duurzame en ecologische technieken zijn een voorbeeld van hoe je historische en iconische gebouwen een tweede leven kunt geven"", vertelt de nieuwe syndicus Wim Demeester. Naast de heropleving van The Grand krijgt ook de omgeving rond het project een extra boost. Zo krijgt eveneens het Hendrikaplein een nieuw leven. De bovengrondse parking zal een belevingsplein worden waarop kinderen zich kunnen uitleven, bezoekers even kunnen uitrusten en evenementen kunnen worden georganiseerd. The Grand en de omgeving daarrond worden dé trekpleister van Nieuwpoort-Bad. ""Het is natuurlijk een hele eer om syndicus van dit prestigeproject te mogen zijn"", besluit Wim Demeester. ""Ik ben ervan overtuigd dat dit Nieuwpoort een extra boost zal geven."" (PG)",De Krant van West-Vlaanderen,,city,Nieuwpoort,nieuwpoort,nieuwpoort,city,"Nieuwpoort, Molenlanden, Zuid-Holland, Nederland",nominatim,geocode,51.9353893,4.868505,POINT (4.868505 51.9353893),,Molenlanden,Zuid-Holland,sentences_points,0,,,PV28,GM1978,4.868505,51.9353893
d57a9d20121f48e9a913594009c20981,25,139,In het stoffig halfduister schepte ik dagelijks twee kitten vol en sjouwde ze de trappen op naar tweehoog.,kitten,Negative,Negative,0.9839,[8],Gouda,city,Gouda,city,Bestanden (1-500) (1).RTF,/Users/Yannick/dev/geothermal_text_mining/input_data/dutch/Bestanden (1-500) (1).RTF,AD/Groene Hart,15 February 2020,"Column Ja hoor, daar gaat mijn gasfornuis! Gouda wil in 2040 aardgasvrij zijn. Dat is goed te doen. Bedenk hoe de wereld er twee decennia geleden uitzag. De aanslagen op New York hadden nog niet plaatsgevonden, ouderen gingen met de VUT en klimaatverandering stond nergens op de politieke agenda. In twintig jaar kun je bergen verzetten. De energietransitie in de jaren 60 ging sneller. Met uitzondering van dunbevolkte gebieden werd binnen tien jaar heel Nederland aangesloten op het aardgasnet. Van aardschokken wisten we niets, iedereen was verrukt over de gasbel van Slochteren. Ik ook. Als oudste kind in het gezin zorgde ik voor het vullen van de kolenkitten. In ons flatgebouw in Gouda-noord stortte de kolenboer ieder najaar een paar mud antraciet in de berging. In het stoffig halfduister schepte ik dagelijks twee kitten vol en sjouwde ze de trappen op naar tweehoog. Dat vieze karwei was op slag voorbij. Er zal best door een enkeling nostalgisch zijn gemijmerd over de teloorgang van vlammende steenkooltjes, maar bij ons thuis werden de gevelkachels in de slaapkamers met gejuich begroet. Het waren de koudste winters van de eeuw. Van het aardgas àf is ingewikkelder. Niet iedereen beschouwt de overgang naar energie uit zon, wind en water als vooruitgang. De verhitte debatten tussen 'klimaatgekkies' en klimaatontkenners (wie zijn eigenlijk de gekkies?) hebben vooral met geld te maken. Destijds was de transitie voor iedereen gratis en hetzelfde. Nu zijn er verschillende opties met behoorlijke prijskaartjes. Des te beter dat de plaatselijke overheid het voortouw neemt naar aardgasvrij en CO2-neutraal. Nieuwe energie is te belangrijk om over te laten aan incidentele burgerinitiatieven of de markt. In de schouwburg is maandag een inspiratieavond met als motto 'Beleef de actie'. Voor onze buurt wordt gedacht aan geothermie als energiebron. Ik zou kunnen treuren over mijn straks overbodige gasfornuis. Maar de opluchting dat er kansrijke alternatieven zijn om de toekomst veilig te stellen, is groter. Iedereen was verrukt over de gasbel van Slochteren. Ik ook",AD/Groene Hart,Zuid-Holland,city,Gouda,gouda,gouda,city,"Gouda, Zuid-Holland, Nederland",nominatim,geocode,52.0114922,4.7106094,POINT (4.7106094 52.0114922),,Gouda,Zuid-Holland,sentences_points,0,,,PV28,GM0513,4.7106094,52.0114922
3041d466e0d14bfbbe68b2b7ca3129bd,563,140,"In laatstgenoemde gemeente liggen de beste kansen voor het winnen van aardwarmte, waarop de hoop gevestigd is als tweede grootschalige warmtebron.",gemeente,Positive,Positive,0.8633,[2],Leiden,city,Leiden,city,Bestanden (500) (5).RTF,/Users/Yannick/dev/geothermal_text_mining/input_data/dutch/Bestanden (500) (5).RTF,Leidsch Dagblad,4 September 2023,"energie Regio in gesprek met Shell en Firan, de ontwikkeltak van Alliander De Leidse regio is in gesprek met Shell en Firan - de ontwikkeltak van Alliander - over de mogelijke aanleg van een pijpleiding voor het transport van aardwarmte van Noordwijk naar Leiden. Dat blijkt uit de meest recente voortgangsrapportage van de warmtetransitie in de Leidse regio. Leiden/Noordwijk De dertien gemeenten binnen de regio Holland Rijnland overleggen al jaren over een regionaal warmtenet dat niet afhankelijk is van fossiele brandstoffen. Een restwarmtepijp uit het Rotterdamse havengebied (Warmtelinq) is daarin voorzien als de vervanging van de gasgestookte Leidse stadsverwarming, maar die heeft amper meer capaciteit dan de huidige aansluitingen vragen. Het doel is een groot leidingennetwerk waarop allerhande andere warmtebronnen ook worden aangesloten, een open regionaal energiesysteem (ORES). Aardwarmte Uit de meest recente voortgangsrapportage van deze hele operatie in de Leidse subregio (Leiden, Katwijk, Oegstgeest, Leiderdorp, Zoeterwoude en Voorschoten) blijkt dat de gesprekken zijn begonnen voor een pijpleiding tussen Leiden en Noordwijk. In laatstgenoemde gemeente liggen de beste kansen voor het winnen van aardwarmte, waarop de hoop gevestigd is als tweede grootschalige warmtebron. Die is in eerste instantie nodig voor de directe omgeving daar, maar in de voortgangsrapportage staat dat het consortium Aardwarmte Rijnland (dat bestaat uit Shell, D4 en Firan) overweegt ook delen van de Leidse regio van deze warmte te voorzien. Rotterdam De mogelijkheid om de Noordwijkse pijpleiding rechtstreeks te koppelen aan de Rotterdamse (nabij A44-knooppunt Leiden) wordt daarbij nadrukkelijk genoemd en is onderwerp van gesprek. Over hoe het moet in Leiderdorp en Zoeterwoude worden scenario's uitgewerkt. Linksom of rechtsom zitten deze twee gemeenten achteraan in een netwerk. De scenario's moeten uitsluitsel bieden of het handig is het stadsverwarmingsnetwerk die kant op uit te breiden of juist een nieuwe, meer plaatselijke warmtebron te benutten en aan te sluiten op ORES. Alphen aan den Rijn In het onderzoek wordt ook Alphen aan den Rijn betrokken, want ook de warmtevraag daarvandaan speelt een rol. Leiderdorp en Zoeterwoude achteraan in een netwerk PDF-bestand van dit document",Leidsch Dagblad,Leiden,city,Leiden,leiden,leiden,city,"Leiden, Zuid-Holland, Nederland",nominatim,geocode,52.1594747,4.4908843,POINT (4.4908843 52.1594747),,Leiden,Zuid-Holland,sentences_points,0,,,PV28,GM0546,4.4908843,52.1594747
a86b4b33d8a347b489a3ff747284bc2c,25,141,In ons flatgebouw in Gouda-noord stortte de kolenboer ieder najaar een paar mud antraciet in de berging.,kolenboer,Negative,Negative,0.9964,[9],Gouda,city,Gouda,city,Bestanden (1-500) (1).RTF,/Users/Yannick/dev/geothermal_text_mining/input_data/dutch/Bestanden (1-500) (1).RTF,AD/Groene Hart,15 February 2020,"Column Ja hoor, daar gaat mijn gasfornuis! Gouda wil in 2040 aardgasvrij zijn. Dat is goed te doen. Bedenk hoe de wereld er twee decennia geleden uitzag. De aanslagen op New York hadden nog niet plaatsgevonden, ouderen gingen met de VUT en klimaatverandering stond nergens op de politieke agenda. In twintig jaar kun je bergen verzetten. De energietransitie in de jaren 60 ging sneller. Met uitzondering van dunbevolkte gebieden werd binnen tien jaar heel Nederland aangesloten op het aardgasnet. Van aardschokken wisten we niets, iedereen was verrukt over de gasbel van Slochteren. Ik ook. Als oudste kind in het gezin zorgde ik voor het vullen van de kolenkitten. In ons flatgebouw in Gouda-noord stortte de kolenboer ieder najaar een paar mud antraciet in de berging. In het stoffig halfduister schepte ik dagelijks twee kitten vol en sjouwde ze de trappen op naar tweehoog. Dat vieze karwei was op slag voorbij. Er zal best door een enkeling nostalgisch zijn gemijmerd over de teloorgang van vlammende steenkooltjes, maar bij ons thuis werden de gevelkachels in de slaapkamers met gejuich begroet. Het waren de koudste winters van de eeuw. Van het aardgas àf is ingewikkelder. Niet iedereen beschouwt de overgang naar energie uit zon, wind en water als vooruitgang. De verhitte debatten tussen 'klimaatgekkies' en klimaatontkenners (wie zijn eigenlijk de gekkies?) hebben vooral met geld te maken. Destijds was de transitie voor iedereen gratis en hetzelfde. Nu zijn er verschillende opties met behoorlijke prijskaartjes. Des te beter dat de plaatselijke overheid het voortouw neemt naar aardgasvrij en CO2-neutraal. Nieuwe energie is te belangrijk om over te laten aan incidentele burgerinitiatieven of de markt. In de schouwburg is maandag een inspiratieavond met als motto 'Beleef de actie'. Voor onze buurt wordt gedacht aan geothermie als energiebron. Ik zou kunnen treuren over mijn straks overbodige gasfornuis. Maar de opluchting dat er kansrijke alternatieven zijn om de toekomst veilig te stellen, is groter. Iedereen was verrukt over de gasbel van Slochteren. Ik ook",AD/Groene Hart,Zuid-Holland,city,Gouda,gouda,gouda,city,"Gouda, Zuid-Holland, Nederland",nominatim,geocode,52.0114922,4.7106094,POINT (4.7106094 52.0114922),,Gouda,Zuid-Holland,sentences_points,0,,,PV28,GM0513,4.7106094,52.0114922
04f3b22d8f6045ed9efbe255d539e9f8,345,142,In Schieland zijn kreeften op een derde van de locaties aangetroffen.,kreeften,Negative,Negative,0.6894,[3],Maasdijk,site,Maasdijk,site,Bestanden (1500-1862).RTF,/Users/Yannick/dev/geothermal_text_mining/input_data/dutch/Bestanden (1500-1862).RTF,Nieuwe Oogst,23 October 2021,"Alphen aan den Rijn doet onderzoek naar buitengebied Alphen aan den Rijn - Onderzoek of het mogelijk is om een accountmanager boerenerven aan te stellen, die zich bezighoudt met het ondersteunen en meedenken met agrarisch ondernemers over hun toekomstplannen. Dat is een aanbeveling uit het onderzoek dat gemeente Alphen aan den Rijn liet uitvoeren naar de toekomst van haar buitengebied. Uit het onderzoek komt naar voren dat er weinig zicht is op hoe het met boeren gaat en wat hun ambities zijn. De gemeente gebruikt de resultaten en aanbevelingen als bouwstenen voor een nieuw op te stellen programma 'Landelijk gebied'. Zorgen over waterkwaliteit door rivierkreeften Krimpenerwaard - Hoogheemraadschap van Schieland en Krimpenerwaard heeft in de Krimpenerwaard op 90 procent van alle onderzochte locaties rivierkreeften gevangen. In Schieland zijn kreeften op een derde van de locaties aangetroffen. De slechte invloed op de waterkwaliteit door de rivierkreeft baart het waterschap zorgen. Sinds 2020 doet het schap onderzoek naar de rode Amerikaanse rivierkreeft. Besluit aanleg zonneweide Jaagweg nog uitgesteld Berkhout - Het gemeentebestuur van Koggenland heeft meer tijd nodig om een raadsbesluit voor te bereiden over het in eigen beheer ontwikkelen van een zonneweide aan de Jaagweg in Berkhout. Er is te veel onzekerheid over de kosten van de netaansluiting en de benodigde grondstoffen. Die stijgen de pan uit, stelt het college van burgemeester en wethouders. Doordat netbeheerder Liander te weinig capaciteit over heeft op het bestaande energienetwerk, kunnen ook die kosten in de papieren lopen. Aansluiting op een ander onderstation in Midwoud vraagt om een kabel van ruim 15 kilometer, die onder de snelweg A7 en twee spoorlijnen zou moeten worden doorgetrokken. Komst aardwarmteproject Maasdijk stap dichterbij Maasdijk - De realisatie van het aardwarmteproject in Maasdijk is een stuk dichterbij gekomen met het akkoord van aandeelhouders HVC en Capturam over het verstrekken van het eigen vermogen voor drie doubletten en de aanleg van het warmtenet. Daarnaast hebben de leden van de Warmtecoöperatie Kralingerpolder zich aangesloten bij de coöperatie Maasdijk. De werkzaamheden voor realisatie van het project, dat in 2018 door glastuinders is geïnitieerd, starten nog dit jaar. Glastuinders Oostland willen aan de slag met gietwater Oostland - Tuinders in Oostland willen aan de slag met gietwater. Dat blijkt uit een enquête die deze zomer is gehouden door twee studenten van de Haagse Hogeschool naar de gevolgen van de klimaatverandering voor de sector. Deze week zijn de resultaten gepresenteerd op Glastuinbouw Waterproof. Uit het onderzoek blijkt dat de helft van de telers problemen voorziet bij de beschikking over minder grondwater. Gietwater kan volgens een groot deel van ondernemers als alternatief dienen. Gemeenten Langedijk en Heerhugowaard fuseren Langedijk/Heerhugowaard - Gemeenten Langedijk en Heerhugowaard fuseren per 1 januari 2022 tot de gemeente Dijk en Waard. Twaalf politieke partijen doen mee aan de herindelingsverkiezingen in de gemeenten die eind november worden gehouden.",Nieuwe Oogst,Nederland,site,Maasdijk,maasdijk,maasdijk,site,"Maasdijk, Westland, Zuid-Holland, Nederland",nominatim,geocode,51.9575497,4.2149056,POINT (4.2149056 51.9575497),,Westland,Zuid-Holland,sentences_points,0,,,PV28,GM1783,4.2149056,51.9575497
7f280457cab24113aa8f81d7d4fee965,580,143,"In steden wordt dat nog verergerd door dichte bebouwing, verharding en gebrek aan planten en bomen.",bebouwing,Negative,Negative,0.9965,[8],Berlijn,city,Berlijn,city,Bestanden (500) (5).RTF,/Users/Yannick/dev/geothermal_text_mining/input_data/dutch/Bestanden (500) (5).RTF,Friesch Dagblad,20 November 2023,"De grond- watertem- peratuur stijgt al tientallen jaren Alleen al in Berlijn zouden ondergrondse parkeergarages genoeg energie leveren aan het grondwater om 14.660 gezinnen van warmte te voorzien, stellen de onderzoekers in het tijdschrift Science of The Total Environment. Met behulp van aardwarmte en warmtepompen kan die warmte uit de bodem worden gehaald en benut. Het team mat de temperatuur in meer dan dertig ondergrondse parkeergarages in steden in Duitsland, Oostenrijk en Zwitserland. Daaruit blijkt dat de garages het grondwater het hele jaar door opwarmen. Het aantal auto's in de garage en de nabijheid van het grondwater spelen een belangrijke rol. Dieper gelegen ,,Openbare ondergrondse parkeergarages verwarmen het grondwater meer dan private garages, omdat ze vaak dieper zijn en de auto's er doorgaans korter parkeren"", zegt Maximilian Noethen, geowetenschapper aan de Martin Luther University Halle-Wittenberg. Volgens het team kunnen geothermische energie en warmtepompen helpen die overtollige warmte te benutten. ,,Dat zou ook als voordeel hebben dat er energie uit het grondwater wordt gehaald en dat het daardoor afkoelt"", zegt Noethen. De grondwatertemperatuur stijgt al tientallen jaren als gevolg van de opwarming van de aarde. In steden wordt dat nog verergerd door dichte bebouwing, verharding en gebrek aan planten en bomen. Omdat de organismen in het grondwater zijn aangepast aan constante temperaturen, kan ook de soortensamenstelling veranderen, en dat kan de kwaliteit van het grondwater aantasten. Het team berekende het potentieel voor 5040 ondergrondse parkeergarages in Berlijn. Omdat die zich vaak in de centrale wijken van de Duitse hoofdstad bevinden, in of nabij het grondwater, wordt daar bijzonder veel warmte aan het grondwater afgegeven: jaarlijks zo'n 0,65 petajoule. Daarmee zouden theoretisch zo'n 14.660 huizen van warmte kunnen worden voorzien. ,,Natuurlijk is warmte uit grondwater alleen niet voldoende om in de verwarmingsbehoeften van een stad als Berlijn of een land als Duitsland te voorzien. De temperatuur van het ondiepe grondwater is niet hoog genoeg om zonder warmtepomp warmte te leveren"", zegt professor Geowetenschappen Peter Bayer. ,,Maar we weten uit eerdere onderzoeken wel dat het potentieel voor geothermie veel verder gaat, en dat het in belangrijke mate kan bijdragen aan duurzame warmte."" Link naar PDF",Friesch Dagblad,Friesland,city,Berlijn,berlijn,berlijn,city,"Berlijnstraat, Lage Veld, Wateringse Veld, Escamp, Den Haag, Zuid-Holland, Nederland, 2548 BS, Nederland",nominatim,geocode,52.0224134,4.2925002,POINT (4.2925002 52.0224134),,'s-Gravenhage,Zuid-Holland,sentences_points,0,,,PV28,GM0518,4.2925002,52.0224134
f5b8695b81224a3483bd581459770c49,531,144,"Jongeren probeerden tijdens rellen in Duindorp, eind 2019, de kerk in de brand te steken.",kerk,Negative,Negative,0.9922,[11],Den Haag,city,Den Haag,city,Bestanden (500) (6).RTF,/Users/Yannick/dev/geothermal_text_mining/input_data/dutch/Bestanden (500) (6).RTF,AD/Haagsche Courant,2 March 2023,"De huizen moeten begin 2025 klaar zijn, meldt de Duitse eigenaar ZBI Group. Het gaat om energiezuinige appartementen, met onder meer een warmtepomp en zonnepanelen. Een deel van de stroom wordt opgewekt met geothermie, wat betekent dat er warmte wordt gebruikt uit de ondergrond. De appartementen van het project 'Green Harbour' gaan de vrije sector in. Het gaat dus niet om sociale huurhuizen. Een huurprijsindicatie kan Hans Nieuwenhuis van Ridge Group, dat het project ontwikkelt, nog niet geven. ,,Er komen kleinere appartementen, waarvan de huur wat lager zal zijn. En er komen grotere appartementen, waarvan je zeker moet denken aan een huur van 2000 euro per maand. Maar dat zijn er een paar van de 68."" Parkeerplekken De ontwikkelaar heeft gekozen voor huurwoningen in plaats van koopwoningen, omdat 'de woningmarkt in Den Haag daar nu om vraagt'. Zo kunnen expats hier straks wonen, zegt hij. Er komen ook 64 ondergrondse parkeerplekken. Het project komt op de plek waar de Pniëlkerk stond. Jongeren probeerden tijdens rellen in Duindorp, eind 2019, de kerk in de brand te steken. Uit angst dat het nog eens zou gebeuren tijdens de jaarwisseling, werd besloten de kerk vervroegd te slopen. Wijkbewoners gaven destijds aan bang te zijn voor brandstichting. Het vreugdevuur ging dat jaar niet door, waardoor de buurt vandalisme uit protest verwachtte. Het idee om er appartementen te bouwen bestond al langer, maar het project lag lang stil.",AD/Haagsche Courant,Den Haag,city,Den Haag,den haag,den haag,city,"Den Haag, Zuid-Holland, Nederland",nominatim,geocode,52.0799838,4.3113461,POINT (4.3113461 52.0799838),,'s-Gravenhage,Zuid-Holland,sentences_points,0,,,PV28,GM0518,4.3113461,52.0799838
4e4b4684375c43d2858d09ad708f047d,504,145,Kimberly Bakker De glastuinbouw gaat de komende jaren zwaarder leunen op het elektriciteitsnetwerk.,elektriciteitsnetwerk,Negative,Negative,0.8908,[12],Naaldwijk,city,Naaldwijk,city,Bestanden (500) (6).RTF,/Users/Yannick/dev/geothermal_text_mining/input_data/dutch/Bestanden (500) (6).RTF,Nieuwe Oogst,24 December 2022,"Kimberly Bakker De glastuinbouw gaat de komende jaren zwaarder leunen op het elektriciteitsnetwerk. Dat heeft te maken met de uitfasering van de warmtekrachtkoppeling (WKK). 'Als sector willen we in 2040 klimaatneutraal produceren. In zo'n scenario ga je ervan uit dat er geen aardgas meer wordt gebruikt. Dat betekent ook dat de WKK tegen die tijd minder interessant is', zeiJeroen Larrivee van BlueTerra tijdens de jaarlijkse Meet & Greet Energie van Greenport West-Holland op 15 december in het Zuid-Hollandse Naaldwijk. Hoe snel die uitfasering precies zal gaan, is nog onduidelijk. Dat hangt volgens Larrivee af van de ontwikkelingen op de elektriciteitsmarkt. 'Wat ik wel met zekerheid durf te zeggen, is dat WKK's in 2030 nog niet van de aardbodem zijn verdwenen. Dat te kort dag. Al verwacht ik wel dat ze dan een stuk minder veel draaien.' Aardwarmte is een van de veelgenoemde vervangers voor de WKK. Als de geothermieprojecten goed van de grond komen, dan is er volgens Larrivee veel potentie. 'Dan kan misschien wel 80 procent van de belichte teelt worden aangesloten op aardwarmtenetwerken.' Dat betekent overigens niet dat bedrijven al hun warmte uit geothermie gaan halen. Larrivee verwacht dat tuinbouwbedrijven in de toekomst een grotere energiemix toepassen. 'Denk aan een combinatie van aardwarmte, e-boilers en een warmtepomp.' Waterstof ziet hij niet als veelgekozen vervanger voor de WKK. 'Het is en blijft te duur.' Een uitdaging is dat tuinbouwbedrijven in 2040 waarschijnlijk in mindere mate hun eigen energie opwekken, zoals dat nu met de WKK juist veelvuldig gebeurt. Dat betekent dat er een verschuiving gaat plaatsvinden van eigen productie en verkoop van energie naar inkoop van energie. Daar ligt een puzzel voor netbeheerders. 'Er moet voldoende ruimte zijn op het elektriciteitsnet', zegt Larrivee. Tennet investeert volop Robert Kuik van netbeheerder Tennet wordt niet zenuwachtig van het verhaal van Larrivee. 'Er zijn nu vierhonderd projecten in Nederland', zegt hij. 'De komende tien jaar investeren we zo'n 13 miljard euro in het hoogspanningsnet, dus ik denk dat we goed zijn voorbereid op elektrificatie.' In Zuid-Holland wordt de komende jaren 100 miljoen euro geïnvesteerd. 'Dat is relatief weinig in verhouding tot die 13 miljard euro. Dat komt omdat we in 2009 al forse investeringen hebben gedaan in het versterken van het elektriciteitsnetwerk in deze regio. Precies daarom maak ik mij geen zorgen over de energietransitie in de tuinbouwregio's', licht Kuik toe. Maar om niet voor verrassingen te komen staan, is het volgens Kuik belangrijk dat tuinders en netbeheerders blijven samenwerken. 'We moeten elkaar opzoeken, in gesprek gaan en plannen ontvouwen. Dat is cruciaal om ervoor te zorgen dat het elektriciteitsnetwerk ook in de toekomst goed functioneert. De energietransitie is niet voor niets een gezamenlijk opgave.' Als geothermie goed van de grond komt, verwacht Jeroen Larrivee dat 80 procent van de belichte teelt hier in de toekomst op aangesloten is. Foto: Greenport West-Holland",Nieuwe Oogst,Nederland,city,Naaldwijk,naaldwijk,naaldwijk,city,"Naaldwijk, Westland, Zuid-Holland, Nederland",nominatim,geocode,51.9930016,4.2074197,POINT (4.2074197 51.9930016),,Westland,Zuid-Holland,sentences_points,0,,,PV28,GM1783,4.2074197,51.9930016
688e8fc411cb485b876af89ea2c6a6fd,354,146,"Leiden De provincie Zuid-Holland maakt bezwaar tegen de vergunningen die het ministerie van Economische Zaken heeft verleend voor het boren naar aardwarmte in de Leidse regio, de Duin- en Bollenstreek en het westelijk deel van de Rijn- en Veenstreek.",vergunningen,Negative,Negative,0.9539,[10],Leiden,city,Leiden,city,Bestanden (1500-1862).RTF,/Users/Yannick/dev/geothermal_text_mining/input_data/dutch/Bestanden (1500-1862).RTF,Leidsch Dagblad,12 November 2021,"Leiden De provincie Zuid-Holland maakt bezwaar tegen de vergunningen die het ministerie van Economische Zaken heeft verleend voor het boren naar aardwarmte in de Leidse regio, de Duin- en Bollenstreek en het westelijk deel van de Rijn- en Veenstreek. Het provinciebestuur is bang dat de diepe boringen het grondwater in gevaar brengen. Dat schrijven gedeputeerden Meindert Stolk en Jeanette Baljeu in een brief aan Provinciale Staten. Het ministerie heeft eind augustus vier vergunningen verleend voor deels overlappende gebieden in de regio. Twee concessies vallen voor een deel samen met een gebied dat een beschermde status heeft in verband met de winning van drinkwater uit grondwater. Voor de twee andere gebieden loopt er een aanvraag voor de aanwijzing als grondwaterbeschermingsgebied. Dat geldt onder andere voor het gebied tussen Valkenburg en Wassenaar, waar drinkwaterbedrijf Dunea onderzoek doet naar het gebruik van oppervlaktewater voor de productie van drinkwater. De grootste concessie is in handen van een samenwerkingsverband van Shell en D4. Dat laatste bedrijf is actief in alle vormen van groene energie en was ook betrokken bij de Warmterotonde. Het zoekgebied van het consortium beslaat grofweg de driehoek tussen Katwijk, De Zilk en het Braassemermeer, inclusief een strook voor de kust. Op zijn website spreekt het consortium de hoop uit dat het al over twee tot drie jaar mogelijk moet zijn om in dat gebied naar aardwarmte te boren. Verder valt er te lezen dat de winning van aardwarmte 'mits veilig en verantwoord' gedaan kan worden 'zonder impact op drinkwatervoorzieningen'. Bovendien, zo wordt gemeld, 'is het in Nederland niet toegestaan om in drinkwaterwingebieden naar aardwarmte te boren'. In hun brief aan Provinciale Staten schrijven de twee gedeputeerden dat het iets genuanceerder ligt. De Mijnbouwwet biedt het ministerie de mogelijkheid om het boren naar aardwarmte in drinkwatergebieden te verbieden, maar Economische Zaken heeft ervoor gekozen om geen gebruik te maken van die mogelijkheid. Wanneer het ministerie de bezwaren van de provincie naast zich neerlegt, biedt de Mijnbouwwet geen mogelijkheden voor hoger beroep. Dat betekent dus dat de provincie in dat geval geen mogelijkheid heeft om de zaak aan de rechter voor te leggen. Aardwarmte Op een diepte van 500 meter tot vier kilometer zit warm water in de aardbodem die kan worden gebruikt voor verwarming. Op dit moment wordt de methode nog vooral toegepast in kassen, maar er zijn plannen om de winning en het gebruik fors uit te breiden. Aardwarmte wordt algemeen gezien als een belangrijke toekomstige warmtebron. PDF-bestand van dit document",Leidsch Dagblad,Leiden,city,Leiden,leiden,leiden,city,"Leiden, Zuid-Holland, Nederland",nominatim,geocode,52.1594747,4.4908843,POINT (4.4908843 52.1594747),,Leiden,Zuid-Holland,sentences_points,0,,,PV28,GM0546,4.4908843,52.1594747
f326a40163144884ba8bd3bcf1886f4c,563,147,Linksom of rechtsom zitten deze twee gemeenten achteraan in een netwerk.,netwerk,Negative,Negative,0.9851,[10],Leiden,city,Leiden,city,Bestanden (500) (5).RTF,/Users/Yannick/dev/geothermal_text_mining/input_data/dutch/Bestanden (500) (5).RTF,Leidsch Dagblad,4 September 2023,"energie Regio in gesprek met Shell en Firan, de ontwikkeltak van Alliander De Leidse regio is in gesprek met Shell en Firan - de ontwikkeltak van Alliander - over de mogelijke aanleg van een pijpleiding voor het transport van aardwarmte van Noordwijk naar Leiden. Dat blijkt uit de meest recente voortgangsrapportage van de warmtetransitie in de Leidse regio. Leiden/Noordwijk De dertien gemeenten binnen de regio Holland Rijnland overleggen al jaren over een regionaal warmtenet dat niet afhankelijk is van fossiele brandstoffen. Een restwarmtepijp uit het Rotterdamse havengebied (Warmtelinq) is daarin voorzien als de vervanging van de gasgestookte Leidse stadsverwarming, maar die heeft amper meer capaciteit dan de huidige aansluitingen vragen. Het doel is een groot leidingennetwerk waarop allerhande andere warmtebronnen ook worden aangesloten, een open regionaal energiesysteem (ORES). Aardwarmte Uit de meest recente voortgangsrapportage van deze hele operatie in de Leidse subregio (Leiden, Katwijk, Oegstgeest, Leiderdorp, Zoeterwoude en Voorschoten) blijkt dat de gesprekken zijn begonnen voor een pijpleiding tussen Leiden en Noordwijk. In laatstgenoemde gemeente liggen de beste kansen voor het winnen van aardwarmte, waarop de hoop gevestigd is als tweede grootschalige warmtebron. Die is in eerste instantie nodig voor de directe omgeving daar, maar in de voortgangsrapportage staat dat het consortium Aardwarmte Rijnland (dat bestaat uit Shell, D4 en Firan) overweegt ook delen van de Leidse regio van deze warmte te voorzien. Rotterdam De mogelijkheid om de Noordwijkse pijpleiding rechtstreeks te koppelen aan de Rotterdamse (nabij A44-knooppunt Leiden) wordt daarbij nadrukkelijk genoemd en is onderwerp van gesprek. Over hoe het moet in Leiderdorp en Zoeterwoude worden scenario's uitgewerkt. Linksom of rechtsom zitten deze twee gemeenten achteraan in een netwerk. De scenario's moeten uitsluitsel bieden of het handig is het stadsverwarmingsnetwerk die kant op uit te breiden of juist een nieuwe, meer plaatselijke warmtebron te benutten en aan te sluiten op ORES. Alphen aan den Rijn In het onderzoek wordt ook Alphen aan den Rijn betrokken, want ook de warmtevraag daarvandaan speelt een rol. Leiderdorp en Zoeterwoude achteraan in een netwerk PDF-bestand van dit document",Leidsch Dagblad,Leiden,city,Leiden,leiden,leiden,city,"Leiden, Zuid-Holland, Nederland",nominatim,geocode,52.1594747,4.4908843,POINT (4.4908843 52.1594747),,Leiden,Zuid-Holland,sentences_points,0,,,PV28,GM0546,4.4908843,52.1594747
6de2d0a126d34b2da9b5c5947ef18d26,297,148,Maar daarbij worden ondiepere aardlagen doorboord waar zich belangrijke watervoorraden bevinden.,watervoorraden,Negative,Negative,0.9004,[9],Den Haag,city,Den Haag,city,Bestanden (1001-1500) (1).RTF,/Users/Yannick/dev/geothermal_text_mining/input_data/dutch/Bestanden (1001-1500) (1).RTF,Friesch Dagblad,18 June 2021,"Den Haag Het boren naar aardwarmte, ook wel geothermie genoemd, brengt risico's met zich mee voor de drinkwatervoorziening. Het kabinet doet te weinig om die risico's te ondervangen en dat is 'zorgwekkend', schrijft de Algemene Rekenkamer in een rapport. Aardwarmte speelt een belangrijke rol in de strijd tegen klimaatverandering. Warmtepompen, die warm en zout water oppompen van een diepte tot 2 à 3 kilometer, moeten op termijn gasgestookte warmtebronnen gaan vervangen. Maar daarbij worden ondiepere aardlagen doorboord waar zich belangrijke watervoorraden bevinden. Geothermiebuizen kunnen gaan roesten en daardoor ook gaan lekken. Daardoor kan zout water, dat bovendien vervuild is met chemicaliën, weglekken naar de zoetwaterlagen waaruit drinkwater wordt gewonnen. Ook kan verontreiniging zich sneller verspreiden. Link naar PDF",Friesch Dagblad,Friesland,city,Den Haag,den haag,den haag,city,"Den Haag, Zuid-Holland, Nederland",nominatim,geocode,52.0799838,4.3113461,POINT (4.3113461 52.0799838),,'s-Gravenhage,Zuid-Holland,sentences_points,0,,,PV28,GM0518,4.3113461,52.0799838
49fdfe7f711b475daf2a4dcec851a117,460,149,Maar gasverbranding kan wel het natuurgebied schaden. 'We hebben er geen belang bij dat dit project wordt stilgelegd.,gasverbranding,Negative,Negative,0.9962,[1],Den Haag,city,Den Haag,city,Bestanden (500) (6).RTF,/Users/Yannick/dev/geothermal_text_mining/input_data/dutch/Bestanden (500) (6).RTF,De Noordoostpolder,10 August 2022,"Den Haag Het bedrijf Hoogweg Aardwarmte is donderdag naar de Raad van State in Den Haag gestapt om zijn voortbestaan te redden. Dat stelde de advocaat van Hoogweg tijdens een spoedzitting bij de Raad. Ook de paprikakwekerijen van Hoogweg worden volgens de advocaat in hun voorbestaan bedreigd als het aardwarmteproject aan de Nieuwlandseweg wordt stilgelegd. De productie van aardwarmte gaat nu nog gewoon door ondanks de vernietiging van de daarvoor vereiste vergunning door de Zwolse rechtbank. 'Er is nu sprake van een illegale situatie', aldus de voorzieningenrechter van de Raad van State. Handhavers kunnen de productie gewoon stilleggen, maar er is tot nu toe niets gebeurd. Om dat voor te zijn heeft Hoogweg aan de Raad gevraagd om de vergunning voorlopig in stand te laten totdat de Raad de kwestie later dit jaar uitvoerig heeft onderzocht. In dat geval staan de handhavers namelijk met lege handen. Voor de Raad van State is het de vraag of er sprake is van een urgente situatie. Staatstoezicht op de mijnen zou hier moeten handhaven. Eventueel ook de provincie Flevoland. Ze zitten allebei stil. Maar volgens de advocaat van Hoogweg kan dit zomaar veranderen en dan zijn de rapen gaar. De aardwarmte kan dan niet meer geleverd worden aan de paprikakwekers en die moeten dan voor hun verwarming duur gas aankopen. Duurzame energie Een mogelijke reden waarom er nog niet is gehandhaafd kan zijn dat dit energieproject van Hoogweg duurzaam is en stikstofvrij warmte levert aan de kwekerijen. Volgens de advocaat van Hoogweg staat ook de provincie Flevoland achter dit energieproject waarbij warm water uit de ondergrond wordt opgepompt en benut door de kwekers. Toch zorgde de provincie Overijssel ervoor dat de vergunning van Hoogweg werd vernietigd. Overijssel komt namelijk op voor de bescherming van Natura 2000 gebied De Weerribben dat dichtbij ligt. Naast het warme water komt ook wat gas mee uit de ondergrond. Dat wordt ook benut door de kwekers. Maar gasverbranding kan wel het natuurgebied schaden. 'We hebben er geen belang bij dat dit project wordt stilgelegd. Maar dit is een principezaak die goed moet worden geregeld', aldus een woordvoerster van de provincie. De Raad doet volgende week uitspraak. Link naar PDF",De Noordoostpolder,,city,Den Haag,den haag,den haag,city,"Den Haag, Zuid-Holland, Nederland",nominatim,geocode,52.0799838,4.3113461,POINT (4.3113461 52.0799838),,'s-Gravenhage,Zuid-Holland,sentences_points,0,,,PV28,GM0518,4.3113461,52.0799838
1386e36d3ab9466291d42f3f386d2ea9,456,150,"Maar gasverbranding kan wel het natuurgebied schaden. ,,We hebben er geen belang bij dat dit project wordt stilgelegd.",gasverbranding,Negative,Negative,0.9963,[1],Hoogweg,site,Hoogweg,site,Bestanden (500) (6).RTF,/Users/Yannick/dev/geothermal_text_mining/input_data/dutch/Bestanden (500) (6).RTF,Steenwijker Courant,5 August 2022,"Ook de paprikakwekerijen van Hoogweg worden volgens de advocaat in hun voorbestaan bedreigd als het aardwarmteproject aan de Nieuwlandseweg wordt stilgelegd. De productie van aardwarmte gaat nu nog gewoon door ondanks de vernietiging van de daarvoor vereiste vergunning door de Zwolse rechtbank. ,,Er is nu sprake van een illegale situatie"", aldus de voorzieningenrechter van de Raad van State. Handhavers kunnen de productie gewoon stilleggen, maar er is tot nu toe niets gebeurd. Om dat voor te zijn heeft Hoogweg aan de Raad gevraagd om de vergunning voorlopig in stand te laten totdat de Raad de kwestie later dit jaar uitvoerig heeft onderzocht. In dat geval staan de handhavers namelijk met lege handen. Urgent of niet? Voor de Raad van State is het de vraag of er sprake is van een urgente situatie. Staatstoezicht op de mijnen zou hier moeten handhaven. Eventueel ook de provincie Flevoland. Ze zitten allebei stil. Maar volgens de advocaat van Hoogweg kan dit zomaar veranderen en dan zijn de rapen gaar. De aardwarmte kan dan niet meer geleverd worden aan de paprikakwekers en die moeten dan voor hun verwarming duur gas aankopen. Duurzame energie Een mogelijke reden waarom er nog niet is gehandhaafd kan zijn dat dit energieproject van Hoogweg duurzaam is en stikstofvrij warmte levert aan de kwekerijen. Volgens de advocaat van Hoogweg staat ook de provincie Flevoland achter dit energieproject waarbij warm water uit de ondergrond wordt opgepompt en benut door de kwekers. Toch zorgde de provincie Overijssel ervoor dat de vergunning van Hoogweg werd vernietigd. Overijssel komt namelijk op voor de bescherming van Natura 2000 gebied De Weerribben dat dichtbij ligt. Naast het warme water komt ook wat gas mee uit de ondergrond. Dat wordt ook benut door de kwekers. Maar gasverbranding kan wel het natuurgebied schaden. ,,We hebben er geen belang bij dat dit project wordt stilgelegd. Maar dit is een principezaak die goed moet worden geregeld"", aldus een woordvoerster van de provincie. De Raad doet binnen twee weken uitspraak. Link naar PDF",Steenwijker Courant,,site,Hoogweg,hoogweg,hoogweg,site,"Hoogweg, Noordwijkerhout, Noordwijk, Zuid-Holland, Nederland, 2211 XR, Nederland",nominatim,geocode,52.2449437,4.4624735,POINT (4.4624735 52.2449437),,Noordwijk,Zuid-Holland,sentences_points,0,,,PV28,GM0575,4.4624735,52.2449437
f31d1491f067417b917ac1a1873484ff,201,151,"Maar Oudshoorn stelt dat deze centrale veel debacles kent, waaronder een faillissement.",centrale,Negative,Negative,0.9962,[5],Den Haag,city,Den Haag,city,Bestanden (501-1000) (1).RTF,/Users/Yannick/dev/geothermal_text_mining/input_data/dutch/Bestanden (501-1000) (1).RTF,AD/Haagsche Courant,24 December 2020,"De ingebruikname van de geothermiecentrale aan de Leyweg volgende maand baart de grootste partij in Den Haag grote zorgen. Hart voor Den Haag is bang dat bewoners dadelijk in de kou komen te zitten. Ook is de partij bang voor gevaren van het winnen van aardwarmte in de stad. Raadslid René Oudshoorn wijst erop dat Den Haag al geen beste reputatie heeft op het gebied van innovatieve warmtewinning. Zo zitten bewoners die aangesloten zijn op de zeewaterwarmtecentrale in Scheveningen en de WKO-installaties in Transvaal en Spoorwijk regelmatig in de kou. De centrale gaat begin volgend jaar warmte leveren aan twaalfhonderd tot vijftienhonderd huishoudens. Later komen er nog veel meer bij. Op de centrale wordt heet water uit de diepe aardlagen naar boven gepompt, om vervolgens weer terug te worden gepompt in dezelfde aardlaag. Maar Oudshoorn stelt dat deze centrale veel debacles kent, waaronder een faillissement. De 2,5 kilometer diepe putten zijn ook nooit eerder in bedrijf geweest. Volgens Oudshoorn hebben dit soort buizen een korte levensduur. Dit zou ook blijken uit andere aardwarmteprojecten. Als er dan gaten ontstaan, zal er chemische vloeistof in het grondwater stromen met alle gevolgen van dien, aldus het raadslid. Ook wijst hij erop dat water dat van grote diepte wordt opgehaald vaak in meer of mindere mate radioactief is. Hij wil weten of dit risico is onderzocht. Hart voor Den Haag maakt zich ook zorgen over de veiligheid in de stad. ,,Zelfs de vergunningverlener (Staatstoezicht op de Mijnen, red.) waarschuwde onlangs dat geothermie niet zonder risico's is.'' Er is een kleine kans op bevingen. ,,Het is onbegrijpelijk, zeker gezien alle mislukte projecten die we hier al hebben gehad, dat er niet eerst op kleine schaal wordt getest maar dat meteen grote aantallen huishoudens als proefkonijnen op een dergelijke experimentele centrale worden aangesloten.'' De geothermiecentrale aan de Leyweg.",AD/Haagsche Courant,Den Haag,city,Den Haag,den haag,den haag,city,"Den Haag, Zuid-Holland, Nederland",nominatim,geocode,52.0799838,4.3113461,POINT (4.3113461 52.0799838),,'s-Gravenhage,Zuid-Holland,sentences_points,0,,,PV28,GM0518,4.3113461,52.0799838
02ce041a66c74edb88c3d339e8e23364,456,152,Maar volgens de advocaat van Hoogweg kan dit zomaar veranderen en dan zijn de rapen gaar.,rapen,Negative,Negative,0.9427,[14],Hoogweg,site,Hoogweg,site,Bestanden (500) (6).RTF,/Users/Yannick/dev/geothermal_text_mining/input_data/dutch/Bestanden (500) (6).RTF,Steenwijker Courant,5 August 2022,"Ook de paprikakwekerijen van Hoogweg worden volgens de advocaat in hun voorbestaan bedreigd als het aardwarmteproject aan de Nieuwlandseweg wordt stilgelegd. De productie van aardwarmte gaat nu nog gewoon door ondanks de vernietiging van de daarvoor vereiste vergunning door de Zwolse rechtbank. ,,Er is nu sprake van een illegale situatie"", aldus de voorzieningenrechter van de Raad van State. Handhavers kunnen de productie gewoon stilleggen, maar er is tot nu toe niets gebeurd. Om dat voor te zijn heeft Hoogweg aan de Raad gevraagd om de vergunning voorlopig in stand te laten totdat de Raad de kwestie later dit jaar uitvoerig heeft onderzocht. In dat geval staan de handhavers namelijk met lege handen. Urgent of niet? Voor de Raad van State is het de vraag of er sprake is van een urgente situatie. Staatstoezicht op de mijnen zou hier moeten handhaven. Eventueel ook de provincie Flevoland. Ze zitten allebei stil. Maar volgens de advocaat van Hoogweg kan dit zomaar veranderen en dan zijn de rapen gaar. De aardwarmte kan dan niet meer geleverd worden aan de paprikakwekers en die moeten dan voor hun verwarming duur gas aankopen. Duurzame energie Een mogelijke reden waarom er nog niet is gehandhaafd kan zijn dat dit energieproject van Hoogweg duurzaam is en stikstofvrij warmte levert aan de kwekerijen. Volgens de advocaat van Hoogweg staat ook de provincie Flevoland achter dit energieproject waarbij warm water uit de ondergrond wordt opgepompt en benut door de kwekers. Toch zorgde de provincie Overijssel ervoor dat de vergunning van Hoogweg werd vernietigd. Overijssel komt namelijk op voor de bescherming van Natura 2000 gebied De Weerribben dat dichtbij ligt. Naast het warme water komt ook wat gas mee uit de ondergrond. Dat wordt ook benut door de kwekers. Maar gasverbranding kan wel het natuurgebied schaden. ,,We hebben er geen belang bij dat dit project wordt stilgelegd. Maar dit is een principezaak die goed moet worden geregeld"", aldus een woordvoerster van de provincie. De Raad doet binnen twee weken uitspraak. Link naar PDF",Steenwijker Courant,,site,Hoogweg,hoogweg,hoogweg,site,"Hoogweg, Noordwijkerhout, Noordwijk, Zuid-Holland, Nederland, 2211 XR, Nederland",nominatim,geocode,52.2449437,4.4624735,POINT (4.4624735 52.2449437),,Noordwijk,Zuid-Holland,sentences_points,0,,,PV28,GM0575,4.4624735,52.2449437
07eb2b2d635240faaa0e83b86c89bc0f,580,153,Met behulp van aardwarmte en warmtepompen kan die warmte uit de bodem worden gehaald en benut.,aardwarmte,Positive,Positive,0.7583,[3],Berlijn,city,Berlijn,city,Bestanden (500) (5).RTF,/Users/Yannick/dev/geothermal_text_mining/input_data/dutch/Bestanden (500) (5).RTF,Friesch Dagblad,20 November 2023,"De grond- watertem- peratuur stijgt al tientallen jaren Alleen al in Berlijn zouden ondergrondse parkeergarages genoeg energie leveren aan het grondwater om 14.660 gezinnen van warmte te voorzien, stellen de onderzoekers in het tijdschrift Science of The Total Environment. Met behulp van aardwarmte en warmtepompen kan die warmte uit de bodem worden gehaald en benut. Het team mat de temperatuur in meer dan dertig ondergrondse parkeergarages in steden in Duitsland, Oostenrijk en Zwitserland. Daaruit blijkt dat de garages het grondwater het hele jaar door opwarmen. Het aantal auto's in de garage en de nabijheid van het grondwater spelen een belangrijke rol. Dieper gelegen ,,Openbare ondergrondse parkeergarages verwarmen het grondwater meer dan private garages, omdat ze vaak dieper zijn en de auto's er doorgaans korter parkeren"", zegt Maximilian Noethen, geowetenschapper aan de Martin Luther University Halle-Wittenberg. Volgens het team kunnen geothermische energie en warmtepompen helpen die overtollige warmte te benutten. ,,Dat zou ook als voordeel hebben dat er energie uit het grondwater wordt gehaald en dat het daardoor afkoelt"", zegt Noethen. De grondwatertemperatuur stijgt al tientallen jaren als gevolg van de opwarming van de aarde. In steden wordt dat nog verergerd door dichte bebouwing, verharding en gebrek aan planten en bomen. Omdat de organismen in het grondwater zijn aangepast aan constante temperaturen, kan ook de soortensamenstelling veranderen, en dat kan de kwaliteit van het grondwater aantasten. Het team berekende het potentieel voor 5040 ondergrondse parkeergarages in Berlijn. Omdat die zich vaak in de centrale wijken van de Duitse hoofdstad bevinden, in of nabij het grondwater, wordt daar bijzonder veel warmte aan het grondwater afgegeven: jaarlijks zo'n 0,65 petajoule. Daarmee zouden theoretisch zo'n 14.660 huizen van warmte kunnen worden voorzien. ,,Natuurlijk is warmte uit grondwater alleen niet voldoende om in de verwarmingsbehoeften van een stad als Berlijn of een land als Duitsland te voorzien. De temperatuur van het ondiepe grondwater is niet hoog genoeg om zonder warmtepomp warmte te leveren"", zegt professor Geowetenschappen Peter Bayer. ,,Maar we weten uit eerdere onderzoeken wel dat het potentieel voor geothermie veel verder gaat, en dat het in belangrijke mate kan bijdragen aan duurzame warmte."" Link naar PDF",Friesch Dagblad,Friesland,city,Berlijn,berlijn,berlijn,city,"Berlijnstraat, Lage Veld, Wateringse Veld, Escamp, Den Haag, Zuid-Holland, Nederland, 2548 BS, Nederland",nominatim,geocode,52.0224134,4.2925002,POINT (4.2925002 52.0224134),,'s-Gravenhage,Zuid-Holland,sentences_points,0,,,PV28,GM0518,4.2925002,52.0224134
0d7bbcf84be44bd8bd04023f615b22c3,196,154,Met dank aan de financiële crisis waren er op dat moment nauwelijks huizen om de Haagse aardwarmte op aan te sluiten.,huizen,Negative,Negative,0.9893,[12],Den Haag,city,Den Haag,city,Bestanden (501-1000) (1).RTF,/Users/Yannick/dev/geothermal_text_mining/input_data/dutch/Bestanden (501-1000) (1).RTF,AD/Haagsche Courant,21 December 2020,"Zou het? Echt? Wordt er in Den Haag Zuidwest straks werkelijk vanuit tweeduizend meter diepte aardwarmte opgepompt om duizenden Haagse woningen te gaan verwarmen? Vergeef de cynicus zijn argwaan. In 2012 werd de aardwarmtecentrale aan de Leyweg al groots geopend door kroonprins Willem Alexander in aanwezigheid van 175 genodigden. Wat niemand erbij zei, was dat het ding het helemaal niet deed. En ook helemaal niet zou gaan doen. Met dank aan de financiële crisis waren er op dat moment nauwelijks huizen om de Haagse aardwarmte op aan te sluiten. En alsof dat nog niet erg genoeg was, deed de lokale geothermiebron het door technische problemen ook niet. Het leidde een jaar later tot het faillissement van de aardwarmtecentrale in Zuidwest. De gemeente Den Haag en drie lokale woningbouwcorporaties raakten meer dan 10 miljoen euro kwijt aan het prestigeproject dat bij elkaar ruim 20 miljoen euro had gekost. Daarna stak den Haag nog eens anderhalf miljoen in de afhandeling van het faillissement. Zeven jaar later lijkt de doorstart dan toch te lukken. De nieuwe partijen profiteren van de bestaande boorputten en enkele duurzaamheidssubsidies. Om rendabel te kunnen draaien hadden ze anders dubbel zo veel woningen moeten aansluiten. mislukt",AD/Haagsche Courant,Den Haag,city,Den Haag,den haag,den haag,city,"Den Haag, Zuid-Holland, Nederland",nominatim,geocode,52.0799838,4.3113461,POINT (4.3113461 52.0799838),,'s-Gravenhage,Zuid-Holland,sentences_points,0,,,PV28,GM0518,4.3113461,52.0799838
7388814ea24a418fbc3bb72c0a452a87,158,155,Met de app kunnen ook mensen worden geïnformeerd die niet naar voren komen uit het bron- en contactonderzoek.,app,Negative,Negative,0.9924,[2],Den Haag,city,Den Haag,city,Bestanden (501-1000) (1).RTF,/Users/Yannick/dev/geothermal_text_mining/input_data/dutch/Bestanden (501-1000) (1).RTF,"De Posthoorn, Segbroek",14 October 2020,"Den Haag - De CoronaMelder-app is klaar en te installeren via de App Store en de Google Play Store. Hij stuurt een melding als je langer dan 15 minuten dicht bij iemand in de buurt bent geweest, die later het virus blijkt te hebben. CoronaMelder-app is voor iedereen beschikbaar Den Haag - Vanaf nu kan iedereen de CoronaMelder-app gebruiken. De app stuurt een melding als je langer dan 15 minuten dicht bij iemand in de buurt bent geweest, die later het coronavirus blijkt te hebben. Als je een melding hebt ontvangen, lees je in de app welke maatregelen je kan nemen en of je je kan laten testen. Zo weet je na een melding dat je meer kans hebt om besmet te zijn en kun je voorkomen dat je onbewust een ander besmet. Want je kunt het coronavirus al doorgeven, voordat je je ziek voelt. CoronaMelder is een aanvulling op het reguliere bron- en contactonderzoek van de GGD. Met de app kunnen ook mensen worden geïnformeerd die niet naar voren komen uit het bron- en contactonderzoek. De app weet niet wie of waar je bent. Ook geeft de app geen meldingen over actuele besmettingen in de buurt. De basisregels, zoals 1,5 meter afstand houden en vaak je handen wassen, blijven dus belangrijk! CoronaMelder is te vinden in de App Store en de Google Play Store. Het downloaden van de app is altijd vrijwillig. Hulp nodig bij het installeren? Veel bibliotheken kunnen hierbij helpen. Of bel de Helpdesk CoronaMelder op 0800-1280. Den Haag is eerste stad met warmte uit bodem Den Haag - Den Haag is de eerste stad in Nederland waar huizen verwarmd worden met schone warmte uit eigen bodem. Het ministerie van Economische Zaken heeft met een definitief besluit groen licht gegeven voor het winnen van aardwarmte in de centrale aan de Leyweg. Vanuit de bron op twee kilometer diepte wordt water van circa 78 graden opgepompt. Die warmte wordt overgezet en via het stadsverwarmingsnet krijgen woningen in stadsdeel Zuidwest verwarming en warm kraanwater. Zo kan aan de eerste 1200 huizen aardwarmte (geothermie) worden geleverd. Deze is schoon en duurzaam. De gemeente heeft via het Energiefonds Den Haag een deel van de financiering beschikbaar gesteld voor deze bron. Wethouder Liesbeth van Tongeren (Duurzaamheid en Energietransitie) is trots. ""Hiermee laten we zien dat het kan: in een dichtbevolkte stad als Den Haag schone warmte uit eigen bron gebruiken.” Een definitief besluit voor winning van aardwarmte, zoals bij de centrale aan de Leyweg, wordt niet zomaar genomen. Er moet aan strenge veiligheidseisen worden voldaan. Hiervoor is het ministerie te rade gegaan bij verschillende organisaties als TNO, de Mijnraad, de Omgevingsdienst Haaglanden, Provincie Zuid-Holland en Hoogheemraadschap Delfland.","De Posthoorn, Segbroek",,city,Den Haag,den haag,den haag,city,"Den Haag, Zuid-Holland, Nederland",nominatim,geocode,52.0799838,4.3113461,POINT (4.3113461 52.0799838),,'s-Gravenhage,Zuid-Holland,sentences_points,0,,,PV28,GM0518,4.3113461,52.0799838
d0f5c0fdaba8400e9dfa243fc1a17fff,304,156,Met geothermie zouden tienduizenden huizen te verwarmen zijn.,geothermie,Positive,Positive,0.8657,[1],Rotterdam,city,Rotterdam,city,Bestanden (1001-1500) (1).RTF,/Users/Yannick/dev/geothermal_text_mining/input_data/dutch/Bestanden (1001-1500) (1).RTF,AD/Rotterdams Dagblad,6 July 2021,"De plannen met aardwarmte in de Rotterdamse regio staan op losse schroeven. Subsidie waarop de boorbedrijven rekenden, gaat aan hun neus voorbij. Het CO2-project van de olieraffinaderijen in de haven heeft het geld voor milieuprojecten weggekaapt. Met geothermie zouden tienduizenden huizen te verwarmen zijn. De gemeenten op Voorne-Putten en in het Westland zien toekomst in warmte uit de diepte van de aarde, omdat die te combineren is met restwarmte van de naburige industrie uit de Rotterdamse haven. Alleen zijn de bedrijven die naar aardwarmte willen boren bij het verdelen van milieusubsidies stuk voor stuk buiten de boot gevallen. Energiebedrijf Engie wijst naar het CO2-afvangproject Porthos van de olieraffinaderijen in de Rotterdamse haven dat twee miljard euro toegezegd heeft gekregen. Daardoor blijft weinig meer over voor andere initiatieven. Engie heeft een brandbrief naar staatssecretaris Dilan YeÅŸilgöz-Zegerius (Economische zaken en klimaat, VVD) gestuurd. De brief is mede-ondertekend door bestuursvoorzitter Tim van der Hagen van de TU Delft en de Delftse burgemeester Marja van Bijsterveldt, omdat een Delfts onderzoekproject naar deze energiebron nu ook niet door dreigt gaan. Juist dat onderzoek is belangrijk voor de toekomst van aardwarmte, zegt een woordvoerder van Engie. De techniek rond geothermie staat nog in de kinderschoenen. In theorie zit zat warmte in de bodem. Alleen zijn de kosten nog hoog. Ook is er risico op vervulling: het oppompen gebeurt met een gesloten systeem, maar als dat lekt kan zout water van twee kilometer diepte in het grond- en drinkwater belanden. De bedrijven Huisman Geo en Yeager die ook in de Rotterdamse regio willen boren, denken pas op z'n vroegst volgend jaar aan de gang te kunnen en hebben hun hoop gevestigd op de nieuwe SDE++-subsidierondes die dan zijn.",AD/Rotterdams Dagblad,Rotterdam,city,Rotterdam,rotterdam,rotterdam,city,"Rotterdam, Zuid-Holland, Nederland",nominatim,geocode,51.9244424,4.47775,POINT (4.47775 51.9244424),,Rotterdam,Zuid-Holland,sentences_points,0,,,PV28,GM0599,4.47775,51.9244424
7a05513249af4c919a935d2e14329250,341,157,"Met twee geothermiebronnen op 2,3 kilometer diepte en een 4 kilometer onderzoeksboring is Trias Westland volgens hen de springplank naar het Warmtesysteem Westland.",geothermiebronnen,Positive,Positive,0.987,[2],Naaldwijk,site,Naaldwijk,site,Bestanden (1500-1862).RTF,/Users/Yannick/dev/geothermal_text_mining/input_data/dutch/Bestanden (1500-1862).RTF,Nieuwe Oogst,16 October 2021,"Helft Leader-budget Zuid-Holland - Van de in totaal 2 miljoen euro die dit en volgend jaar in Zuid-Holland beschikbaar is voor Leader-projecten, is nog de helft beschikbaar. Leader is onderdeel van het Europese plattelandsontwikkelingsprogramma POP3 en moet bijdragen aan vitale landbouw en betere verbinding tussen stad en platteland. Deze maand kreeg een melkveehouder uit Woerdense Verlaat de subsidie uitgereikt voor de realisatie van vier hooiberghutten van biobased bouwmaterialen waarin gasten kunnen logeren. Utrecht niet-ontvankelijk in zaak tegen opsporen gas Utrecht - Provincie Utrecht is niet-ontvankelijk verklaard in de bezwaarprocedure tegen de verlenging van de vergunning voor het opsporen van olie en gas. De provincie en de dertien gemeenten waarmee samen het bezwaar is ingediend, worden niet als belanghebbenden gezien. Zij gaan in beroep, want zij vinden nieuwe aardgaswinning niet passen bij de provinciale ambitie om de warmtevraag in 2040 volledig duurzaam in te vullen en het besluit over verlenging onvoldoende onderbouwd. Ingebruikname Trias Naaldwijk - Secretaris-generaal van LNV Jan-Kees Goet en directeur-generaal van EZK Sandor Gaastra hebben woensdag samen met telers de ingebruikname van Trias Westland in Naaldwijk bekrachtigd. Met twee geothermiebronnen op 2,3 kilometer diepte en een 4 kilometer onderzoeksboring is Trias Westland volgens hen de springplank naar het Warmtesysteem Westland. Een groot deel van dit warmtenet fungeert als hoofdleiding binnen Warmtesysteem Westland. 6 ton voor ontwikkeling Noord-Holland - Provincie Noord-Holland heeft ruim 3 ton gereserveerd voor plattelandsontwikkeling in de Kop van Noord-Holland. De Europese Unie stelt eenzelfde bedrag beschikbaar. Organisaties, ondernemers en gemeenten in de Kop van Noord-Holland kunnen van 6 december 2021 tot en met 10 februari 2022 een subsidieaanvraag indienen bij Leader. De afgelopen periode is een bijdrage geleverd aan onder meer Beleefcentrum Duurzame Energie Leven van de Wind in Wieringerwerf en Natuurcentrum De Marel bij Waalenburg op Texel.",Nieuwe Oogst,Nederland,site,Naaldwijk,naaldwijk,naaldwijk,site,"Naaldwijk, Westland, Zuid-Holland, Nederland",nominatim,geocode,51.9930016,4.2074197,POINT (4.2074197 51.9930016),,Westland,Zuid-Holland,sentences_points,0,,,PV28,GM1783,4.2074197,51.9930016
886fcbbdd7de4a8a89354b11386884b3,25,158,Met uitzondering van dunbevolkte gebieden werd binnen tien jaar heel Nederland aangesloten op het aardgasnet.,aardgasnet,Positive,Positive,0.8238,[14],Gouda,city,Gouda,city,Bestanden (1-500) (1).RTF,/Users/Yannick/dev/geothermal_text_mining/input_data/dutch/Bestanden (1-500) (1).RTF,AD/Groene Hart,15 February 2020,"Column Ja hoor, daar gaat mijn gasfornuis! Gouda wil in 2040 aardgasvrij zijn. Dat is goed te doen. Bedenk hoe de wereld er twee decennia geleden uitzag. De aanslagen op New York hadden nog niet plaatsgevonden, ouderen gingen met de VUT en klimaatverandering stond nergens op de politieke agenda. In twintig jaar kun je bergen verzetten. De energietransitie in de jaren 60 ging sneller. Met uitzondering van dunbevolkte gebieden werd binnen tien jaar heel Nederland aangesloten op het aardgasnet. Van aardschokken wisten we niets, iedereen was verrukt over de gasbel van Slochteren. Ik ook. Als oudste kind in het gezin zorgde ik voor het vullen van de kolenkitten. In ons flatgebouw in Gouda-noord stortte de kolenboer ieder najaar een paar mud antraciet in de berging. In het stoffig halfduister schepte ik dagelijks twee kitten vol en sjouwde ze de trappen op naar tweehoog. Dat vieze karwei was op slag voorbij. Er zal best door een enkeling nostalgisch zijn gemijmerd over de teloorgang van vlammende steenkooltjes, maar bij ons thuis werden de gevelkachels in de slaapkamers met gejuich begroet. Het waren de koudste winters van de eeuw. Van het aardgas àf is ingewikkelder. Niet iedereen beschouwt de overgang naar energie uit zon, wind en water als vooruitgang. De verhitte debatten tussen 'klimaatgekkies' en klimaatontkenners (wie zijn eigenlijk de gekkies?) hebben vooral met geld te maken. Destijds was de transitie voor iedereen gratis en hetzelfde. Nu zijn er verschillende opties met behoorlijke prijskaartjes. Des te beter dat de plaatselijke overheid het voortouw neemt naar aardgasvrij en CO2-neutraal. Nieuwe energie is te belangrijk om over te laten aan incidentele burgerinitiatieven of de markt. In de schouwburg is maandag een inspiratieavond met als motto 'Beleef de actie'. Voor onze buurt wordt gedacht aan geothermie als energiebron. Ik zou kunnen treuren over mijn straks overbodige gasfornuis. Maar de opluchting dat er kansrijke alternatieven zijn om de toekomst veilig te stellen, is groter. Iedereen was verrukt over de gasbel van Slochteren. Ik ook",AD/Groene Hart,Zuid-Holland,city,Gouda,gouda,gouda,city,"Gouda, Zuid-Holland, Nederland",nominatim,geocode,52.0114922,4.7106094,POINT (4.7106094 52.0114922),,Gouda,Zuid-Holland,sentences_points,0,,,PV28,GM0513,4.7106094,52.0114922
1cfb80b50b344c71ba3df110eeabbd65,668,159,"Mooi en Duurzaam Gorinchem komt met alternatief Hij heeft dat alternatief niet alleen bedacht,",Gorinchem,Positive,Positive,0.9948,[3],Gorinchem,city,Gorinchem,city,1-500.RTF,/Users/Yannick/dev/geothermal_text_mining/input_data/dutch/1-500.RTF,AD/Rivierenland,12 December 2024,"Mooi en Duurzaam Gorinchem komt met alternatief Hij heeft dat alternatief niet alleen bedacht, maar deed een beroep op deskundigen van Pondera, een bureau dat onderzoek doet en advies biedt op het gebied van schone energie. Daarnaast mobiliseerde hij nog enkele regiobewoners: ingenieurs en innovatiemanagers die verstand van zaken hebben als het om de energietransitie gaat. Hun eerste bevindingen zijn inmiddels naar Gorcumse gemeenteraadsleden gestuurd. Stichting Mooi en Duurzaam Gorinchem is ontstaan doordat tegenstanders van windturbines op Avelingen, onder wie ondernemers en inwoners, zich verenigden. Onder invloed van die weerstand besloot Gorinchem om het gebied nabij de Merwedebrug te schrappen als zoeklocatie voor windenergie. De provincie Zuid-Holland houdt die optie open wanneer Gorinchem en Molenlanden hun belofte voor groene energie niet kunnen inlossen. De stichting blijft tegenargumenten geven om deze niet te plaatsen, onder meer als het gaat om de gezondheid van omwonenden. En nu komt Mooi en Duurzaam Gorinchem met een alternatieve energiebron. Huizen ,,Het is gemakkelijk om te zeggen: Niet doen! Maar wij willen wel een alternatief bieden én dat ligt naar onze mening in aardwarmte'', zegt voorman Peter Verschoor. Met aardwarmte - warm water dat uit de bodem wordt opgepompt - kunnen huizen via een gesloten systeem worden verwarmd. Het afgekoelde water gaat terug de diepte van de aarde in waar het opnieuw wordt opgewarmd. ,,Dit gebeurt al op meerdere plekken in ons land: dat zou ook in Gorinchem moeten kunnen.'' Voor die verkenning kwamen medio september deskundigen, ondernemers en een Statenlid bijeen bij Damen Shipyards, dat zelf ook zoekt naar duurzame energiebronnen. ,,Dit was in eerste instantie bedoeld als kennisuitwisseling rond technologische innovaties, ontwikkelingen en pilots op het gebied van duurzame energie. We willen allemaal op de een of andere manier willen investeren in een duurzame toekomst.'' Al tijdens die bijeenkomst lieten deskundigen van Pondera doorschemeren dat de regio Alblasserwaard-Vijfheerenlanden potentie heeft voor aardwarmtewinning. ,,Er liggen pockets met water onder onze voeten die qua temperatuur, diepte en volume geschikt zijn voor geothermie. De voorlopige voorzichtige conclusie is dat dit een aantrekkelijke optie is die nader onderzoek vraagt. Het voordeel van aardwarmte is dat dit de klok rond beschikbaar is, in tegenstelling tot zonne- en windenergie'', zegt Verschoor. Stichting Mooi en Duurzaam Gorinchem en haar deskundigen staan niet alleen in hun conclusie dat aardwarmte een alternatief kan zijn voor fossiele brandstoffen. Energie Beheer Nederland, dat namens de staat betrokken is bij energiewinning, concludeerde najaar 2020 al na eigen onderzoek dat ruim een kwart van de Nederlandse woningen in de toekomst verwarmd zou kunnen worden met warmte uit de aardbodem. Zelfs Gorinchem deed zo'n vijftien jaar geleden onderzoek naar geothermie. Dat liep spaak omdat de gemeente zelf geen geld had om proefboringen te laten uitvoeren. Energiemaatschappijen die werden benaderd, hadden geen interesse om te investeren. ,,In het hele land zijn proef- boringen. Als je als gemeente weet dat er kansen liggen, waarom onderzoek je die niet alsnog?'', aldus Verschoor. Dit gebeurt al op meerdere plekken in ons land: dat zou ook in Gorinchem moeten kunnen Peter Verschoor",AD/Rivierenland,Rivierenland (Gelderland),city,Gorinchem,gorinchem,gorinchem,city,"Gorinchem, Zuid-Holland, Nederland",nominatim,geocode,51.8296133,4.9738743,POINT (4.9738743 51.8296133),,Gorinchem,Zuid-Holland,sentences_points,0,,,PV28,GM0512,4.9738743,51.8296133
55be8dddd231404d87f130a91fb864e1,269,160,"Na twee jaar was dat besluit er nog niet, terwijl CLG elke dag 8.000 euro kwijt was om de installatie te onderhouden.",besluit,Negative,Negative,0.9792,[5],Maastricht,city,Maastricht,city,Bestanden (1001-1500) (1).RTF,/Users/Yannick/dev/geothermal_text_mining/input_data/dutch/Bestanden (1001-1500) (1).RTF,De Limburger,1 May 2021,"Dat zegt curator Jos Bloo. De naam wil hij nog niet noemen, omdat nog geen akkoord is bereikt. Hij verwacht binnen twee maanden duidelijkheid. Directeur Lodewijk Burghout van het bedrijf dat het kassengebied ontwikkelt, en die samen met drie tuinders aandeelhouder van CLG was, is verrast. ,,Ik heb geen informatie dat de minister van Economische Zaken ineens anders over de winning van aardwarmte in dit gebied denkt."" CLG startte in 2017 met de winning van water uit diepe aardlagen voor het verwarmen van kassen. In 2018 werd de winning stilgelegd na lichte aardbevingen, waarna geen druppel meer werd opgepompt. Volgens SodM, de toezichthouder op aardwarmteprojecten namens het ministerie van EZ, slaagde CLG er daarna niet in om aan te tonen dat de productie veilig kon worden hervat. Het was echter aan de minister om daarover een besluit te nemen. Na twee jaar was dat besluit er nog niet, terwijl CLG elke dag 8.000 euro kwijt was om de installatie te onderhouden. Eind vorig jaar waren de verliezen zo hoog opgelopen dat CLG het faillissement aanvroeg. Curator Bloo geeft te kennen dat hij overleg voert met de provincie over de overname van het aardwarmteproject. Een woordvoerster van de provincie bevestigt dat. Zij benadrukt dat Maastricht ,,het belang van geothermie groot acht en zich, binnen haar mogelijkheden, inspant om dit mogelijk te maken"". Zo liet de provincie zelf onderzoek doen naar de risico's van aardwarmte om de besluitvorming van het ministerie positief te beïnvloeden. Het onderzoek is afgerond, maar nog niet openbaar, aldus de woordvoerster. De curator wijst erop dat de naburige, Duitse gemeente Straelen van plan is een project op te zetten om aardwarmte te winnen uit dezelfde aardlagen als vanwaaruit CLG dat deed. Bloo: ,,Dat geeft toch te denken."" Volgens SodM komt het ministerie nog met een besluit over de winning van aardwarmte in Californië, ook al is CLG al lang failliet. PDF-bestand van dit document",De Limburger,Limburg,city,Maastricht,maastricht,maastricht,city,"Maastricht, Limburg, Nederland",nominatim,geocode,50.8579855,5.6969882,POINT (5.6969882 50.8579855),,Maastricht,Limburg,sentences_points,1,Governance,besluit,PV31,GM0935,5.6969882,50.8579855
bb0874bf5ff64cc789c9c10780567e0c,775,161,Naast de heropleving van The Grand krijgt ook de omgeving rond het project een extra boost.,omgeving,Positive,Positive,0.9944,[9],Nieuwpoort,city,Nieuwpoort,city,Bestanden (500) (4).RTF,/Users/Yannick/dev/geothermal_text_mining/input_data/dutch/Bestanden (500) (4).RTF,De Krant van West-Vlaanderen,,"NIEUWPOORT - Exact 100 jaar na de bouw van het Grand Hotel, zal het iconische gebouw weer uit zijn as verrijzen. Het nieuwe prestigeproject wordt dé blikvanger van Nieuwpoort en zal verschillende functies vervullen. De nieuwe syndicus van The Grand is Wim Demeester van Immo Group-S. ""Het doel is om een gezond evenwicht te creëren tussen oude en nieuwe architectuur zodat het gebouw weer de status krijgt dat het verdient"", zegt hij. Circulair conceptBelevingsplein The Grand krijgt verschillende functies. Zo biedt het complex plaats aan 70 appartementen met verschillende oppervlaktes. Daarnaast is het gebouw ook toegankelijk voor het brede publiek. De iconische bar en het restaurant aan de kant van de zeedijk worden volledig gerenoveerd. Aan de kant van de Albert I-laan is dan weer ruimte voorzien voor ruime handelspanden. ""De veelzijdigheid van The Grand zorgt ervoor dat iedereen weer ten volle van deze historisch parel kan genieten"", aldus Wim Demeester. In het circulaire concept van The Grand wordt gebruikgemaakt van moderne en duurzame technieken zoals geothermie, zonnepanelen en maximale terugwinning van de geproduceerde warmte. Zo wordt het verbruik tot een absoluut minimum beperkt. Daarbovenop zal het gebouw zonder fossiele brandstoffen gekoeld en verwarmd worden. Daardoor genieten alle appartementen van een ideale winter- én zomertemperatuur. ""De duurzame en ecologische technieken zijn een voorbeeld van hoe je historische en iconische gebouwen een tweede leven kunt geven"", vertelt de nieuwe syndicus Wim Demeester. Naast de heropleving van The Grand krijgt ook de omgeving rond het project een extra boost. Zo krijgt eveneens het Hendrikaplein een nieuw leven. De bovengrondse parking zal een belevingsplein worden waarop kinderen zich kunnen uitleven, bezoekers even kunnen uitrusten en evenementen kunnen worden georganiseerd. The Grand en de omgeving daarrond worden dé trekpleister van Nieuwpoort-Bad. ""Het is natuurlijk een hele eer om syndicus van dit prestigeproject te mogen zijn"", besluit Wim Demeester. ""Ik ben ervan overtuigd dat dit Nieuwpoort een extra boost zal geven."" (PG)",De Krant van West-Vlaanderen,,city,Nieuwpoort,nieuwpoort,nieuwpoort,city,"Nieuwpoort, Molenlanden, Zuid-Holland, Nederland",nominatim,geocode,51.9353893,4.868505,POINT (4.868505 51.9353893),,Molenlanden,Zuid-Holland,sentences_points,0,,,PV28,GM1978,4.868505,51.9353893
1b6c81112a3441279a7662d528c88a5a,456,162,Naast het warme water komt ook wat gas mee uit de ondergrond.,water,Negative,Negative,0.8329,[3],Hoogweg,site,Hoogweg,site,Bestanden (500) (6).RTF,/Users/Yannick/dev/geothermal_text_mining/input_data/dutch/Bestanden (500) (6).RTF,Steenwijker Courant,5 August 2022,"Ook de paprikakwekerijen van Hoogweg worden volgens de advocaat in hun voorbestaan bedreigd als het aardwarmteproject aan de Nieuwlandseweg wordt stilgelegd. De productie van aardwarmte gaat nu nog gewoon door ondanks de vernietiging van de daarvoor vereiste vergunning door de Zwolse rechtbank. ,,Er is nu sprake van een illegale situatie"", aldus de voorzieningenrechter van de Raad van State. Handhavers kunnen de productie gewoon stilleggen, maar er is tot nu toe niets gebeurd. Om dat voor te zijn heeft Hoogweg aan de Raad gevraagd om de vergunning voorlopig in stand te laten totdat de Raad de kwestie later dit jaar uitvoerig heeft onderzocht. In dat geval staan de handhavers namelijk met lege handen. Urgent of niet? Voor de Raad van State is het de vraag of er sprake is van een urgente situatie. Staatstoezicht op de mijnen zou hier moeten handhaven. Eventueel ook de provincie Flevoland. Ze zitten allebei stil. Maar volgens de advocaat van Hoogweg kan dit zomaar veranderen en dan zijn de rapen gaar. De aardwarmte kan dan niet meer geleverd worden aan de paprikakwekers en die moeten dan voor hun verwarming duur gas aankopen. Duurzame energie Een mogelijke reden waarom er nog niet is gehandhaafd kan zijn dat dit energieproject van Hoogweg duurzaam is en stikstofvrij warmte levert aan de kwekerijen. Volgens de advocaat van Hoogweg staat ook de provincie Flevoland achter dit energieproject waarbij warm water uit de ondergrond wordt opgepompt en benut door de kwekers. Toch zorgde de provincie Overijssel ervoor dat de vergunning van Hoogweg werd vernietigd. Overijssel komt namelijk op voor de bescherming van Natura 2000 gebied De Weerribben dat dichtbij ligt. Naast het warme water komt ook wat gas mee uit de ondergrond. Dat wordt ook benut door de kwekers. Maar gasverbranding kan wel het natuurgebied schaden. ,,We hebben er geen belang bij dat dit project wordt stilgelegd. Maar dit is een principezaak die goed moet worden geregeld"", aldus een woordvoerster van de provincie. De Raad doet binnen twee weken uitspraak. Link naar PDF",Steenwijker Courant,,site,Hoogweg,hoogweg,hoogweg,site,"Hoogweg, Noordwijkerhout, Noordwijk, Zuid-Holland, Nederland, 2211 XR, Nederland",nominatim,geocode,52.2449437,4.4624735,POINT (4.4624735 52.2449437),,Noordwijk,Zuid-Holland,sentences_points,0,,,PV28,GM0575,4.4624735,52.2449437
8dd547c1590d4d849b3c1846ef23084d,25,163,Nieuwe energie is te belangrijk om over te laten aan incidentele burgerinitiatieven of de markt.,Nieuwe energie,Negative,Negative,0.8766,"[0, 1]",Gouda,city,Gouda,city,Bestanden (1-500) (1).RTF,/Users/Yannick/dev/geothermal_text_mining/input_data/dutch/Bestanden (1-500) (1).RTF,AD/Groene Hart,15 February 2020,"Column Ja hoor, daar gaat mijn gasfornuis! Gouda wil in 2040 aardgasvrij zijn. Dat is goed te doen. Bedenk hoe de wereld er twee decennia geleden uitzag. De aanslagen op New York hadden nog niet plaatsgevonden, ouderen gingen met de VUT en klimaatverandering stond nergens op de politieke agenda. In twintig jaar kun je bergen verzetten. De energietransitie in de jaren 60 ging sneller. Met uitzondering van dunbevolkte gebieden werd binnen tien jaar heel Nederland aangesloten op het aardgasnet. Van aardschokken wisten we niets, iedereen was verrukt over de gasbel van Slochteren. Ik ook. Als oudste kind in het gezin zorgde ik voor het vullen van de kolenkitten. In ons flatgebouw in Gouda-noord stortte de kolenboer ieder najaar een paar mud antraciet in de berging. In het stoffig halfduister schepte ik dagelijks twee kitten vol en sjouwde ze de trappen op naar tweehoog. Dat vieze karwei was op slag voorbij. Er zal best door een enkeling nostalgisch zijn gemijmerd over de teloorgang van vlammende steenkooltjes, maar bij ons thuis werden de gevelkachels in de slaapkamers met gejuich begroet. Het waren de koudste winters van de eeuw. Van het aardgas àf is ingewikkelder. Niet iedereen beschouwt de overgang naar energie uit zon, wind en water als vooruitgang. De verhitte debatten tussen 'klimaatgekkies' en klimaatontkenners (wie zijn eigenlijk de gekkies?) hebben vooral met geld te maken. Destijds was de transitie voor iedereen gratis en hetzelfde. Nu zijn er verschillende opties met behoorlijke prijskaartjes. Des te beter dat de plaatselijke overheid het voortouw neemt naar aardgasvrij en CO2-neutraal. Nieuwe energie is te belangrijk om over te laten aan incidentele burgerinitiatieven of de markt. In de schouwburg is maandag een inspiratieavond met als motto 'Beleef de actie'. Voor onze buurt wordt gedacht aan geothermie als energiebron. Ik zou kunnen treuren over mijn straks overbodige gasfornuis. Maar de opluchting dat er kansrijke alternatieven zijn om de toekomst veilig te stellen, is groter. Iedereen was verrukt over de gasbel van Slochteren. Ik ook",AD/Groene Hart,Zuid-Holland,city,Gouda,gouda,gouda,city,"Gouda, Zuid-Holland, Nederland",nominatim,geocode,52.0114922,4.7106094,POINT (4.7106094 52.0114922),,Gouda,Zuid-Holland,sentences_points,0,,,PV28,GM0513,4.7106094,52.0114922
798a280081a440e0a6318ae87f90d4c2,785,164,"Nu de winter in aantocht is en de temperatuur daalt, zitten nogal wat schoolbestuurders en directies met de handen in het haar.",schoolbestuurders,Negative,Negative,0.9945,[14],Brugge,city,Brugge,city,Bestanden (500) (6).RTF,/Users/Yannick/dev/geothermal_text_mining/input_data/dutch/Bestanden (500) (6).RTF,De Krant van West-Vlaanderen,,"BRUGGE - Nu de winter in aantocht is en de temperatuur daalt, zitten nogal wat schoolbestuurders en directies met de handen in het haar. Fleecedekens doen hun intrede en de temperatuur gaat in zo goed als alle scholen minstens één graad naar omlaag. Lessen trekken ""De situatie in onze scholen is zeker niet dramatisch, maar we houden het verbruik goed in de gaten"", geeft Miek Kemel, algemeen directeur van scholengroep SKOBO eerlijk toe. ""We hanteren geen algemene regels om het energieverbruik binnen de perken te houden, want in elke school is de situatie anders. In onze nieuwe vestiging van het VTI in de Vaartdijkstraat houden we de temperatuur in alle lokalen op peil met geothermie, een innovatieve verwarmingstechniek waarbij de aardwarmte gebruikt wordt om de lokalen te verwarmen."" Technisch adviseur coördinator Ludo Falin heeft zich verdiept in de materie en was bij de bouw van de nieuwe school heel vaak aanwezig toen het buizensysteem via een verticale grondboring in de bodem gebracht werd. ""Er zitten onder het gebouw 138 buizen tot 150 meter diep. Hiermee wordt water opgepompt dat een temperatuur heeft van om en bij 12 graden. Via een systeem van compressoren wordt het water samengedrukt, waardoor het opwarmt en gebruikt wordt om alle lokalen te verwarmen. Het was niet eenvoudig om bij de bouw van de nieuwe school voldoende budgetten vrij te maken voor het project. Toen wisten we nog niet dat de prijs van gas en elektriciteit zo sterk zou stijgen, maar nu halen we een heel hoog rendement tegen een lage kostprijs. We betalen amper 0,54 euro per maand om één vierkante meter van het gebouw te verwarmen. Dat komt overeen met een gemiddelde van ongeveer 315 euro per dag voor elektriciteit en verwarming, wat zeer weinig is voor een gebouw van deze omvang. Zonder geothermie zou de kostprijs een stuk hoger liggen."" Algemeen directeur Miek Kemel is helemaal gewonnen voor deze innovatieve verwarmingstechniek. ""We hebben lessen getrokken uit onze positieve ervaring met geothermie in deze nieuwe campus van het VTI. Het is momenteel de enige school in Vlaanderen die op deze manier verwarmd wordt. Overal waar het kan, zullen we bij de realisatie van nieuwbouwprojecten voor de scholengroep deze verwarmingstechniek toepassen"", aldus de directeur. (PDC)",De Krant van West-Vlaanderen,,city,Brugge,brugge,brugge,city,"Brugge, Vaanpark I, Carnisselande, Barendrecht, Zuid-Holland, Nederland, 2993 LB, Nederland",nominatim,geocode,51.8464409,4.509113,POINT (4.509113 51.8464409),,Barendrecht,Zuid-Holland,sentences_points,0,,,PV28,GM0489,4.509113,51.8464409
b585554000964072948421f0c496758b,25,165,Nu zijn er verschillende opties met behoorlijke prijskaartjes.,prijskaartjes,Positive,Positive,0.7929,[7],Gouda,city,Gouda,city,Bestanden (1-500) (1).RTF,/Users/Yannick/dev/geothermal_text_mining/input_data/dutch/Bestanden (1-500) (1).RTF,AD/Groene Hart,15 February 2020,"Column Ja hoor, daar gaat mijn gasfornuis! Gouda wil in 2040 aardgasvrij zijn. Dat is goed te doen. Bedenk hoe de wereld er twee decennia geleden uitzag. De aanslagen op New York hadden nog niet plaatsgevonden, ouderen gingen met de VUT en klimaatverandering stond nergens op de politieke agenda. In twintig jaar kun je bergen verzetten. De energietransitie in de jaren 60 ging sneller. Met uitzondering van dunbevolkte gebieden werd binnen tien jaar heel Nederland aangesloten op het aardgasnet. Van aardschokken wisten we niets, iedereen was verrukt over de gasbel van Slochteren. Ik ook. Als oudste kind in het gezin zorgde ik voor het vullen van de kolenkitten. In ons flatgebouw in Gouda-noord stortte de kolenboer ieder najaar een paar mud antraciet in de berging. In het stoffig halfduister schepte ik dagelijks twee kitten vol en sjouwde ze de trappen op naar tweehoog. Dat vieze karwei was op slag voorbij. Er zal best door een enkeling nostalgisch zijn gemijmerd over de teloorgang van vlammende steenkooltjes, maar bij ons thuis werden de gevelkachels in de slaapkamers met gejuich begroet. Het waren de koudste winters van de eeuw. Van het aardgas àf is ingewikkelder. Niet iedereen beschouwt de overgang naar energie uit zon, wind en water als vooruitgang. De verhitte debatten tussen 'klimaatgekkies' en klimaatontkenners (wie zijn eigenlijk de gekkies?) hebben vooral met geld te maken. Destijds was de transitie voor iedereen gratis en hetzelfde. Nu zijn er verschillende opties met behoorlijke prijskaartjes. Des te beter dat de plaatselijke overheid het voortouw neemt naar aardgasvrij en CO2-neutraal. Nieuwe energie is te belangrijk om over te laten aan incidentele burgerinitiatieven of de markt. In de schouwburg is maandag een inspiratieavond met als motto 'Beleef de actie'. Voor onze buurt wordt gedacht aan geothermie als energiebron. Ik zou kunnen treuren over mijn straks overbodige gasfornuis. Maar de opluchting dat er kansrijke alternatieven zijn om de toekomst veilig te stellen, is groter. Iedereen was verrukt over de gasbel van Slochteren. Ik ook",AD/Groene Hart,Zuid-Holland,city,Gouda,gouda,gouda,city,"Gouda, Zuid-Holland, Nederland",nominatim,geocode,52.0114922,4.7106094,POINT (4.7106094 52.0114922),,Gouda,Zuid-Holland,sentences_points,0,,,PV28,GM0513,4.7106094,52.0114922
a1d038e1b0c54481a2d18902bc3305c4,158,166,Of bel de Helpdesk CoronaMelder op 0800-1280.,Helpdesk,Positive,Positive,0.9941,[3],Den Haag,city,Den Haag,city,Bestanden (501-1000) (1).RTF,/Users/Yannick/dev/geothermal_text_mining/input_data/dutch/Bestanden (501-1000) (1).RTF,"De Posthoorn, Segbroek",14 October 2020,"Den Haag - De CoronaMelder-app is klaar en te installeren via de App Store en de Google Play Store. Hij stuurt een melding als je langer dan 15 minuten dicht bij iemand in de buurt bent geweest, die later het virus blijkt te hebben. CoronaMelder-app is voor iedereen beschikbaar Den Haag - Vanaf nu kan iedereen de CoronaMelder-app gebruiken. De app stuurt een melding als je langer dan 15 minuten dicht bij iemand in de buurt bent geweest, die later het coronavirus blijkt te hebben. Als je een melding hebt ontvangen, lees je in de app welke maatregelen je kan nemen en of je je kan laten testen. Zo weet je na een melding dat je meer kans hebt om besmet te zijn en kun je voorkomen dat je onbewust een ander besmet. Want je kunt het coronavirus al doorgeven, voordat je je ziek voelt. CoronaMelder is een aanvulling op het reguliere bron- en contactonderzoek van de GGD. Met de app kunnen ook mensen worden geïnformeerd die niet naar voren komen uit het bron- en contactonderzoek. De app weet niet wie of waar je bent. Ook geeft de app geen meldingen over actuele besmettingen in de buurt. De basisregels, zoals 1,5 meter afstand houden en vaak je handen wassen, blijven dus belangrijk! CoronaMelder is te vinden in de App Store en de Google Play Store. Het downloaden van de app is altijd vrijwillig. Hulp nodig bij het installeren? Veel bibliotheken kunnen hierbij helpen. Of bel de Helpdesk CoronaMelder op 0800-1280. Den Haag is eerste stad met warmte uit bodem Den Haag - Den Haag is de eerste stad in Nederland waar huizen verwarmd worden met schone warmte uit eigen bodem. Het ministerie van Economische Zaken heeft met een definitief besluit groen licht gegeven voor het winnen van aardwarmte in de centrale aan de Leyweg. Vanuit de bron op twee kilometer diepte wordt water van circa 78 graden opgepompt. Die warmte wordt overgezet en via het stadsverwarmingsnet krijgen woningen in stadsdeel Zuidwest verwarming en warm kraanwater. Zo kan aan de eerste 1200 huizen aardwarmte (geothermie) worden geleverd. Deze is schoon en duurzaam. De gemeente heeft via het Energiefonds Den Haag een deel van de financiering beschikbaar gesteld voor deze bron. Wethouder Liesbeth van Tongeren (Duurzaamheid en Energietransitie) is trots. ""Hiermee laten we zien dat het kan: in een dichtbevolkte stad als Den Haag schone warmte uit eigen bron gebruiken.” Een definitief besluit voor winning van aardwarmte, zoals bij de centrale aan de Leyweg, wordt niet zomaar genomen. Er moet aan strenge veiligheidseisen worden voldaan. Hiervoor is het ministerie te rade gegaan bij verschillende organisaties als TNO, de Mijnraad, de Omgevingsdienst Haaglanden, Provincie Zuid-Holland en Hoogheemraadschap Delfland.","De Posthoorn, Segbroek",,city,Den Haag,den haag,den haag,city,"Den Haag, Zuid-Holland, Nederland",nominatim,geocode,52.0799838,4.3113461,POINT (4.3113461 52.0799838),,'s-Gravenhage,Zuid-Holland,sentences_points,0,,,PV28,GM0518,4.3113461,52.0799838
a77553362102436c8770b44755e5d7ca,456,167,Om dat voor te zijn heeft Hoogweg aan de Raad gevraagd om de vergunning voorlopig in stand te laten totdat de Raad de kwestie later dit jaar uitvoerig heeft onderzocht.,vergunning,Negative,Negative,0.9152,[13],Hoogweg,site,Hoogweg,site,Bestanden (500) (6).RTF,/Users/Yannick/dev/geothermal_text_mining/input_data/dutch/Bestanden (500) (6).RTF,Steenwijker Courant,5 August 2022,"Ook de paprikakwekerijen van Hoogweg worden volgens de advocaat in hun voorbestaan bedreigd als het aardwarmteproject aan de Nieuwlandseweg wordt stilgelegd. De productie van aardwarmte gaat nu nog gewoon door ondanks de vernietiging van de daarvoor vereiste vergunning door de Zwolse rechtbank. ,,Er is nu sprake van een illegale situatie"", aldus de voorzieningenrechter van de Raad van State. Handhavers kunnen de productie gewoon stilleggen, maar er is tot nu toe niets gebeurd. Om dat voor te zijn heeft Hoogweg aan de Raad gevraagd om de vergunning voorlopig in stand te laten totdat de Raad de kwestie later dit jaar uitvoerig heeft onderzocht. In dat geval staan de handhavers namelijk met lege handen. Urgent of niet? Voor de Raad van State is het de vraag of er sprake is van een urgente situatie. Staatstoezicht op de mijnen zou hier moeten handhaven. Eventueel ook de provincie Flevoland. Ze zitten allebei stil. Maar volgens de advocaat van Hoogweg kan dit zomaar veranderen en dan zijn de rapen gaar. De aardwarmte kan dan niet meer geleverd worden aan de paprikakwekers en die moeten dan voor hun verwarming duur gas aankopen. Duurzame energie Een mogelijke reden waarom er nog niet is gehandhaafd kan zijn dat dit energieproject van Hoogweg duurzaam is en stikstofvrij warmte levert aan de kwekerijen. Volgens de advocaat van Hoogweg staat ook de provincie Flevoland achter dit energieproject waarbij warm water uit de ondergrond wordt opgepompt en benut door de kwekers. Toch zorgde de provincie Overijssel ervoor dat de vergunning van Hoogweg werd vernietigd. Overijssel komt namelijk op voor de bescherming van Natura 2000 gebied De Weerribben dat dichtbij ligt. Naast het warme water komt ook wat gas mee uit de ondergrond. Dat wordt ook benut door de kwekers. Maar gasverbranding kan wel het natuurgebied schaden. ,,We hebben er geen belang bij dat dit project wordt stilgelegd. Maar dit is een principezaak die goed moet worden geregeld"", aldus een woordvoerster van de provincie. De Raad doet binnen twee weken uitspraak. Link naar PDF",Steenwijker Courant,,site,Hoogweg,hoogweg,hoogweg,site,"Hoogweg, Noordwijkerhout, Noordwijk, Zuid-Holland, Nederland, 2211 XR, Nederland",nominatim,geocode,52.2449437,4.4624735,POINT (4.4624735 52.2449437),,Noordwijk,Zuid-Holland,sentences_points,1,Governance,vergunning,PV28,GM0575,4.4624735,52.2449437
ab3de9fc22924689b1ff30ae6c44fbce,685,168,"Om de overlast zo veel mogelijk te beperken, wordt gekozen voor de aanleg in de berm of voor een boring, zodat slechts een klein deel van de weg open hoeft, aldus Daalmijer.",overlast,Negative,Negative,0.8634,[2],Maasdijk,site,Maasdijk,site,1-500.RTF,/Users/Yannick/dev/geothermal_text_mining/input_data/dutch/1-500.RTF,AD/Haagsche Courant,8 February 2025,",,In de komende periode gaan we het warmtenet verder uitbreiden, waardoor nog meer glastuinbouwbedrijven zich kunnen aansluiten'', zegt Ryanne Daalmijer, projectmanager bij Warmte netwerk Westland, in de nieuwsbrief van Aardwarmte Maasdijk over de voortgang en de toekomst van dit project. ,,Er wordt hard gewerkt aan het onderpad van de Maasdijk. De leiding die hier ligt, wordt komend jaar gekoppeld aan de leiding bij Dijckerwaal. Met deze uitbreiding kunnen we volgend jaar nog eens negentien glastuinbouwbedrijven en de woningen in nieuwbouwwijk Waelpolder aansluiten op het warmtenet."" Om het warmtenet aan te leggen, moeten de leidingen de grond in. Om de overlast zo veel mogelijk te beperken, wordt gekozen voor de aanleg in de berm of voor een boring, zodat slechts een klein deel van de weg open hoeft, aldus Daalmijer.",AD/Haagsche Courant,Den Haag,site,Maasdijk,maasdijk,maasdijk,site,"Maasdijk, Westland, Zuid-Holland, Nederland",nominatim,geocode,51.9575497,4.2149056,POINT (4.2149056 51.9575497),,Westland,Zuid-Holland,sentences_points,0,,,PV28,GM1783,4.2149056,51.9575497
a1839bc1e7fa49b29271a4565ff58238,644,169,Omdat er in deze wijken veel woningen op een klein oppervlak staan.,woningen,Negative,Negative,0.9943,[6],Delft,city,Delft,city,Bestanden (500) (4).RTF,/Users/Yannick/dev/geothermal_text_mining/input_data/dutch/Bestanden (500) (4).RTF,AD/Haagsche Courant,3 September 2024,"Delft introduceert verwarming voor 6000 woningen uit bron op TU Wat doet het warmtenet precies? Op ruim 2 kilometer onder de grond bij de TU Delft, zit warm water in de bodem, aardwarmte - ook wel geothermie genoemd. Dit water heeft een temperatuur van ongeveer 75 graden. Dit water wordt bij de aardwarmtebron omhoog gepompt. Door het warmtenet, een systeem van buizen van 16 kilometer lang onder de grond, stroomt het warme water richting de woongebouwen. Hiermee kunnen huurwoningen van woningcorporaties Vidomes, Stedelink, DUWO en Woonbron worden verwarmd. Daardoor is er geen gas meer nodig. Welke wijken in Delft worden aangesloten op het warmtenet? Voorlopig is dit warmtenet bedoeld voor Buitenhof, Voorhof en de TU Delft Campus. Omdat er in deze wijken veel woningen op een klein oppervlak staan. En omdat bewoners in deze gebouwen een gasketel delen, maakt dit het aansluiten op een warmtenet makkelijker, geeft de gemeente aan. Totaal kunnen er in Voorhof en Buitenhof 15.000 woningen op het netwerk aangesloten worden. Dit zijn ook koopwoningen. In het 'Warmteplan Delft', dat in 2021 is vastgesteld, staat voor elke wijk welk alternatief voor aardgas de meest geschikte oplossing is. Voor de binnenstad is nu nog onduidelijk welke alternatieve bron voor aardgas kan worden gebruikt. Gaan bewoners nu meer of minder betalen? Ze gaan niet meer, maar ook niet minder betalen. De prijs van de warmte is op het moment van aansluiten namelijk vergelijkbaar met warmte gemaakt met aardgas. Daarna beweegt de prijs mee met de werkelijke kostenontwikkeling voor de productie en distributie van de warmte. De afgelopen jaren is de prijs van gas niet altijd hetzelfde gebleven door de oorlog tussen Rusland en Oekraïne. Met het warmtenet blijven de prijzen stabieler dan voorheen. Wat merken bewoners van het warmtenet? Als het warmtenet er eenmaal ligt, merken bewoners er vrij weinig van. De centrale gasverwarmingsketel wordt vervangen door een aansluiting op het nieuwe warmtenet voor het hele gebouw. De verwarming van woningen kan dan nog steeds met dezelfde radiator ingesteld worden. Van de aanleg van het net kunnen Delftenaren wel wat merken. De soms wel 70 centimeter brede buizen gaan namelijk onder de grond. Hiervoor moeten straten opengebroken worden, wat voor veranderende verkeerssituaties kan zorgen. Dit gebeurt in fases. Voor hoe lang kan er aardwarmte uit de grond worden gehaald? Waarschijnlijk is er genoeg aardwarmte voor de komende dertig jaar. Als dit op is, kan er op hetzelfde warmtenet dat nu wordt aangelegd een andere bron worden aangesloten. Wanneer kan er gebruikgemaakt worden van het warmtenet? De allereerste huizen kunnen - als alles volgens plan gaat - in het najaar van 2025 gebruikmaken van het warmtenet. Uiteindelijk is het de bedoeling dat in 2027 alle 6000 huurwoningen op het netwerk zijn aangesloten. Uiteindelijk is het de bedoeling dat in 2027 alle 6000 huurwoningen op het netwerk zijn aangesloten Ook bij de Sterflats wordt het warmtenet aangesloten.",AD/Haagsche Courant,Den Haag,city,Delft,delft,delft,city,"Delft, Zuid-Holland, Nederland",nominatim,geocode,51.9994572,4.3627245,POINT (4.3627245 51.9994572),,Delft,Zuid-Holland,sentences_points,0,,,PV28,GM0503,4.3627245,51.9994572
60dc297b898f40aeabe046e9bcef7b51,668,170,Onder invloed van die weerstand besloot Gorinchem om het gebied nabij de Merwedebrug te schrappen als zoeklocatie voor windenergie.,gebied,Negative,Negative,0.9946,[9],Gorinchem,city,Gorinchem,city,1-500.RTF,/Users/Yannick/dev/geothermal_text_mining/input_data/dutch/1-500.RTF,AD/Rivierenland,12 December 2024,"Mooi en Duurzaam Gorinchem komt met alternatief Hij heeft dat alternatief niet alleen bedacht, maar deed een beroep op deskundigen van Pondera, een bureau dat onderzoek doet en advies biedt op het gebied van schone energie. Daarnaast mobiliseerde hij nog enkele regiobewoners: ingenieurs en innovatiemanagers die verstand van zaken hebben als het om de energietransitie gaat. Hun eerste bevindingen zijn inmiddels naar Gorcumse gemeenteraadsleden gestuurd. Stichting Mooi en Duurzaam Gorinchem is ontstaan doordat tegenstanders van windturbines op Avelingen, onder wie ondernemers en inwoners, zich verenigden. Onder invloed van die weerstand besloot Gorinchem om het gebied nabij de Merwedebrug te schrappen als zoeklocatie voor windenergie. De provincie Zuid-Holland houdt die optie open wanneer Gorinchem en Molenlanden hun belofte voor groene energie niet kunnen inlossen. De stichting blijft tegenargumenten geven om deze niet te plaatsen, onder meer als het gaat om de gezondheid van omwonenden. En nu komt Mooi en Duurzaam Gorinchem met een alternatieve energiebron. Huizen ,,Het is gemakkelijk om te zeggen: Niet doen! Maar wij willen wel een alternatief bieden én dat ligt naar onze mening in aardwarmte'', zegt voorman Peter Verschoor. Met aardwarmte - warm water dat uit de bodem wordt opgepompt - kunnen huizen via een gesloten systeem worden verwarmd. Het afgekoelde water gaat terug de diepte van de aarde in waar het opnieuw wordt opgewarmd. ,,Dit gebeurt al op meerdere plekken in ons land: dat zou ook in Gorinchem moeten kunnen.'' Voor die verkenning kwamen medio september deskundigen, ondernemers en een Statenlid bijeen bij Damen Shipyards, dat zelf ook zoekt naar duurzame energiebronnen. ,,Dit was in eerste instantie bedoeld als kennisuitwisseling rond technologische innovaties, ontwikkelingen en pilots op het gebied van duurzame energie. We willen allemaal op de een of andere manier willen investeren in een duurzame toekomst.'' Al tijdens die bijeenkomst lieten deskundigen van Pondera doorschemeren dat de regio Alblasserwaard-Vijfheerenlanden potentie heeft voor aardwarmtewinning. ,,Er liggen pockets met water onder onze voeten die qua temperatuur, diepte en volume geschikt zijn voor geothermie. De voorlopige voorzichtige conclusie is dat dit een aantrekkelijke optie is die nader onderzoek vraagt. Het voordeel van aardwarmte is dat dit de klok rond beschikbaar is, in tegenstelling tot zonne- en windenergie'', zegt Verschoor. Stichting Mooi en Duurzaam Gorinchem en haar deskundigen staan niet alleen in hun conclusie dat aardwarmte een alternatief kan zijn voor fossiele brandstoffen. Energie Beheer Nederland, dat namens de staat betrokken is bij energiewinning, concludeerde najaar 2020 al na eigen onderzoek dat ruim een kwart van de Nederlandse woningen in de toekomst verwarmd zou kunnen worden met warmte uit de aardbodem. Zelfs Gorinchem deed zo'n vijftien jaar geleden onderzoek naar geothermie. Dat liep spaak omdat de gemeente zelf geen geld had om proefboringen te laten uitvoeren. Energiemaatschappijen die werden benaderd, hadden geen interesse om te investeren. ,,In het hele land zijn proef- boringen. Als je als gemeente weet dat er kansen liggen, waarom onderzoek je die niet alsnog?'', aldus Verschoor. Dit gebeurt al op meerdere plekken in ons land: dat zou ook in Gorinchem moeten kunnen Peter Verschoor",AD/Rivierenland,Rivierenland (Gelderland),city,Gorinchem,gorinchem,gorinchem,city,"Gorinchem, Zuid-Holland, Nederland",nominatim,geocode,51.8296133,4.9738743,POINT (4.9738743 51.8296133),,Gorinchem,Zuid-Holland,sentences_points,1,Support,weerstand,PV28,GM0512,4.9738743,51.8296133
95319d9a8e794f898c7e9465488ff0d9,456,171,Ook de paprikakwekerijen van Hoogweg worden volgens de advocaat in hun voorbestaan bedreigd als het aardwarmteproject aan de Nieuwlandseweg wordt stilgelegd.,paprikakwekerijen,Negative,Negative,0.9875,[2],Hoogweg,site,Hoogweg,site,Bestanden (500) (6).RTF,/Users/Yannick/dev/geothermal_text_mining/input_data/dutch/Bestanden (500) (6).RTF,Steenwijker Courant,5 August 2022,"Ook de paprikakwekerijen van Hoogweg worden volgens de advocaat in hun voorbestaan bedreigd als het aardwarmteproject aan de Nieuwlandseweg wordt stilgelegd. De productie van aardwarmte gaat nu nog gewoon door ondanks de vernietiging van de daarvoor vereiste vergunning door de Zwolse rechtbank. ,,Er is nu sprake van een illegale situatie"", aldus de voorzieningenrechter van de Raad van State. Handhavers kunnen de productie gewoon stilleggen, maar er is tot nu toe niets gebeurd. Om dat voor te zijn heeft Hoogweg aan de Raad gevraagd om de vergunning voorlopig in stand te laten totdat de Raad de kwestie later dit jaar uitvoerig heeft onderzocht. In dat geval staan de handhavers namelijk met lege handen. Urgent of niet? Voor de Raad van State is het de vraag of er sprake is van een urgente situatie. Staatstoezicht op de mijnen zou hier moeten handhaven. Eventueel ook de provincie Flevoland. Ze zitten allebei stil. Maar volgens de advocaat van Hoogweg kan dit zomaar veranderen en dan zijn de rapen gaar. De aardwarmte kan dan niet meer geleverd worden aan de paprikakwekers en die moeten dan voor hun verwarming duur gas aankopen. Duurzame energie Een mogelijke reden waarom er nog niet is gehandhaafd kan zijn dat dit energieproject van Hoogweg duurzaam is en stikstofvrij warmte levert aan de kwekerijen. Volgens de advocaat van Hoogweg staat ook de provincie Flevoland achter dit energieproject waarbij warm water uit de ondergrond wordt opgepompt en benut door de kwekers. Toch zorgde de provincie Overijssel ervoor dat de vergunning van Hoogweg werd vernietigd. Overijssel komt namelijk op voor de bescherming van Natura 2000 gebied De Weerribben dat dichtbij ligt. Naast het warme water komt ook wat gas mee uit de ondergrond. Dat wordt ook benut door de kwekers. Maar gasverbranding kan wel het natuurgebied schaden. ,,We hebben er geen belang bij dat dit project wordt stilgelegd. Maar dit is een principezaak die goed moet worden geregeld"", aldus een woordvoerster van de provincie. De Raad doet binnen twee weken uitspraak. Link naar PDF",Steenwijker Courant,,site,Hoogweg,hoogweg,hoogweg,site,"Hoogweg, Noordwijkerhout, Noordwijk, Zuid-Holland, Nederland, 2211 XR, Nederland",nominatim,geocode,52.2449437,4.4624735,POINT (4.4624735 52.2449437),,Noordwijk,Zuid-Holland,sentences_points,0,,,PV28,GM0575,4.4624735,52.2449437
dc53f972200440de9bcf1d92fb590287,202,172,Ook in de nabijgelegen Bospolder sluit een groot aantal glastuinbouwbedrijven aan op het warmtenet.,warmtenet,Positive,Positive,0.994,[13],Naaldwijk,city,Naaldwijk,city,Bestanden (501-1000) (1).RTF,/Users/Yannick/dev/geothermal_text_mining/input_data/dutch/Bestanden (501-1000) (1).RTF,AD/Haagsche Courant,31 December 2020,"De Bospolder in Naaldwijk is door werkzaamheden voor de uitbreiding van het warmtenet in Westland van 4 januari tot 29 april dicht in de richting van de Burgemeester Elsenweg (N213). Het verkeer wordt in deze periode omgeleid via de Dortlaan, Zwartendijk, Grote Woerdlaan en Bosweg. Verkeer vanaf de Burgemeester Elsenweg kan via een versmalde rijstrook wél doorrijden. Voor (brom)fietsers blijft de weg in beide richtingen toegankelijk. En als er dan toch gewerkt moet worden, wordt geprobeerd zoveel mogelijk werkzaamheden van verschillende instanties tegelijkertijd te doen om de overlast te beperken. Zo werkt Trias Westland samen met de provincie Zuid-Holland en de gemeente Westland aan de gefaseerde aanleg onder de N213. Het groot onderhoud is verschoven in de planning en de werkzaamheden van de provincie en gemeente zijn samengevoegd. Trias legt een warmtenet aan in Westland waarbij gebruik wordt gemaakt van aardwarmte. Het warmtenet verbindt de aardwarmtebron met de bedrijven van glastuinbouwondernemers. Het aansluiten op aardwarmte Trias Westland moet voor een forse verduurzaming van de Westlandse glastuinbouw zorgen. In de zomer van dit jaar is de tweede aardwarmtebron van Trias in Westland aangeboord. Ook de bovengrondse installaties worden nu gerealiseerd. Uitbreiding Om de warmte bij glastuinbouwondernemers te krijgen, wordt het warmtenet verder uitgebreid. Het werk start op 4 januari en duurt tot medio volgend jaar. Het warmtenet vervolgt zijn route vanaf Royal FloraHolland in Naaldwijk naar Westland Infra in Poeldijk. Ook in de nabijgelegen Bospolder sluit een groot aantal glastuinbouwbedrijven aan op het warmtenet. Een warmtenet bestaat uit twee buizen (één voor toevoer, één voor retour) onder de grond, waarmee warmte wordt vervoerd naar kassen en gebouwen met warm water.",AD/Haagsche Courant,Den Haag,city,Naaldwijk,naaldwijk,naaldwijk,city,"Naaldwijk, Westland, Zuid-Holland, Nederland",nominatim,geocode,51.9930016,4.2074197,POINT (4.2074197 51.9930016),,Westland,Zuid-Holland,sentences_points,0,,,PV28,GM1783,4.2074197,51.9930016
52ca720e409d4443a374367ddd358849,304,173,"Ook is er risico op vervulling: het oppompen gebeurt met een gesloten systeem, maar als dat lekt kan zout water van twee kilometer diepte in het grond- en drinkwater belanden.",zout water,Negative,Negative,0.9964,"[20, 21]",Rotterdam,city,Rotterdam,city,Bestanden (1001-1500) (1).RTF,/Users/Yannick/dev/geothermal_text_mining/input_data/dutch/Bestanden (1001-1500) (1).RTF,AD/Rotterdams Dagblad,6 July 2021,"De plannen met aardwarmte in de Rotterdamse regio staan op losse schroeven. Subsidie waarop de boorbedrijven rekenden, gaat aan hun neus voorbij. Het CO2-project van de olieraffinaderijen in de haven heeft het geld voor milieuprojecten weggekaapt. Met geothermie zouden tienduizenden huizen te verwarmen zijn. De gemeenten op Voorne-Putten en in het Westland zien toekomst in warmte uit de diepte van de aarde, omdat die te combineren is met restwarmte van de naburige industrie uit de Rotterdamse haven. Alleen zijn de bedrijven die naar aardwarmte willen boren bij het verdelen van milieusubsidies stuk voor stuk buiten de boot gevallen. Energiebedrijf Engie wijst naar het CO2-afvangproject Porthos van de olieraffinaderijen in de Rotterdamse haven dat twee miljard euro toegezegd heeft gekregen. Daardoor blijft weinig meer over voor andere initiatieven. Engie heeft een brandbrief naar staatssecretaris Dilan YeÅŸilgöz-Zegerius (Economische zaken en klimaat, VVD) gestuurd. De brief is mede-ondertekend door bestuursvoorzitter Tim van der Hagen van de TU Delft en de Delftse burgemeester Marja van Bijsterveldt, omdat een Delfts onderzoekproject naar deze energiebron nu ook niet door dreigt gaan. Juist dat onderzoek is belangrijk voor de toekomst van aardwarmte, zegt een woordvoerder van Engie. De techniek rond geothermie staat nog in de kinderschoenen. In theorie zit zat warmte in de bodem. Alleen zijn de kosten nog hoog. Ook is er risico op vervulling: het oppompen gebeurt met een gesloten systeem, maar als dat lekt kan zout water van twee kilometer diepte in het grond- en drinkwater belanden. De bedrijven Huisman Geo en Yeager die ook in de Rotterdamse regio willen boren, denken pas op z'n vroegst volgend jaar aan de gang te kunnen en hebben hun hoop gevestigd op de nieuwe SDE++-subsidierondes die dan zijn.",AD/Rotterdams Dagblad,Rotterdam,city,Rotterdam,rotterdam,rotterdam,city,"Rotterdam, Zuid-Holland, Nederland",nominatim,geocode,51.9244424,4.47775,POINT (4.47775 51.9244424),,Rotterdam,Zuid-Holland,sentences_points,1,Risks,risico,PV28,GM0599,4.47775,51.9244424
c4debf956a2d4c8884bdfb701dde27cf,549,174,Ook komt er een onafhankelijke klachtencommissie waar klanten van Mijnwater terechtkunnen.,klachtencommissie,Positive,Positive,0.826,[5],Heerlen,city,Heerlen,city,Bestanden (500) (5).RTF,/Users/Yannick/dev/geothermal_text_mining/input_data/dutch/Bestanden (500) (5).RTF,De Limburger,5 May 2023,"Het Heerlense warmtebedrijf Mijnwater heeft een vergunning gekregen om aardwarmte te leveren. Het bedrijf voldoet aan alle wettelijke voorschriften. Eigenaren Provincie Limburg en Enexis hebben onlangs meer dan honderd miljoen euro gestoken in Mijnwater om het warmtenet in Heerlen en Kerkrade uit te breiden. Voordat die investeringsbeslissing werd genomen, waren er nog enkele grote en kleine onzekerheden. Een van de hobbels die Mijnwater nog moest nemen, was het verkrijgen van een vergunning in het kader van de nieuwe Warmtewet. Dat is nu gelukt. Het bedrijf voldoet aan alle voorwaarden die de Warmtewet stelt, concludeert de Autoriteit Consument en Markt (ACM). Volgens de ACM heeft Mijnwater zijn zaakjes op het gebied van organisatie, financiën en techniek prima voor elkaar om langdurig, betrouwbaar warmte te leveren aan zijn klanten. Jaarlijks moet Mijnwater zijn jaarrekening ter controle sturen aan de ACM. Zo kan de autoriteit controleren of het bedrijf financieel solide blijft. Ook komt er een onafhankelijke klachtencommissie waar klanten van Mijnwater terechtkunnen. Mijnwater BV gebruikt warm water uit de oude mijngangen om woningen en kantoren in de regio Parkstad te verwarmen of te verkoelen. Ook maakt Mijnwater gebruik van restwarmte van bedrijven. Dat warme water wordt via buizen verspreid naar kantoren en woonhuizen in Heerlen, Brunssum en Kerkrade. PDF-bestand van dit document",De Limburger,Limburg,city,Heerlen,heerlen,heerlen,city,"Heerlen, Limburg, Nederland",nominatim,geocode,50.8775239,5.9815066,POINT (5.9815066 50.8775239),,Heerlen,Limburg,sentences_points,0,,,PV31,GM0917,5.9815066,50.8775239
b4655d8f97004017af494c745c78f8c0,660,175,Ook omdat deze netten volgens de wet op termijn voor zeker 51 procent in overheidshanden moeten komen.,netten,Negative,Negative,0.9851,[3],Den Haag,city,Den Haag,city,Bestanden (500) (4).RTF,/Users/Yannick/dev/geothermal_text_mining/input_data/dutch/Bestanden (500) (4).RTF,AD/Haagsche Courant,19 November 2024,"In naoorlogse wijken van Den Haag, waar veel (vaak sociale) huizen staan, kunnen de woningen het best via ondergrondse leidingen collectief worden verwarmd met industriële restwaarde of aardwarmte. Dan gaat het bijvoorbeeld om Den Haag Zuidwest, Loosduinen en wijken als de Stationsbuurt en Schilderswijk. Marktpartijen zijn nu niet erg bereid om te investeren in de aanleg en exploitatie van grootschalige warmtenetten voor 45.000 tot 60.000 Haagse woningen. Ook omdat deze netten volgens de wet op termijn voor zeker 51 procent in overheidshanden moeten komen. Daarom bereidt de gemeente nu de oprichting van een (volledig) publiek warmtebedrijf voor. In samenwerking met partners als Netverder, of via een eigen energie- en afvalbedrijf. De Haagse politiekmaakt zomer 2025 jaar een keuze. Bewoners Tegelijkertijd ondersteunt Den Haag initiatieven van bewoners voor collectieve warmtenetten. De gemeente stelt jaarlijks 100.000 euro voor grotere en 50.000 euro voor kleine projecten beschikbaar. ,,We willen bewoners stimuleren om zelf duurzame oplossingen te ontwikkelen, terwijl we ook zorgen voor een robuuste, centrale voorziening'', zegt wethouder Arjen Kapteijns (GroenLinks, energietransitie). De komende maanden worden bewoners betrokken bij de planvorming. Tegelijkertijd werkt de gemeente aan duurzame warmtebronnen, zoals geothermie en aquathermie, met plannen voor het De Constant Rebecqueplein.",AD/Haagsche Courant,Den Haag,city,Den Haag,den haag,den haag,city,"Den Haag, Zuid-Holland, Nederland",nominatim,geocode,52.0799838,4.3113461,POINT (4.3113461 52.0799838),,'s-Gravenhage,Zuid-Holland,sentences_points,0,,,PV28,GM0518,4.3113461,52.0799838
f8d1fe0a4fe34ad3b90e077111d06269,176,176,Ook vertelt Jansen over het TU-onderzoek naar verwarming van de campus met aardwarmte.,Jansen,Positive,Positive,0.9262,[2],Delft,city,Delft,city,Bestanden (501-1000) (1).RTF,/Users/Yannick/dev/geothermal_text_mining/input_data/dutch/Bestanden (501-1000) (1).RTF,AD/Haagsche Courant,20 November 2020,"TU-decaan Jan Dirk Jansen verzorgt zondag van 11.00 tot 12.00 uur de zogenoemde Van Leeuwenhoeklezing, waarin hij de vraag bespreekt of alle Delftse huizen verwarmd zouden kunnen worden door aardwarmte. Jansen zelf denkt van wel. Vragen als 'Hoe diep zit aardwarmte?', 'Hoe warm is het en hoe krijg je het naar boven?', 'Kan het opraken?' en 'Kun je er aardbevingen mee veroorzaken?' worden beantwoord. Ook vertelt Jansen over het TU-onderzoek naar verwarming van de campus met aardwarmte. De lezing is online te volgen: https://www.youtube.com/watch?v=2t9iusqR3yI",AD/Haagsche Courant,Den Haag,city,Delft,delft,delft,city,"Delft, Zuid-Holland, Nederland",nominatim,geocode,51.9994572,4.3627245,POINT (4.3627245 51.9994572),,Delft,Zuid-Holland,sentences_points,0,,,PV28,GM0503,4.3627245,51.9994572
81b28d7a4bd34d8faf3d2af942fda0c7,201,177,Ook wijst hij erop dat water dat van grote diepte wordt opgehaald vaak in meer of mindere mate radioactief is.,water,Negative,Negative,0.996,[5],Den Haag,city,Den Haag,city,Bestanden (501-1000) (1).RTF,/Users/Yannick/dev/geothermal_text_mining/input_data/dutch/Bestanden (501-1000) (1).RTF,AD/Haagsche Courant,24 December 2020,"De ingebruikname van de geothermiecentrale aan de Leyweg volgende maand baart de grootste partij in Den Haag grote zorgen. Hart voor Den Haag is bang dat bewoners dadelijk in de kou komen te zitten. Ook is de partij bang voor gevaren van het winnen van aardwarmte in de stad. Raadslid René Oudshoorn wijst erop dat Den Haag al geen beste reputatie heeft op het gebied van innovatieve warmtewinning. Zo zitten bewoners die aangesloten zijn op de zeewaterwarmtecentrale in Scheveningen en de WKO-installaties in Transvaal en Spoorwijk regelmatig in de kou. De centrale gaat begin volgend jaar warmte leveren aan twaalfhonderd tot vijftienhonderd huishoudens. Later komen er nog veel meer bij. Op de centrale wordt heet water uit de diepe aardlagen naar boven gepompt, om vervolgens weer terug te worden gepompt in dezelfde aardlaag. Maar Oudshoorn stelt dat deze centrale veel debacles kent, waaronder een faillissement. De 2,5 kilometer diepe putten zijn ook nooit eerder in bedrijf geweest. Volgens Oudshoorn hebben dit soort buizen een korte levensduur. Dit zou ook blijken uit andere aardwarmteprojecten. Als er dan gaten ontstaan, zal er chemische vloeistof in het grondwater stromen met alle gevolgen van dien, aldus het raadslid. Ook wijst hij erop dat water dat van grote diepte wordt opgehaald vaak in meer of mindere mate radioactief is. Hij wil weten of dit risico is onderzocht. Hart voor Den Haag maakt zich ook zorgen over de veiligheid in de stad. ,,Zelfs de vergunningverlener (Staatstoezicht op de Mijnen, red.) waarschuwde onlangs dat geothermie niet zonder risico's is.'' Er is een kleine kans op bevingen. ,,Het is onbegrijpelijk, zeker gezien alle mislukte projecten die we hier al hebben gehad, dat er niet eerst op kleine schaal wordt getest maar dat meteen grote aantallen huishoudens als proefkonijnen op een dergelijke experimentele centrale worden aangesloten.'' De geothermiecentrale aan de Leyweg.",AD/Haagsche Courant,Den Haag,city,Den Haag,den haag,den haag,city,"Den Haag, Zuid-Holland, Nederland",nominatim,geocode,52.0799838,4.3113461,POINT (4.3113461 52.0799838),,'s-Gravenhage,Zuid-Holland,sentences_points,0,,,PV28,GM0518,4.3113461,52.0799838
d95d985be3d94862bc5e27815f57a25f,201,178,"Op de centrale wordt heet water uit de diepe aardlagen naar boven gepompt, om vervolgens weer terug te worden gepompt in dezelfde aardlaag.",water,Negative,Negative,0.8846,[5],Den Haag,city,Den Haag,city,Bestanden (501-1000) (1).RTF,/Users/Yannick/dev/geothermal_text_mining/input_data/dutch/Bestanden (501-1000) (1).RTF,AD/Haagsche Courant,24 December 2020,"De ingebruikname van de geothermiecentrale aan de Leyweg volgende maand baart de grootste partij in Den Haag grote zorgen. Hart voor Den Haag is bang dat bewoners dadelijk in de kou komen te zitten. Ook is de partij bang voor gevaren van het winnen van aardwarmte in de stad. Raadslid René Oudshoorn wijst erop dat Den Haag al geen beste reputatie heeft op het gebied van innovatieve warmtewinning. Zo zitten bewoners die aangesloten zijn op de zeewaterwarmtecentrale in Scheveningen en de WKO-installaties in Transvaal en Spoorwijk regelmatig in de kou. De centrale gaat begin volgend jaar warmte leveren aan twaalfhonderd tot vijftienhonderd huishoudens. Later komen er nog veel meer bij. Op de centrale wordt heet water uit de diepe aardlagen naar boven gepompt, om vervolgens weer terug te worden gepompt in dezelfde aardlaag. Maar Oudshoorn stelt dat deze centrale veel debacles kent, waaronder een faillissement. De 2,5 kilometer diepe putten zijn ook nooit eerder in bedrijf geweest. Volgens Oudshoorn hebben dit soort buizen een korte levensduur. Dit zou ook blijken uit andere aardwarmteprojecten. Als er dan gaten ontstaan, zal er chemische vloeistof in het grondwater stromen met alle gevolgen van dien, aldus het raadslid. Ook wijst hij erop dat water dat van grote diepte wordt opgehaald vaak in meer of mindere mate radioactief is. Hij wil weten of dit risico is onderzocht. Hart voor Den Haag maakt zich ook zorgen over de veiligheid in de stad. ,,Zelfs de vergunningverlener (Staatstoezicht op de Mijnen, red.) waarschuwde onlangs dat geothermie niet zonder risico's is.'' Er is een kleine kans op bevingen. ,,Het is onbegrijpelijk, zeker gezien alle mislukte projecten die we hier al hebben gehad, dat er niet eerst op kleine schaal wordt getest maar dat meteen grote aantallen huishoudens als proefkonijnen op een dergelijke experimentele centrale worden aangesloten.'' De geothermiecentrale aan de Leyweg.",AD/Haagsche Courant,Den Haag,city,Den Haag,den haag,den haag,city,"Den Haag, Zuid-Holland, Nederland",nominatim,geocode,52.0799838,4.3113461,POINT (4.3113461 52.0799838),,'s-Gravenhage,Zuid-Holland,sentences_points,0,,,PV28,GM0518,4.3113461,52.0799838
a3db8cfd65ef4493a0030fd0db7ec4ee,644,179,"Op ruim 2 kilometer onder de grond bij de TU Delft, zit warm water in de bodem, aardwarmte - ook wel geothermie genoemd.",water,Positive,Positive,0.9603,[14],Delft,city,Delft,city,Bestanden (500) (4).RTF,/Users/Yannick/dev/geothermal_text_mining/input_data/dutch/Bestanden (500) (4).RTF,AD/Haagsche Courant,3 September 2024,"Delft introduceert verwarming voor 6000 woningen uit bron op TU Wat doet het warmtenet precies? Op ruim 2 kilometer onder de grond bij de TU Delft, zit warm water in de bodem, aardwarmte - ook wel geothermie genoemd. Dit water heeft een temperatuur van ongeveer 75 graden. Dit water wordt bij de aardwarmtebron omhoog gepompt. Door het warmtenet, een systeem van buizen van 16 kilometer lang onder de grond, stroomt het warme water richting de woongebouwen. Hiermee kunnen huurwoningen van woningcorporaties Vidomes, Stedelink, DUWO en Woonbron worden verwarmd. Daardoor is er geen gas meer nodig. Welke wijken in Delft worden aangesloten op het warmtenet? Voorlopig is dit warmtenet bedoeld voor Buitenhof, Voorhof en de TU Delft Campus. Omdat er in deze wijken veel woningen op een klein oppervlak staan. En omdat bewoners in deze gebouwen een gasketel delen, maakt dit het aansluiten op een warmtenet makkelijker, geeft de gemeente aan. Totaal kunnen er in Voorhof en Buitenhof 15.000 woningen op het netwerk aangesloten worden. Dit zijn ook koopwoningen. In het 'Warmteplan Delft', dat in 2021 is vastgesteld, staat voor elke wijk welk alternatief voor aardgas de meest geschikte oplossing is. Voor de binnenstad is nu nog onduidelijk welke alternatieve bron voor aardgas kan worden gebruikt. Gaan bewoners nu meer of minder betalen? Ze gaan niet meer, maar ook niet minder betalen. De prijs van de warmte is op het moment van aansluiten namelijk vergelijkbaar met warmte gemaakt met aardgas. Daarna beweegt de prijs mee met de werkelijke kostenontwikkeling voor de productie en distributie van de warmte. De afgelopen jaren is de prijs van gas niet altijd hetzelfde gebleven door de oorlog tussen Rusland en Oekraïne. Met het warmtenet blijven de prijzen stabieler dan voorheen. Wat merken bewoners van het warmtenet? Als het warmtenet er eenmaal ligt, merken bewoners er vrij weinig van. De centrale gasverwarmingsketel wordt vervangen door een aansluiting op het nieuwe warmtenet voor het hele gebouw. De verwarming van woningen kan dan nog steeds met dezelfde radiator ingesteld worden. Van de aanleg van het net kunnen Delftenaren wel wat merken. De soms wel 70 centimeter brede buizen gaan namelijk onder de grond. Hiervoor moeten straten opengebroken worden, wat voor veranderende verkeerssituaties kan zorgen. Dit gebeurt in fases. Voor hoe lang kan er aardwarmte uit de grond worden gehaald? Waarschijnlijk is er genoeg aardwarmte voor de komende dertig jaar. Als dit op is, kan er op hetzelfde warmtenet dat nu wordt aangelegd een andere bron worden aangesloten. Wanneer kan er gebruikgemaakt worden van het warmtenet? De allereerste huizen kunnen - als alles volgens plan gaat - in het najaar van 2025 gebruikmaken van het warmtenet. Uiteindelijk is het de bedoeling dat in 2027 alle 6000 huurwoningen op het netwerk zijn aangesloten. Uiteindelijk is het de bedoeling dat in 2027 alle 6000 huurwoningen op het netwerk zijn aangesloten Ook bij de Sterflats wordt het warmtenet aangesloten.",AD/Haagsche Courant,Den Haag,city,Delft,delft,delft,city,"Delft, Zuid-Holland, Nederland",nominatim,geocode,51.9994572,4.3627245,POINT (4.3627245 51.9994572),,Delft,Zuid-Holland,sentences_points,0,,,PV28,GM0503,4.3627245,51.9994572
7b1f15167ddb4041b86599c2ccc585f5,682,180,Op termijn zouden zelfs vijftienduizend woningen op het net kunnen worden aangesloten.,net,Positive,Positive,0.9113,[8],Delft,city,Delft,city,1-500.RTF,/Users/Yannick/dev/geothermal_text_mining/input_data/dutch/1-500.RTF,de Volkskrant,31 January 2025,"Economie Terwijl de uitbreiding van bestaande warmtenetten op veel plekken is vastgelopen, wordt in Delft juist een geheel nieuw warmtenet aangelegd. Binnen twee jaar moeten zesduizend bestaande huurwoningen op het net worden aangesloten. Dat heeft NetVerder bekendgemaakt, een zusteronderneming van netbeheerder Stedin. Het bedrijf, met 61 gemeenten, twee provincies en de rijksoverheid als aandeelhouders, is deze maand officieel met de bouw van de voorziening begonnen. Nog eind dit jaar moeten de eerste huizen worden aangesloten in de wijken Voorhof en Buitenhof, en de campus van de TU Delft. De energie komt deels uit een aardwarmtebron, waarbij heet water van zo'n 2.500 meter onder de stad wordt opgepompt. Daardoor zijn de bewoners straks minder afhankelijk van fluctuerende stroom- en gasprijzen. Op termijn zouden zelfs vijftienduizend woningen op het net kunnen worden aangesloten. Dat het in Delft lukt een nieuw warmtenet te bouwen, is opmerkelijk. De laatste jaren zijn er vooral veel berichten over vastgelopen plannen voor collectieve warmtevoorziening. Daarbij gaat het met name om de uitbreiding van bestaande warmtenetten voor bestaande woningen. Bewoners waren vaak duurder uit als hun cv was vervangen door een warmte-aansluiting. Vorig jaar leidde dat in diverse buurten tot groot verzet. Onder meer in Amsterdam en Rotterdam zijn gemeenten, energiebedrijven en woningcorporaties gestopt met lopende projecten. Volgens NetVerder lukt het in Delft wel om een voor bewoners aantrekkelijk net aan te leggen, omdat alle partijen die bij de aanleg zijn betrokken elkaar vertrouwen en volledig open zijn over hun financiën.",de Volkskrant,,city,Delft,delft,delft,city,"Delft, Zuid-Holland, Nederland",nominatim,geocode,51.9994572,4.3627245,POINT (4.3627245 51.9994572),,Delft,Zuid-Holland,sentences_points,0,,,PV28,GM0503,4.3627245,51.9994572
f650e37bb5a74ab68ee798ee06688304,341,181,"Organisaties, ondernemers en gemeenten in de Kop van Noord-Holland kunnen van 6 december 2021 tot en met 10 februari 2022 een subsidieaanvraag indienen bij Leader.",subsidieaanvraag,Positive,Positive,0.6101,[24],Naaldwijk,site,Naaldwijk,site,Bestanden (1500-1862).RTF,/Users/Yannick/dev/geothermal_text_mining/input_data/dutch/Bestanden (1500-1862).RTF,Nieuwe Oogst,16 October 2021,"Helft Leader-budget Zuid-Holland - Van de in totaal 2 miljoen euro die dit en volgend jaar in Zuid-Holland beschikbaar is voor Leader-projecten, is nog de helft beschikbaar. Leader is onderdeel van het Europese plattelandsontwikkelingsprogramma POP3 en moet bijdragen aan vitale landbouw en betere verbinding tussen stad en platteland. Deze maand kreeg een melkveehouder uit Woerdense Verlaat de subsidie uitgereikt voor de realisatie van vier hooiberghutten van biobased bouwmaterialen waarin gasten kunnen logeren. Utrecht niet-ontvankelijk in zaak tegen opsporen gas Utrecht - Provincie Utrecht is niet-ontvankelijk verklaard in de bezwaarprocedure tegen de verlenging van de vergunning voor het opsporen van olie en gas. De provincie en de dertien gemeenten waarmee samen het bezwaar is ingediend, worden niet als belanghebbenden gezien. Zij gaan in beroep, want zij vinden nieuwe aardgaswinning niet passen bij de provinciale ambitie om de warmtevraag in 2040 volledig duurzaam in te vullen en het besluit over verlenging onvoldoende onderbouwd. Ingebruikname Trias Naaldwijk - Secretaris-generaal van LNV Jan-Kees Goet en directeur-generaal van EZK Sandor Gaastra hebben woensdag samen met telers de ingebruikname van Trias Westland in Naaldwijk bekrachtigd. Met twee geothermiebronnen op 2,3 kilometer diepte en een 4 kilometer onderzoeksboring is Trias Westland volgens hen de springplank naar het Warmtesysteem Westland. Een groot deel van dit warmtenet fungeert als hoofdleiding binnen Warmtesysteem Westland. 6 ton voor ontwikkeling Noord-Holland - Provincie Noord-Holland heeft ruim 3 ton gereserveerd voor plattelandsontwikkeling in de Kop van Noord-Holland. De Europese Unie stelt eenzelfde bedrag beschikbaar. Organisaties, ondernemers en gemeenten in de Kop van Noord-Holland kunnen van 6 december 2021 tot en met 10 februari 2022 een subsidieaanvraag indienen bij Leader. De afgelopen periode is een bijdrage geleverd aan onder meer Beleefcentrum Duurzame Energie Leven van de Wind in Wieringerwerf en Natuurcentrum De Marel bij Waalenburg op Texel.",Nieuwe Oogst,Nederland,site,Naaldwijk,naaldwijk,naaldwijk,site,"Naaldwijk, Westland, Zuid-Holland, Nederland",nominatim,geocode,51.9930016,4.2074197,POINT (4.2074197 51.9930016),,Westland,Zuid-Holland,sentences_points,0,,,PV28,GM1783,4.2074197,51.9930016
2e849867bbd842598bb685dba9e64f07,147,182,Over vijf jaar moeten zo'n 2.500 huizen worden bediend en zou het project rendabel zijn.,project,Positive,Positive,0.7928,[16],Den Haag,city,Den Haag,city,Bestanden (501-1000) (1).RTF,/Users/Yannick/dev/geothermal_text_mining/input_data/dutch/Bestanden (501-1000) (1).RTF,NRC.NEXT,9 October 2020,"Den Haag wordt de eerste gemeente die de warmte van de aarde gaat benutten voor verwarming en warm kraanwater voor een stadswijk. Het ministerie van Economische Zaken en Klimaat (EZK) heeft donderdag groen licht gegeven voor een geothermie-project waarbij 1.200 huizen betrokken worden. Via een bron op twee kilometer diepte, bij de Haagse Leyweg, wordt water opgepompt dat bijna 80 graden warm is. De huizen die zo duurzame warmte krijgen liggen in de wijk Zuidwest. Het project is onderdeel van het project Proeftuinen Aardgasvrij van het ministerie van Binnenlandse Zaken. De gemeente is een van de financiers. Acht jaar geleden werd het project al formeel geopend, maar mede omdat er door de financiële crisis onvoldoende huizen werden opgeleverd, ging de betrokken onderneming failliet. Destijds werd er nooit daadwerkelijk warmte geleverd. Vijf jaar later werd het project weer nieuw leven in geblazen. Over vijf jaar moeten zo'n 2.500 huizen worden bediend en zou het project rendabel zijn. Aardwarmte wordt in Nederland al op meer plekken benut, vooral door de tuinbouwsector. Daarbij is soms een beperkt aantal woningen aangesloten. Door de aardbevingen rond de Groningse gasboringen stellen toezichthouders strenge veiligheidseisen. (NRC) Link naar PDF",NRC.NEXT,Nederland,city,Den Haag,den haag,den haag,city,"Den Haag, Zuid-Holland, Nederland",nominatim,geocode,52.0799838,4.3113461,POINT (4.3113461 52.0799838),,'s-Gravenhage,Zuid-Holland,sentences_points,1,Costs,rendabel,PV28,GM0518,4.3113461,52.0799838
842e0b49b2cb4a8990c382d48bfb3c67,503,183,Per kilometer wordt water 30 graden warmer.,water,Negative,Negative,0.9938,[3],Monster,city,Monster,city,Bestanden (500) (6).RTF,/Users/Yannick/dev/geothermal_text_mining/input_data/dutch/Bestanden (500) (6).RTF,AD/Haagsche Courant,21 December 2022,"Na voorbereidende werkzaamheden is de eerste paal voor de fundering van het Aardwarmteproject Polanen in Monster geslagen. De bouw van Aardwarmte Polanen betekent een forse verduurzaming voor de Westlandse glastuinbouw, vergelijkbaar met het gasverbruik van circa 12.000 tot 18.000 huishoudens. De verwachting is dat hiermee ruim veertig glastuinbouwbedrijven in Westland van het aardgas af kunnen. De aandeelhouders gingen onlangs akkoord met het verstrekken van eigen vermogen voor de aardwarmtebron door HVC en de aanleg van het warmtenet door Warmte Netwerk Westland, een samenwerking tussen Capturam en HVC. Subsidies Eerder zijn subsidies beschikbaar gekomen voor de aardwarmtebron via stimulering duurzame energie en voor het warmtenet via Kansen voor West. Aardwarmte Polanen is een samenwerking tussen HVC en Warmtecoöperatie Polanen, dat uit ruim vijftig glastuinbouwbedrijven bestaat. De boortoren die nu in Maasdijk wordt gebruikt, gaat naar verwachting in april naar Monster en wordt daar weer opgebouwd. Dan kan het boren voor Aardwarmte Polanen beginnen. Bij geothermie wordt warm water uit diepere grondlagen opgepompt en via een warmtewisselaar overgedragen aan een warmtenet. Per kilometer wordt water 30 graden warmer. Het afgekoelde water wordt terug de bodem in gepompt. De warmte is hernieuwbaar. Na gebruik wordt deze ondergrondse bron van nature aangevuld. De urgentie van deze projecten is hoog.",AD/Haagsche Courant,Den Haag,city,Monster,monster,monster,city,"Monster, Westland, Zuid-Holland, Nederland",nominatim,geocode,52.0223028,4.1715344,POINT (4.1715344 52.0223028),,Westland,Zuid-Holland,sentences_points,0,,,PV28,GM1783,4.1715344,52.0223028
e3304f11a3424a429e88d9b889c5ef7f,201,184,Raadslid René Oudshoorn wijst erop dat Den Haag al geen beste reputatie heeft op het gebied van innovatieve warmtewinning.,warmtewinning,Negative,Negative,0.8859,[18],Den Haag,city,Den Haag,city,Bestanden (501-1000) (1).RTF,/Users/Yannick/dev/geothermal_text_mining/input_data/dutch/Bestanden (501-1000) (1).RTF,AD/Haagsche Courant,24 December 2020,"De ingebruikname van de geothermiecentrale aan de Leyweg volgende maand baart de grootste partij in Den Haag grote zorgen. Hart voor Den Haag is bang dat bewoners dadelijk in de kou komen te zitten. Ook is de partij bang voor gevaren van het winnen van aardwarmte in de stad. Raadslid René Oudshoorn wijst erop dat Den Haag al geen beste reputatie heeft op het gebied van innovatieve warmtewinning. Zo zitten bewoners die aangesloten zijn op de zeewaterwarmtecentrale in Scheveningen en de WKO-installaties in Transvaal en Spoorwijk regelmatig in de kou. De centrale gaat begin volgend jaar warmte leveren aan twaalfhonderd tot vijftienhonderd huishoudens. Later komen er nog veel meer bij. Op de centrale wordt heet water uit de diepe aardlagen naar boven gepompt, om vervolgens weer terug te worden gepompt in dezelfde aardlaag. Maar Oudshoorn stelt dat deze centrale veel debacles kent, waaronder een faillissement. De 2,5 kilometer diepe putten zijn ook nooit eerder in bedrijf geweest. Volgens Oudshoorn hebben dit soort buizen een korte levensduur. Dit zou ook blijken uit andere aardwarmteprojecten. Als er dan gaten ontstaan, zal er chemische vloeistof in het grondwater stromen met alle gevolgen van dien, aldus het raadslid. Ook wijst hij erop dat water dat van grote diepte wordt opgehaald vaak in meer of mindere mate radioactief is. Hij wil weten of dit risico is onderzocht. Hart voor Den Haag maakt zich ook zorgen over de veiligheid in de stad. ,,Zelfs de vergunningverlener (Staatstoezicht op de Mijnen, red.) waarschuwde onlangs dat geothermie niet zonder risico's is.'' Er is een kleine kans op bevingen. ,,Het is onbegrijpelijk, zeker gezien alle mislukte projecten die we hier al hebben gehad, dat er niet eerst op kleine schaal wordt getest maar dat meteen grote aantallen huishoudens als proefkonijnen op een dergelijke experimentele centrale worden aangesloten.'' De geothermiecentrale aan de Leyweg.",AD/Haagsche Courant,Den Haag,city,Den Haag,den haag,den haag,city,"Den Haag, Zuid-Holland, Nederland",nominatim,geocode,52.0799838,4.3113461,POINT (4.3113461 52.0799838),,'s-Gravenhage,Zuid-Holland,sentences_points,0,,,PV28,GM0518,4.3113461,52.0799838
e320e9559a9041e2ac9e37c7e8f9f550,304,185,"Subsidie waarop de boorbedrijven rekenden, gaat aan hun neus voorbij.",Subsidie,Negative,Negative,0.9459,[0],Rotterdam,city,Rotterdam,city,Bestanden (1001-1500) (1).RTF,/Users/Yannick/dev/geothermal_text_mining/input_data/dutch/Bestanden (1001-1500) (1).RTF,AD/Rotterdams Dagblad,6 July 2021,"De plannen met aardwarmte in de Rotterdamse regio staan op losse schroeven. Subsidie waarop de boorbedrijven rekenden, gaat aan hun neus voorbij. Het CO2-project van de olieraffinaderijen in de haven heeft het geld voor milieuprojecten weggekaapt. Met geothermie zouden tienduizenden huizen te verwarmen zijn. De gemeenten op Voorne-Putten en in het Westland zien toekomst in warmte uit de diepte van de aarde, omdat die te combineren is met restwarmte van de naburige industrie uit de Rotterdamse haven. Alleen zijn de bedrijven die naar aardwarmte willen boren bij het verdelen van milieusubsidies stuk voor stuk buiten de boot gevallen. Energiebedrijf Engie wijst naar het CO2-afvangproject Porthos van de olieraffinaderijen in de Rotterdamse haven dat twee miljard euro toegezegd heeft gekregen. Daardoor blijft weinig meer over voor andere initiatieven. Engie heeft een brandbrief naar staatssecretaris Dilan YeÅŸilgöz-Zegerius (Economische zaken en klimaat, VVD) gestuurd. De brief is mede-ondertekend door bestuursvoorzitter Tim van der Hagen van de TU Delft en de Delftse burgemeester Marja van Bijsterveldt, omdat een Delfts onderzoekproject naar deze energiebron nu ook niet door dreigt gaan. Juist dat onderzoek is belangrijk voor de toekomst van aardwarmte, zegt een woordvoerder van Engie. De techniek rond geothermie staat nog in de kinderschoenen. In theorie zit zat warmte in de bodem. Alleen zijn de kosten nog hoog. Ook is er risico op vervulling: het oppompen gebeurt met een gesloten systeem, maar als dat lekt kan zout water van twee kilometer diepte in het grond- en drinkwater belanden. De bedrijven Huisman Geo en Yeager die ook in de Rotterdamse regio willen boren, denken pas op z'n vroegst volgend jaar aan de gang te kunnen en hebben hun hoop gevestigd op de nieuwe SDE++-subsidierondes die dan zijn.",AD/Rotterdams Dagblad,Rotterdam,city,Rotterdam,rotterdam,rotterdam,city,"Rotterdam, Zuid-Holland, Nederland",nominatim,geocode,51.9244424,4.47775,POINT (4.47775 51.9244424),,Rotterdam,Zuid-Holland,sentences_points,1,Costs,subsidie,PV28,GM0599,4.47775,51.9244424
6fb4c7c65e224d49b1b2cb03ad24594d,775,186,The Grand en de omgeving daarrond worden dé trekpleister van Nieuwpoort-Bad.,Grand,Positive,Positive,0.995,[1],Nieuwpoort,city,Nieuwpoort,city,Bestanden (500) (4).RTF,/Users/Yannick/dev/geothermal_text_mining/input_data/dutch/Bestanden (500) (4).RTF,De Krant van West-Vlaanderen,,"NIEUWPOORT - Exact 100 jaar na de bouw van het Grand Hotel, zal het iconische gebouw weer uit zijn as verrijzen. Het nieuwe prestigeproject wordt dé blikvanger van Nieuwpoort en zal verschillende functies vervullen. De nieuwe syndicus van The Grand is Wim Demeester van Immo Group-S. ""Het doel is om een gezond evenwicht te creëren tussen oude en nieuwe architectuur zodat het gebouw weer de status krijgt dat het verdient"", zegt hij. Circulair conceptBelevingsplein The Grand krijgt verschillende functies. Zo biedt het complex plaats aan 70 appartementen met verschillende oppervlaktes. Daarnaast is het gebouw ook toegankelijk voor het brede publiek. De iconische bar en het restaurant aan de kant van de zeedijk worden volledig gerenoveerd. Aan de kant van de Albert I-laan is dan weer ruimte voorzien voor ruime handelspanden. ""De veelzijdigheid van The Grand zorgt ervoor dat iedereen weer ten volle van deze historisch parel kan genieten"", aldus Wim Demeester. In het circulaire concept van The Grand wordt gebruikgemaakt van moderne en duurzame technieken zoals geothermie, zonnepanelen en maximale terugwinning van de geproduceerde warmte. Zo wordt het verbruik tot een absoluut minimum beperkt. Daarbovenop zal het gebouw zonder fossiele brandstoffen gekoeld en verwarmd worden. Daardoor genieten alle appartementen van een ideale winter- én zomertemperatuur. ""De duurzame en ecologische technieken zijn een voorbeeld van hoe je historische en iconische gebouwen een tweede leven kunt geven"", vertelt de nieuwe syndicus Wim Demeester. Naast de heropleving van The Grand krijgt ook de omgeving rond het project een extra boost. Zo krijgt eveneens het Hendrikaplein een nieuw leven. De bovengrondse parking zal een belevingsplein worden waarop kinderen zich kunnen uitleven, bezoekers even kunnen uitrusten en evenementen kunnen worden georganiseerd. The Grand en de omgeving daarrond worden dé trekpleister van Nieuwpoort-Bad. ""Het is natuurlijk een hele eer om syndicus van dit prestigeproject te mogen zijn"", besluit Wim Demeester. ""Ik ben ervan overtuigd dat dit Nieuwpoort een extra boost zal geven."" (PG)",De Krant van West-Vlaanderen,,city,Nieuwpoort,nieuwpoort,nieuwpoort,city,"Nieuwpoort, Molenlanden, Zuid-Holland, Nederland",nominatim,geocode,51.9353893,4.868505,POINT (4.868505 51.9353893),,Molenlanden,Zuid-Holland,sentences_points,0,,,PV28,GM1978,4.868505,51.9353893
ae551d7c43e3495bb255381943a94a42,785,187,"Toen wisten we nog niet dat de prijs van gas en elektriciteit zo sterk zou stijgen, maar nu halen we een heel hoog rendement tegen een lage kostprijs.",gas,Negative,Negative,0.9727,[9],Brugge,city,Brugge,city,Bestanden (500) (6).RTF,/Users/Yannick/dev/geothermal_text_mining/input_data/dutch/Bestanden (500) (6).RTF,De Krant van West-Vlaanderen,,"BRUGGE - Nu de winter in aantocht is en de temperatuur daalt, zitten nogal wat schoolbestuurders en directies met de handen in het haar. Fleecedekens doen hun intrede en de temperatuur gaat in zo goed als alle scholen minstens één graad naar omlaag. Lessen trekken ""De situatie in onze scholen is zeker niet dramatisch, maar we houden het verbruik goed in de gaten"", geeft Miek Kemel, algemeen directeur van scholengroep SKOBO eerlijk toe. ""We hanteren geen algemene regels om het energieverbruik binnen de perken te houden, want in elke school is de situatie anders. In onze nieuwe vestiging van het VTI in de Vaartdijkstraat houden we de temperatuur in alle lokalen op peil met geothermie, een innovatieve verwarmingstechniek waarbij de aardwarmte gebruikt wordt om de lokalen te verwarmen."" Technisch adviseur coördinator Ludo Falin heeft zich verdiept in de materie en was bij de bouw van de nieuwe school heel vaak aanwezig toen het buizensysteem via een verticale grondboring in de bodem gebracht werd. ""Er zitten onder het gebouw 138 buizen tot 150 meter diep. Hiermee wordt water opgepompt dat een temperatuur heeft van om en bij 12 graden. Via een systeem van compressoren wordt het water samengedrukt, waardoor het opwarmt en gebruikt wordt om alle lokalen te verwarmen. Het was niet eenvoudig om bij de bouw van de nieuwe school voldoende budgetten vrij te maken voor het project. Toen wisten we nog niet dat de prijs van gas en elektriciteit zo sterk zou stijgen, maar nu halen we een heel hoog rendement tegen een lage kostprijs. We betalen amper 0,54 euro per maand om één vierkante meter van het gebouw te verwarmen. Dat komt overeen met een gemiddelde van ongeveer 315 euro per dag voor elektriciteit en verwarming, wat zeer weinig is voor een gebouw van deze omvang. Zonder geothermie zou de kostprijs een stuk hoger liggen."" Algemeen directeur Miek Kemel is helemaal gewonnen voor deze innovatieve verwarmingstechniek. ""We hebben lessen getrokken uit onze positieve ervaring met geothermie in deze nieuwe campus van het VTI. Het is momenteel de enige school in Vlaanderen die op deze manier verwarmd wordt. Overal waar het kan, zullen we bij de realisatie van nieuwbouwprojecten voor de scholengroep deze verwarmingstechniek toepassen"", aldus de directeur. (PDC)",De Krant van West-Vlaanderen,,city,Brugge,brugge,brugge,city,"Brugge, Vaanpark I, Carnisselande, Barendrecht, Zuid-Holland, Nederland, 2993 LB, Nederland",nominatim,geocode,51.8464409,4.509113,POINT (4.509113 51.8464409),,Barendrecht,Zuid-Holland,sentences_points,1,Costs,rendement,PV28,GM0489,4.509113,51.8464409
5787b48239234788826acefd3c49cc3f,644,188,Totaal kunnen er in Voorhof en Buitenhof 15.000 woningen op het netwerk aangesloten worden.,netwerk,Positive,Positive,0.7995,[13],Delft,city,Delft,city,Bestanden (500) (4).RTF,/Users/Yannick/dev/geothermal_text_mining/input_data/dutch/Bestanden (500) (4).RTF,AD/Haagsche Courant,3 September 2024,"Delft introduceert verwarming voor 6000 woningen uit bron op TU Wat doet het warmtenet precies? Op ruim 2 kilometer onder de grond bij de TU Delft, zit warm water in de bodem, aardwarmte - ook wel geothermie genoemd. Dit water heeft een temperatuur van ongeveer 75 graden. Dit water wordt bij de aardwarmtebron omhoog gepompt. Door het warmtenet, een systeem van buizen van 16 kilometer lang onder de grond, stroomt het warme water richting de woongebouwen. Hiermee kunnen huurwoningen van woningcorporaties Vidomes, Stedelink, DUWO en Woonbron worden verwarmd. Daardoor is er geen gas meer nodig. Welke wijken in Delft worden aangesloten op het warmtenet? Voorlopig is dit warmtenet bedoeld voor Buitenhof, Voorhof en de TU Delft Campus. Omdat er in deze wijken veel woningen op een klein oppervlak staan. En omdat bewoners in deze gebouwen een gasketel delen, maakt dit het aansluiten op een warmtenet makkelijker, geeft de gemeente aan. Totaal kunnen er in Voorhof en Buitenhof 15.000 woningen op het netwerk aangesloten worden. Dit zijn ook koopwoningen. In het 'Warmteplan Delft', dat in 2021 is vastgesteld, staat voor elke wijk welk alternatief voor aardgas de meest geschikte oplossing is. Voor de binnenstad is nu nog onduidelijk welke alternatieve bron voor aardgas kan worden gebruikt. Gaan bewoners nu meer of minder betalen? Ze gaan niet meer, maar ook niet minder betalen. De prijs van de warmte is op het moment van aansluiten namelijk vergelijkbaar met warmte gemaakt met aardgas. Daarna beweegt de prijs mee met de werkelijke kostenontwikkeling voor de productie en distributie van de warmte. De afgelopen jaren is de prijs van gas niet altijd hetzelfde gebleven door de oorlog tussen Rusland en Oekraïne. Met het warmtenet blijven de prijzen stabieler dan voorheen. Wat merken bewoners van het warmtenet? Als het warmtenet er eenmaal ligt, merken bewoners er vrij weinig van. De centrale gasverwarmingsketel wordt vervangen door een aansluiting op het nieuwe warmtenet voor het hele gebouw. De verwarming van woningen kan dan nog steeds met dezelfde radiator ingesteld worden. Van de aanleg van het net kunnen Delftenaren wel wat merken. De soms wel 70 centimeter brede buizen gaan namelijk onder de grond. Hiervoor moeten straten opengebroken worden, wat voor veranderende verkeerssituaties kan zorgen. Dit gebeurt in fases. Voor hoe lang kan er aardwarmte uit de grond worden gehaald? Waarschijnlijk is er genoeg aardwarmte voor de komende dertig jaar. Als dit op is, kan er op hetzelfde warmtenet dat nu wordt aangelegd een andere bron worden aangesloten. Wanneer kan er gebruikgemaakt worden van het warmtenet? De allereerste huizen kunnen - als alles volgens plan gaat - in het najaar van 2025 gebruikmaken van het warmtenet. Uiteindelijk is het de bedoeling dat in 2027 alle 6000 huurwoningen op het netwerk zijn aangesloten. Uiteindelijk is het de bedoeling dat in 2027 alle 6000 huurwoningen op het netwerk zijn aangesloten Ook bij de Sterflats wordt het warmtenet aangesloten.",AD/Haagsche Courant,Den Haag,city,Delft,delft,delft,city,"Delft, Zuid-Holland, Nederland",nominatim,geocode,51.9994572,4.3627245,POINT (4.3627245 51.9994572),,Delft,Zuid-Holland,sentences_points,0,,,PV28,GM0503,4.3627245,51.9994572
fe9626bd2ebf44069723a4ec3a380cbb,531,189,"Uit angst dat het nog eens zou gebeuren tijdens de jaarwisseling, werd besloten de kerk vervroegd te slopen.",kerk,Negative,Negative,0.9962,[15],Den Haag,city,Den Haag,city,Bestanden (500) (6).RTF,/Users/Yannick/dev/geothermal_text_mining/input_data/dutch/Bestanden (500) (6).RTF,AD/Haagsche Courant,2 March 2023,"De huizen moeten begin 2025 klaar zijn, meldt de Duitse eigenaar ZBI Group. Het gaat om energiezuinige appartementen, met onder meer een warmtepomp en zonnepanelen. Een deel van de stroom wordt opgewekt met geothermie, wat betekent dat er warmte wordt gebruikt uit de ondergrond. De appartementen van het project 'Green Harbour' gaan de vrije sector in. Het gaat dus niet om sociale huurhuizen. Een huurprijsindicatie kan Hans Nieuwenhuis van Ridge Group, dat het project ontwikkelt, nog niet geven. ,,Er komen kleinere appartementen, waarvan de huur wat lager zal zijn. En er komen grotere appartementen, waarvan je zeker moet denken aan een huur van 2000 euro per maand. Maar dat zijn er een paar van de 68."" Parkeerplekken De ontwikkelaar heeft gekozen voor huurwoningen in plaats van koopwoningen, omdat 'de woningmarkt in Den Haag daar nu om vraagt'. Zo kunnen expats hier straks wonen, zegt hij. Er komen ook 64 ondergrondse parkeerplekken. Het project komt op de plek waar de Pniëlkerk stond. Jongeren probeerden tijdens rellen in Duindorp, eind 2019, de kerk in de brand te steken. Uit angst dat het nog eens zou gebeuren tijdens de jaarwisseling, werd besloten de kerk vervroegd te slopen. Wijkbewoners gaven destijds aan bang te zijn voor brandstichting. Het vreugdevuur ging dat jaar niet door, waardoor de buurt vandalisme uit protest verwachtte. Het idee om er appartementen te bouwen bestond al langer, maar het project lag lang stil.",AD/Haagsche Courant,Den Haag,city,Den Haag,den haag,den haag,city,"Den Haag, Zuid-Holland, Nederland",nominatim,geocode,52.0799838,4.3113461,POINT (4.3113461 52.0799838),,'s-Gravenhage,Zuid-Holland,sentences_points,0,,,PV28,GM0518,4.3113461,52.0799838
08b17bd0cbb74542ae63ed196fcfef05,345,190,Uit het onderzoek blijkt dat de helft van de telers problemen voorziet bij de beschikking over minder grondwater.,telers,Negative,Negative,0.9832,[9],Maasdijk,site,Maasdijk,site,Bestanden (1500-1862).RTF,/Users/Yannick/dev/geothermal_text_mining/input_data/dutch/Bestanden (1500-1862).RTF,Nieuwe Oogst,23 October 2021,"Alphen aan den Rijn doet onderzoek naar buitengebied Alphen aan den Rijn - Onderzoek of het mogelijk is om een accountmanager boerenerven aan te stellen, die zich bezighoudt met het ondersteunen en meedenken met agrarisch ondernemers over hun toekomstplannen. Dat is een aanbeveling uit het onderzoek dat gemeente Alphen aan den Rijn liet uitvoeren naar de toekomst van haar buitengebied. Uit het onderzoek komt naar voren dat er weinig zicht is op hoe het met boeren gaat en wat hun ambities zijn. De gemeente gebruikt de resultaten en aanbevelingen als bouwstenen voor een nieuw op te stellen programma 'Landelijk gebied'. Zorgen over waterkwaliteit door rivierkreeften Krimpenerwaard - Hoogheemraadschap van Schieland en Krimpenerwaard heeft in de Krimpenerwaard op 90 procent van alle onderzochte locaties rivierkreeften gevangen. In Schieland zijn kreeften op een derde van de locaties aangetroffen. De slechte invloed op de waterkwaliteit door de rivierkreeft baart het waterschap zorgen. Sinds 2020 doet het schap onderzoek naar de rode Amerikaanse rivierkreeft. Besluit aanleg zonneweide Jaagweg nog uitgesteld Berkhout - Het gemeentebestuur van Koggenland heeft meer tijd nodig om een raadsbesluit voor te bereiden over het in eigen beheer ontwikkelen van een zonneweide aan de Jaagweg in Berkhout. Er is te veel onzekerheid over de kosten van de netaansluiting en de benodigde grondstoffen. Die stijgen de pan uit, stelt het college van burgemeester en wethouders. Doordat netbeheerder Liander te weinig capaciteit over heeft op het bestaande energienetwerk, kunnen ook die kosten in de papieren lopen. Aansluiting op een ander onderstation in Midwoud vraagt om een kabel van ruim 15 kilometer, die onder de snelweg A7 en twee spoorlijnen zou moeten worden doorgetrokken. Komst aardwarmteproject Maasdijk stap dichterbij Maasdijk - De realisatie van het aardwarmteproject in Maasdijk is een stuk dichterbij gekomen met het akkoord van aandeelhouders HVC en Capturam over het verstrekken van het eigen vermogen voor drie doubletten en de aanleg van het warmtenet. Daarnaast hebben de leden van de Warmtecoöperatie Kralingerpolder zich aangesloten bij de coöperatie Maasdijk. De werkzaamheden voor realisatie van het project, dat in 2018 door glastuinders is geïnitieerd, starten nog dit jaar. Glastuinders Oostland willen aan de slag met gietwater Oostland - Tuinders in Oostland willen aan de slag met gietwater. Dat blijkt uit een enquête die deze zomer is gehouden door twee studenten van de Haagse Hogeschool naar de gevolgen van de klimaatverandering voor de sector. Deze week zijn de resultaten gepresenteerd op Glastuinbouw Waterproof. Uit het onderzoek blijkt dat de helft van de telers problemen voorziet bij de beschikking over minder grondwater. Gietwater kan volgens een groot deel van ondernemers als alternatief dienen. Gemeenten Langedijk en Heerhugowaard fuseren Langedijk/Heerhugowaard - Gemeenten Langedijk en Heerhugowaard fuseren per 1 januari 2022 tot de gemeente Dijk en Waard. Twaalf politieke partijen doen mee aan de herindelingsverkiezingen in de gemeenten die eind november worden gehouden.",Nieuwe Oogst,Nederland,site,Maasdijk,maasdijk,maasdijk,site,"Maasdijk, Westland, Zuid-Holland, Nederland",nominatim,geocode,51.9575497,4.2149056,POINT (4.2149056 51.9575497),,Westland,Zuid-Holland,sentences_points,0,,,PV28,GM1783,4.2149056,51.9575497
7fe151dce1564260812692c176f2ea64,345,191,Uit het onderzoek komt naar voren dat er weinig zicht is op hoe het met boeren gaat en wat hun ambities zijn.,onderzoek,Negative,Negative,0.9916,[2],Maasdijk,site,Maasdijk,site,Bestanden (1500-1862).RTF,/Users/Yannick/dev/geothermal_text_mining/input_data/dutch/Bestanden (1500-1862).RTF,Nieuwe Oogst,23 October 2021,"Alphen aan den Rijn doet onderzoek naar buitengebied Alphen aan den Rijn - Onderzoek of het mogelijk is om een accountmanager boerenerven aan te stellen, die zich bezighoudt met het ondersteunen en meedenken met agrarisch ondernemers over hun toekomstplannen. Dat is een aanbeveling uit het onderzoek dat gemeente Alphen aan den Rijn liet uitvoeren naar de toekomst van haar buitengebied. Uit het onderzoek komt naar voren dat er weinig zicht is op hoe het met boeren gaat en wat hun ambities zijn. De gemeente gebruikt de resultaten en aanbevelingen als bouwstenen voor een nieuw op te stellen programma 'Landelijk gebied'. Zorgen over waterkwaliteit door rivierkreeften Krimpenerwaard - Hoogheemraadschap van Schieland en Krimpenerwaard heeft in de Krimpenerwaard op 90 procent van alle onderzochte locaties rivierkreeften gevangen. In Schieland zijn kreeften op een derde van de locaties aangetroffen. De slechte invloed op de waterkwaliteit door de rivierkreeft baart het waterschap zorgen. Sinds 2020 doet het schap onderzoek naar de rode Amerikaanse rivierkreeft. Besluit aanleg zonneweide Jaagweg nog uitgesteld Berkhout - Het gemeentebestuur van Koggenland heeft meer tijd nodig om een raadsbesluit voor te bereiden over het in eigen beheer ontwikkelen van een zonneweide aan de Jaagweg in Berkhout. Er is te veel onzekerheid over de kosten van de netaansluiting en de benodigde grondstoffen. Die stijgen de pan uit, stelt het college van burgemeester en wethouders. Doordat netbeheerder Liander te weinig capaciteit over heeft op het bestaande energienetwerk, kunnen ook die kosten in de papieren lopen. Aansluiting op een ander onderstation in Midwoud vraagt om een kabel van ruim 15 kilometer, die onder de snelweg A7 en twee spoorlijnen zou moeten worden doorgetrokken. Komst aardwarmteproject Maasdijk stap dichterbij Maasdijk - De realisatie van het aardwarmteproject in Maasdijk is een stuk dichterbij gekomen met het akkoord van aandeelhouders HVC en Capturam over het verstrekken van het eigen vermogen voor drie doubletten en de aanleg van het warmtenet. Daarnaast hebben de leden van de Warmtecoöperatie Kralingerpolder zich aangesloten bij de coöperatie Maasdijk. De werkzaamheden voor realisatie van het project, dat in 2018 door glastuinders is geïnitieerd, starten nog dit jaar. Glastuinders Oostland willen aan de slag met gietwater Oostland - Tuinders in Oostland willen aan de slag met gietwater. Dat blijkt uit een enquête die deze zomer is gehouden door twee studenten van de Haagse Hogeschool naar de gevolgen van de klimaatverandering voor de sector. Deze week zijn de resultaten gepresenteerd op Glastuinbouw Waterproof. Uit het onderzoek blijkt dat de helft van de telers problemen voorziet bij de beschikking over minder grondwater. Gietwater kan volgens een groot deel van ondernemers als alternatief dienen. Gemeenten Langedijk en Heerhugowaard fuseren Langedijk/Heerhugowaard - Gemeenten Langedijk en Heerhugowaard fuseren per 1 januari 2022 tot de gemeente Dijk en Waard. Twaalf politieke partijen doen mee aan de herindelingsverkiezingen in de gemeenten die eind november worden gehouden.",Nieuwe Oogst,Nederland,site,Maasdijk,maasdijk,maasdijk,site,"Maasdijk, Westland, Zuid-Holland, Nederland",nominatim,geocode,51.9575497,4.2149056,POINT (4.2149056 51.9575497),,Westland,Zuid-Holland,sentences_points,0,,,PV28,GM1783,4.2149056,51.9575497
b3280bcf09254c0e983c616a143e1b0f,202,192,"Uitbreiding Om de warmte bij glastuinbouwondernemers te krijgen, wordt het warmtenet verder uitgebreid.",warmtenet,Positive,Positive,0.6442,[11],Naaldwijk,city,Naaldwijk,city,Bestanden (501-1000) (1).RTF,/Users/Yannick/dev/geothermal_text_mining/input_data/dutch/Bestanden (501-1000) (1).RTF,AD/Haagsche Courant,31 December 2020,"De Bospolder in Naaldwijk is door werkzaamheden voor de uitbreiding van het warmtenet in Westland van 4 januari tot 29 april dicht in de richting van de Burgemeester Elsenweg (N213). Het verkeer wordt in deze periode omgeleid via de Dortlaan, Zwartendijk, Grote Woerdlaan en Bosweg. Verkeer vanaf de Burgemeester Elsenweg kan via een versmalde rijstrook wél doorrijden. Voor (brom)fietsers blijft de weg in beide richtingen toegankelijk. En als er dan toch gewerkt moet worden, wordt geprobeerd zoveel mogelijk werkzaamheden van verschillende instanties tegelijkertijd te doen om de overlast te beperken. Zo werkt Trias Westland samen met de provincie Zuid-Holland en de gemeente Westland aan de gefaseerde aanleg onder de N213. Het groot onderhoud is verschoven in de planning en de werkzaamheden van de provincie en gemeente zijn samengevoegd. Trias legt een warmtenet aan in Westland waarbij gebruik wordt gemaakt van aardwarmte. Het warmtenet verbindt de aardwarmtebron met de bedrijven van glastuinbouwondernemers. Het aansluiten op aardwarmte Trias Westland moet voor een forse verduurzaming van de Westlandse glastuinbouw zorgen. In de zomer van dit jaar is de tweede aardwarmtebron van Trias in Westland aangeboord. Ook de bovengrondse installaties worden nu gerealiseerd. Uitbreiding Om de warmte bij glastuinbouwondernemers te krijgen, wordt het warmtenet verder uitgebreid. Het werk start op 4 januari en duurt tot medio volgend jaar. Het warmtenet vervolgt zijn route vanaf Royal FloraHolland in Naaldwijk naar Westland Infra in Poeldijk. Ook in de nabijgelegen Bospolder sluit een groot aantal glastuinbouwbedrijven aan op het warmtenet. Een warmtenet bestaat uit twee buizen (één voor toevoer, één voor retour) onder de grond, waarmee warmte wordt vervoerd naar kassen en gebouwen met warm water.",AD/Haagsche Courant,Den Haag,city,Naaldwijk,naaldwijk,naaldwijk,city,"Naaldwijk, Westland, Zuid-Holland, Nederland",nominatim,geocode,51.9930016,4.2074197,POINT (4.2074197 51.9930016),,Westland,Zuid-Holland,sentences_points,0,,,PV28,GM1783,4.2074197,51.9930016
c7379453756741dba89033e5cf1ebf75,25,193,"Van aardschokken wisten we niets, iedereen was verrukt over de gasbel van Slochteren.",gasbel,Positive,Positive,0.9977,[11],Gouda,city,Gouda,city,Bestanden (1-500) (1).RTF,/Users/Yannick/dev/geothermal_text_mining/input_data/dutch/Bestanden (1-500) (1).RTF,AD/Groene Hart,15 February 2020,"Column Ja hoor, daar gaat mijn gasfornuis! Gouda wil in 2040 aardgasvrij zijn. Dat is goed te doen. Bedenk hoe de wereld er twee decennia geleden uitzag. De aanslagen op New York hadden nog niet plaatsgevonden, ouderen gingen met de VUT en klimaatverandering stond nergens op de politieke agenda. In twintig jaar kun je bergen verzetten. De energietransitie in de jaren 60 ging sneller. Met uitzondering van dunbevolkte gebieden werd binnen tien jaar heel Nederland aangesloten op het aardgasnet. Van aardschokken wisten we niets, iedereen was verrukt over de gasbel van Slochteren. Ik ook. Als oudste kind in het gezin zorgde ik voor het vullen van de kolenkitten. In ons flatgebouw in Gouda-noord stortte de kolenboer ieder najaar een paar mud antraciet in de berging. In het stoffig halfduister schepte ik dagelijks twee kitten vol en sjouwde ze de trappen op naar tweehoog. Dat vieze karwei was op slag voorbij. Er zal best door een enkeling nostalgisch zijn gemijmerd over de teloorgang van vlammende steenkooltjes, maar bij ons thuis werden de gevelkachels in de slaapkamers met gejuich begroet. Het waren de koudste winters van de eeuw. Van het aardgas àf is ingewikkelder. Niet iedereen beschouwt de overgang naar energie uit zon, wind en water als vooruitgang. De verhitte debatten tussen 'klimaatgekkies' en klimaatontkenners (wie zijn eigenlijk de gekkies?) hebben vooral met geld te maken. Destijds was de transitie voor iedereen gratis en hetzelfde. Nu zijn er verschillende opties met behoorlijke prijskaartjes. Des te beter dat de plaatselijke overheid het voortouw neemt naar aardgasvrij en CO2-neutraal. Nieuwe energie is te belangrijk om over te laten aan incidentele burgerinitiatieven of de markt. In de schouwburg is maandag een inspiratieavond met als motto 'Beleef de actie'. Voor onze buurt wordt gedacht aan geothermie als energiebron. Ik zou kunnen treuren over mijn straks overbodige gasfornuis. Maar de opluchting dat er kansrijke alternatieven zijn om de toekomst veilig te stellen, is groter. Iedereen was verrukt over de gasbel van Slochteren. Ik ook",AD/Groene Hart,Zuid-Holland,city,Gouda,gouda,gouda,city,"Gouda, Zuid-Holland, Nederland",nominatim,geocode,52.0114922,4.7106094,POINT (4.7106094 52.0114922),,Gouda,Zuid-Holland,sentences_points,0,,,PV28,GM0513,4.7106094,52.0114922
729e7d2fb1ac44eea176afce341a39ad,25,194,Van het aardgas àf is ingewikkelder.,aardgas,Negative,Negative,0.667,[2],Gouda,city,Gouda,city,Bestanden (1-500) (1).RTF,/Users/Yannick/dev/geothermal_text_mining/input_data/dutch/Bestanden (1-500) (1).RTF,AD/Groene Hart,15 February 2020,"Column Ja hoor, daar gaat mijn gasfornuis! Gouda wil in 2040 aardgasvrij zijn. Dat is goed te doen. Bedenk hoe de wereld er twee decennia geleden uitzag. De aanslagen op New York hadden nog niet plaatsgevonden, ouderen gingen met de VUT en klimaatverandering stond nergens op de politieke agenda. In twintig jaar kun je bergen verzetten. De energietransitie in de jaren 60 ging sneller. Met uitzondering van dunbevolkte gebieden werd binnen tien jaar heel Nederland aangesloten op het aardgasnet. Van aardschokken wisten we niets, iedereen was verrukt over de gasbel van Slochteren. Ik ook. Als oudste kind in het gezin zorgde ik voor het vullen van de kolenkitten. In ons flatgebouw in Gouda-noord stortte de kolenboer ieder najaar een paar mud antraciet in de berging. In het stoffig halfduister schepte ik dagelijks twee kitten vol en sjouwde ze de trappen op naar tweehoog. Dat vieze karwei was op slag voorbij. Er zal best door een enkeling nostalgisch zijn gemijmerd over de teloorgang van vlammende steenkooltjes, maar bij ons thuis werden de gevelkachels in de slaapkamers met gejuich begroet. Het waren de koudste winters van de eeuw. Van het aardgas àf is ingewikkelder. Niet iedereen beschouwt de overgang naar energie uit zon, wind en water als vooruitgang. De verhitte debatten tussen 'klimaatgekkies' en klimaatontkenners (wie zijn eigenlijk de gekkies?) hebben vooral met geld te maken. Destijds was de transitie voor iedereen gratis en hetzelfde. Nu zijn er verschillende opties met behoorlijke prijskaartjes. Des te beter dat de plaatselijke overheid het voortouw neemt naar aardgasvrij en CO2-neutraal. Nieuwe energie is te belangrijk om over te laten aan incidentele burgerinitiatieven of de markt. In de schouwburg is maandag een inspiratieavond met als motto 'Beleef de actie'. Voor onze buurt wordt gedacht aan geothermie als energiebron. Ik zou kunnen treuren over mijn straks overbodige gasfornuis. Maar de opluchting dat er kansrijke alternatieven zijn om de toekomst veilig te stellen, is groter. Iedereen was verrukt over de gasbel van Slochteren. Ik ook",AD/Groene Hart,Zuid-Holland,city,Gouda,gouda,gouda,city,"Gouda, Zuid-Holland, Nederland",nominatim,geocode,52.0114922,4.7106094,POINT (4.7106094 52.0114922),,Gouda,Zuid-Holland,sentences_points,0,,,PV28,GM0513,4.7106094,52.0114922
a27d9ca89afb45469712e88247fbff17,156,195,Vanuit de bron op twee kilometer diepte wordt water van circa 78 graden opgepompt.,water,Negative,Negative,0.9349,[8],Den Haag,city,Den Haag,city,Bestanden (501-1000) (1).RTF,/Users/Yannick/dev/geothermal_text_mining/input_data/dutch/Bestanden (501-1000) (1).RTF,"De Posthoorn, Laak",14 October 2020,"Den Haag - Den Haag is de eerste stad in Nederland waar huizen verwarmd worden met schone warmte uit eigen bodem. Het ministerie van Economische Zaken heeft met een definitief besluit groen licht gegeven voor het winnen van aardwarmte in de centrale aan de Leyweg. Vanuit de bron op twee kilometer diepte wordt water van circa 78 graden opgepompt. Die warmte wordt overgezet en via het stadsverwarmingsnet krijgen woningen in stadsdeel Zuidwest verwarming en warm kraanwater. Zo kan aan de eerste 1200 huizen aardwarmte (geothermie) worden geleverd. Deze is schoon en duurzaam. De gemeente heeft via het Energiefonds Den Haag een deel van de financiering beschikbaar gesteld voor deze bron. Wethouder Liesbeth van Tongeren (Duurzaamheid en Energietransitie) is trots. ""Hiermee laten we zien dat het kan: in een dichtbevolkte stad als Den Haag schone warmte uit eigen bron gebruiken.”","De Posthoorn, Laak",,city,Den Haag,den haag,den haag,city,"Den Haag, Zuid-Holland, Nederland",nominatim,geocode,52.0799838,4.3113461,POINT (4.3113461 52.0799838),,'s-Gravenhage,Zuid-Holland,sentences_points,0,,,PV28,GM0518,4.3113461,52.0799838
cdda6f0a92d44c65a2994687ae9eb67d,158,196,Veel bibliotheken kunnen hierbij helpen.,bibliotheken,Positive,Positive,0.9817,[1],Den Haag,city,Den Haag,city,Bestanden (501-1000) (1).RTF,/Users/Yannick/dev/geothermal_text_mining/input_data/dutch/Bestanden (501-1000) (1).RTF,"De Posthoorn, Segbroek",14 October 2020,"Den Haag - De CoronaMelder-app is klaar en te installeren via de App Store en de Google Play Store. Hij stuurt een melding als je langer dan 15 minuten dicht bij iemand in de buurt bent geweest, die later het virus blijkt te hebben. CoronaMelder-app is voor iedereen beschikbaar Den Haag - Vanaf nu kan iedereen de CoronaMelder-app gebruiken. De app stuurt een melding als je langer dan 15 minuten dicht bij iemand in de buurt bent geweest, die later het coronavirus blijkt te hebben. Als je een melding hebt ontvangen, lees je in de app welke maatregelen je kan nemen en of je je kan laten testen. Zo weet je na een melding dat je meer kans hebt om besmet te zijn en kun je voorkomen dat je onbewust een ander besmet. Want je kunt het coronavirus al doorgeven, voordat je je ziek voelt. CoronaMelder is een aanvulling op het reguliere bron- en contactonderzoek van de GGD. Met de app kunnen ook mensen worden geïnformeerd die niet naar voren komen uit het bron- en contactonderzoek. De app weet niet wie of waar je bent. Ook geeft de app geen meldingen over actuele besmettingen in de buurt. De basisregels, zoals 1,5 meter afstand houden en vaak je handen wassen, blijven dus belangrijk! CoronaMelder is te vinden in de App Store en de Google Play Store. Het downloaden van de app is altijd vrijwillig. Hulp nodig bij het installeren? Veel bibliotheken kunnen hierbij helpen. Of bel de Helpdesk CoronaMelder op 0800-1280. Den Haag is eerste stad met warmte uit bodem Den Haag - Den Haag is de eerste stad in Nederland waar huizen verwarmd worden met schone warmte uit eigen bodem. Het ministerie van Economische Zaken heeft met een definitief besluit groen licht gegeven voor het winnen van aardwarmte in de centrale aan de Leyweg. Vanuit de bron op twee kilometer diepte wordt water van circa 78 graden opgepompt. Die warmte wordt overgezet en via het stadsverwarmingsnet krijgen woningen in stadsdeel Zuidwest verwarming en warm kraanwater. Zo kan aan de eerste 1200 huizen aardwarmte (geothermie) worden geleverd. Deze is schoon en duurzaam. De gemeente heeft via het Energiefonds Den Haag een deel van de financiering beschikbaar gesteld voor deze bron. Wethouder Liesbeth van Tongeren (Duurzaamheid en Energietransitie) is trots. ""Hiermee laten we zien dat het kan: in een dichtbevolkte stad als Den Haag schone warmte uit eigen bron gebruiken.” Een definitief besluit voor winning van aardwarmte, zoals bij de centrale aan de Leyweg, wordt niet zomaar genomen. Er moet aan strenge veiligheidseisen worden voldaan. Hiervoor is het ministerie te rade gegaan bij verschillende organisaties als TNO, de Mijnraad, de Omgevingsdienst Haaglanden, Provincie Zuid-Holland en Hoogheemraadschap Delfland.","De Posthoorn, Segbroek",,city,Den Haag,den haag,den haag,city,"Den Haag, Zuid-Holland, Nederland",nominatim,geocode,52.0799838,4.3113461,POINT (4.3113461 52.0799838),,'s-Gravenhage,Zuid-Holland,sentences_points,0,,,PV28,GM0518,4.3113461,52.0799838
7a007d8125b1497aa4748077ae31a8f6,148,197,"Via een bron op twee kilometer diepte, bij de Haagse Leyweg, wordt water opgepompt dat bijna 80 graden heet is.",bron,Negative,Negative,0.9907,[2],Den Haag,city,Den Haag,city,Bestanden (501-1000) (1).RTF,/Users/Yannick/dev/geothermal_text_mining/input_data/dutch/Bestanden (501-1000) (1).RTF,NRC Handelsblad,9 October 2020,"Den Haag wordt de eerste gemeente die de warmte van de aarde gaat benutten voor verwarming en warm kraanwater voor een stadswijk. Het ministerie van Economische Zaken en Klimaat (EZK) heeft donderdag groen licht gegeven voor een geothermie-project waarbij 1.200 huizen betrokken worden. Via een bron op twee kilometer diepte, bij de Haagse Leyweg, wordt water opgepompt dat bijna 80 graden heet is. De huizen die zo duurzame warmte krijgen, liggen in de wijk Zuidwest. Het project is onderdeel van het project Proeftuinen Aardgasvrij van het ministerie van Binnenlandse Zaken. De gemeente is een van de financiers. Acht jaar geleden werd het project al formeel geopend, maar mede omdat er door de financiële crisis onvoldoende huizen werden opgeleverd, ging de betrokken onderneming failliet. Ze heeft ook nooit daadwerkelijk warmte geleverd. Vijf jaar later werd het project weer nieuw leven in geblazen. Over vijf jaar moeten zo'n 2.500 huizen worden bediend en zou het project rendabel zijn. Aardwarmte wordt in Nederland al op meer plekken benut, vooral door de tuinbouwsector. Daarbij is soms een beperkt aantal woningen aangesloten. Door de aardbevingen rond de Groningse gasboringen stellen toezichthouders strenge veiligheidseisen. (NRC) Link naar PDF",NRC Handelsblad,Nederland,city,Den Haag,den haag,den haag,city,"Den Haag, Zuid-Holland, Nederland",nominatim,geocode,52.0799838,4.3113461,POINT (4.3113461 52.0799838),,'s-Gravenhage,Zuid-Holland,sentences_points,0,,,PV28,GM0518,4.3113461,52.0799838
350624afbafc46be82f5b892ea298831,147,198,"Via een bron op twee kilometer diepte, bij de Haagse Leyweg, wordt water opgepompt dat bijna 80 graden warm is.",bron,Negative,Negative,0.9833,[2],Den Haag,city,Den Haag,city,Bestanden (501-1000) (1).RTF,/Users/Yannick/dev/geothermal_text_mining/input_data/dutch/Bestanden (501-1000) (1).RTF,NRC.NEXT,9 October 2020,"Den Haag wordt de eerste gemeente die de warmte van de aarde gaat benutten voor verwarming en warm kraanwater voor een stadswijk. Het ministerie van Economische Zaken en Klimaat (EZK) heeft donderdag groen licht gegeven voor een geothermie-project waarbij 1.200 huizen betrokken worden. Via een bron op twee kilometer diepte, bij de Haagse Leyweg, wordt water opgepompt dat bijna 80 graden warm is. De huizen die zo duurzame warmte krijgen liggen in de wijk Zuidwest. Het project is onderdeel van het project Proeftuinen Aardgasvrij van het ministerie van Binnenlandse Zaken. De gemeente is een van de financiers. Acht jaar geleden werd het project al formeel geopend, maar mede omdat er door de financiële crisis onvoldoende huizen werden opgeleverd, ging de betrokken onderneming failliet. Destijds werd er nooit daadwerkelijk warmte geleverd. Vijf jaar later werd het project weer nieuw leven in geblazen. Over vijf jaar moeten zo'n 2.500 huizen worden bediend en zou het project rendabel zijn. Aardwarmte wordt in Nederland al op meer plekken benut, vooral door de tuinbouwsector. Daarbij is soms een beperkt aantal woningen aangesloten. Door de aardbevingen rond de Groningse gasboringen stellen toezichthouders strenge veiligheidseisen. (NRC) Link naar PDF",NRC.NEXT,Nederland,city,Den Haag,den haag,den haag,city,"Den Haag, Zuid-Holland, Nederland",nominatim,geocode,52.0799838,4.3113461,POINT (4.3113461 52.0799838),,'s-Gravenhage,Zuid-Holland,sentences_points,0,,,PV28,GM0518,4.3113461,52.0799838
2f85ba26c21b4769bafb0ea31be146d2,147,199,Vijf jaar later werd het project weer nieuw leven in geblazen.,project,Positive,Positive,0.9946,[5],Den Haag,city,Den Haag,city,Bestanden (501-1000) (1).RTF,/Users/Yannick/dev/geothermal_text_mining/input_data/dutch/Bestanden (501-1000) (1).RTF,NRC.NEXT,9 October 2020,"Den Haag wordt de eerste gemeente die de warmte van de aarde gaat benutten voor verwarming en warm kraanwater voor een stadswijk. Het ministerie van Economische Zaken en Klimaat (EZK) heeft donderdag groen licht gegeven voor een geothermie-project waarbij 1.200 huizen betrokken worden. Via een bron op twee kilometer diepte, bij de Haagse Leyweg, wordt water opgepompt dat bijna 80 graden warm is. De huizen die zo duurzame warmte krijgen liggen in de wijk Zuidwest. Het project is onderdeel van het project Proeftuinen Aardgasvrij van het ministerie van Binnenlandse Zaken. De gemeente is een van de financiers. Acht jaar geleden werd het project al formeel geopend, maar mede omdat er door de financiële crisis onvoldoende huizen werden opgeleverd, ging de betrokken onderneming failliet. Destijds werd er nooit daadwerkelijk warmte geleverd. Vijf jaar later werd het project weer nieuw leven in geblazen. Over vijf jaar moeten zo'n 2.500 huizen worden bediend en zou het project rendabel zijn. Aardwarmte wordt in Nederland al op meer plekken benut, vooral door de tuinbouwsector. Daarbij is soms een beperkt aantal woningen aangesloten. Door de aardbevingen rond de Groningse gasboringen stellen toezichthouders strenge veiligheidseisen. (NRC) Link naar PDF",NRC.NEXT,Nederland,city,Den Haag,den haag,den haag,city,"Den Haag, Zuid-Holland, Nederland",nominatim,geocode,52.0799838,4.3113461,POINT (4.3113461 52.0799838),,'s-Gravenhage,Zuid-Holland,sentences_points,0,,,PV28,GM0518,4.3113461,52.0799838
9ed2a7f0bfce4ab78dab12621186a281,612,200,Volgens de berekeningen van verschillende adviseurs bestaat een kans op 'cosmetische schade' van gebouwen in het gebied als gevolg van mogelijke 'seismische activiteit'.,gebouwen,Negative,Negative,0.9838,[15],Delft,city,Delft,city,Bestanden (500) (4).RTF,/Users/Yannick/dev/geothermal_text_mining/input_data/dutch/Bestanden (500) (4).RTF,AD/Haagsche Courant,5 March 2024,"Extra risico's door ongeluk bij boring Door het kilometerslange gat is het mogelijk dat waterstromen 'ongewenst doorlekken' naar diepere aardlagen, meldt Staatstoezicht op de Mijnen in een brief aan het aardwarmtebedrijf Geothermie Delft (GTD). Als gevolg van de boringen in de Delftse bodem is daarnaast ook de kans dat aardbevingen ontstaan 'niet verwaarloosbaar klein', schrijft de toezichthouder van het Ministerie van Economische Zaken en Klimaat. Daarom eist ze van het bedrijf dat de aardwarmte uit de grond wil pompen onder meer dat die specifieke beheersmaatregelen neemt. Doet GTD dat onvoldoende, dan krijgt het bedrijf problemen met het verkrijgen van een vergunning van het ministerie. Technische fout Staatstoezicht op de Mijnen noemt in een advies bijvoorbeeld dat het bedrijf een speciale pot voor eventuele schade moet reserveren. Volgens de berekeningen van verschillende adviseurs bestaat een kans op 'cosmetische schade' van gebouwen in het gebied als gevolg van mogelijke 'seismische activiteit'. Door een technische fout bij het boren is het afgelopen najaar al misgegaan in Delft, vertelt de woordvoerder van het aardwarmtebedrijf. Of het te voorkomen viel, wil het bedrijf niet zeggen. Het ongeluk met de boorkop komt nu aan het licht doordat GTD een startvergunning heeft aangevraagd. Alle adviezen die zijn gegeven over het project zijn daarom begin vorige maand officieel openbaar gemaakt, zodat omwonenden en andere belanghebbenden ze kunnen inzien. ,,Boringen in de diepe ondergrond lukken niet altijd. Het boorgat is een open gat tijdens de boring en het gebeurt vaker dat zo'n gang instort"", vertelt de GTD-woordvoerder. Bij de boring in Delft stortte het boorgat in toen er in een aardlaag van kleisteen werd gedrild en een boorkop onwrikbaar kwam vast te zitten. ,,Het is de verwachting dat de gang vanzelf sluit. Door druk in de bodem zal de gang worden gedicht"", weet de woordvoerder. Boorkop slaat gat in bodem In Vierpolders wordt al volop aardwarmte uit de ondergrond gewonnen. Foto Arie Kievit Boorkop slaat gat in bodem",AD/Haagsche Courant,Den Haag,city,Delft,delft,delft,city,"Delft, Zuid-Holland, Nederland",nominatim,geocode,51.9994572,4.3627245,POINT (4.3627245 51.9994572),,Delft,Zuid-Holland,sentences_points,1,Risks,seismische activiteit,PV28,GM0503,4.3627245,51.9994572
54f5e672b02b4e8e933977bdd8b9652e,682,201,"Volgens NetVerder lukt het in Delft wel om een voor bewoners aantrekkelijk net aan te leggen, omdat alle partijen die bij de aanleg zijn betrokken elkaar vertrouwen en volledig open zijn over hun financiën.",net,Positive,Positive,0.942,[12],Delft,city,Delft,city,1-500.RTF,/Users/Yannick/dev/geothermal_text_mining/input_data/dutch/1-500.RTF,de Volkskrant,31 January 2025,"Economie Terwijl de uitbreiding van bestaande warmtenetten op veel plekken is vastgelopen, wordt in Delft juist een geheel nieuw warmtenet aangelegd. Binnen twee jaar moeten zesduizend bestaande huurwoningen op het net worden aangesloten. Dat heeft NetVerder bekendgemaakt, een zusteronderneming van netbeheerder Stedin. Het bedrijf, met 61 gemeenten, twee provincies en de rijksoverheid als aandeelhouders, is deze maand officieel met de bouw van de voorziening begonnen. Nog eind dit jaar moeten de eerste huizen worden aangesloten in de wijken Voorhof en Buitenhof, en de campus van de TU Delft. De energie komt deels uit een aardwarmtebron, waarbij heet water van zo'n 2.500 meter onder de stad wordt opgepompt. Daardoor zijn de bewoners straks minder afhankelijk van fluctuerende stroom- en gasprijzen. Op termijn zouden zelfs vijftienduizend woningen op het net kunnen worden aangesloten. Dat het in Delft lukt een nieuw warmtenet te bouwen, is opmerkelijk. De laatste jaren zijn er vooral veel berichten over vastgelopen plannen voor collectieve warmtevoorziening. Daarbij gaat het met name om de uitbreiding van bestaande warmtenetten voor bestaande woningen. Bewoners waren vaak duurder uit als hun cv was vervangen door een warmte-aansluiting. Vorig jaar leidde dat in diverse buurten tot groot verzet. Onder meer in Amsterdam en Rotterdam zijn gemeenten, energiebedrijven en woningcorporaties gestopt met lopende projecten. Volgens NetVerder lukt het in Delft wel om een voor bewoners aantrekkelijk net aan te leggen, omdat alle partijen die bij de aanleg zijn betrokken elkaar vertrouwen en volledig open zijn over hun financiën.",de Volkskrant,,city,Delft,delft,delft,city,"Delft, Zuid-Holland, Nederland",nominatim,geocode,51.9994572,4.3627245,POINT (4.3627245 51.9994572),,Delft,Zuid-Holland,sentences_points,1,Support,vertrouwen,PV28,GM0503,4.3627245,51.9994572
f3a810d148d14102b524585f4b94e9e4,201,202,Volgens Oudshoorn hebben dit soort buizen een korte levensduur.,buizen,Negative,Negative,0.9928,[5],Den Haag,city,Den Haag,city,Bestanden (501-1000) (1).RTF,/Users/Yannick/dev/geothermal_text_mining/input_data/dutch/Bestanden (501-1000) (1).RTF,AD/Haagsche Courant,24 December 2020,"De ingebruikname van de geothermiecentrale aan de Leyweg volgende maand baart de grootste partij in Den Haag grote zorgen. Hart voor Den Haag is bang dat bewoners dadelijk in de kou komen te zitten. Ook is de partij bang voor gevaren van het winnen van aardwarmte in de stad. Raadslid René Oudshoorn wijst erop dat Den Haag al geen beste reputatie heeft op het gebied van innovatieve warmtewinning. Zo zitten bewoners die aangesloten zijn op de zeewaterwarmtecentrale in Scheveningen en de WKO-installaties in Transvaal en Spoorwijk regelmatig in de kou. De centrale gaat begin volgend jaar warmte leveren aan twaalfhonderd tot vijftienhonderd huishoudens. Later komen er nog veel meer bij. Op de centrale wordt heet water uit de diepe aardlagen naar boven gepompt, om vervolgens weer terug te worden gepompt in dezelfde aardlaag. Maar Oudshoorn stelt dat deze centrale veel debacles kent, waaronder een faillissement. De 2,5 kilometer diepe putten zijn ook nooit eerder in bedrijf geweest. Volgens Oudshoorn hebben dit soort buizen een korte levensduur. Dit zou ook blijken uit andere aardwarmteprojecten. Als er dan gaten ontstaan, zal er chemische vloeistof in het grondwater stromen met alle gevolgen van dien, aldus het raadslid. Ook wijst hij erop dat water dat van grote diepte wordt opgehaald vaak in meer of mindere mate radioactief is. Hij wil weten of dit risico is onderzocht. Hart voor Den Haag maakt zich ook zorgen over de veiligheid in de stad. ,,Zelfs de vergunningverlener (Staatstoezicht op de Mijnen, red.) waarschuwde onlangs dat geothermie niet zonder risico's is.'' Er is een kleine kans op bevingen. ,,Het is onbegrijpelijk, zeker gezien alle mislukte projecten die we hier al hebben gehad, dat er niet eerst op kleine schaal wordt getest maar dat meteen grote aantallen huishoudens als proefkonijnen op een dergelijke experimentele centrale worden aangesloten.'' De geothermiecentrale aan de Leyweg.",AD/Haagsche Courant,Den Haag,city,Den Haag,den haag,den haag,city,"Den Haag, Zuid-Holland, Nederland",nominatim,geocode,52.0799838,4.3113461,POINT (4.3113461 52.0799838),,'s-Gravenhage,Zuid-Holland,sentences_points,0,,,PV28,GM0518,4.3113461,52.0799838
91db343b741849938ccf009a53137131,269,203,"Volgens SodM, de toezichthouder op aardwarmteprojecten namens het ministerie van EZ, slaagde CLG er daarna niet in om aan te tonen dat de productie veilig kon worden hervat.",productie,Negative,Negative,0.9936,[25],Maastricht,city,Maastricht,city,Bestanden (1001-1500) (1).RTF,/Users/Yannick/dev/geothermal_text_mining/input_data/dutch/Bestanden (1001-1500) (1).RTF,De Limburger,1 May 2021,"Dat zegt curator Jos Bloo. De naam wil hij nog niet noemen, omdat nog geen akkoord is bereikt. Hij verwacht binnen twee maanden duidelijkheid. Directeur Lodewijk Burghout van het bedrijf dat het kassengebied ontwikkelt, en die samen met drie tuinders aandeelhouder van CLG was, is verrast. ,,Ik heb geen informatie dat de minister van Economische Zaken ineens anders over de winning van aardwarmte in dit gebied denkt."" CLG startte in 2017 met de winning van water uit diepe aardlagen voor het verwarmen van kassen. In 2018 werd de winning stilgelegd na lichte aardbevingen, waarna geen druppel meer werd opgepompt. Volgens SodM, de toezichthouder op aardwarmteprojecten namens het ministerie van EZ, slaagde CLG er daarna niet in om aan te tonen dat de productie veilig kon worden hervat. Het was echter aan de minister om daarover een besluit te nemen. Na twee jaar was dat besluit er nog niet, terwijl CLG elke dag 8.000 euro kwijt was om de installatie te onderhouden. Eind vorig jaar waren de verliezen zo hoog opgelopen dat CLG het faillissement aanvroeg. Curator Bloo geeft te kennen dat hij overleg voert met de provincie over de overname van het aardwarmteproject. Een woordvoerster van de provincie bevestigt dat. Zij benadrukt dat Maastricht ,,het belang van geothermie groot acht en zich, binnen haar mogelijkheden, inspant om dit mogelijk te maken"". Zo liet de provincie zelf onderzoek doen naar de risico's van aardwarmte om de besluitvorming van het ministerie positief te beïnvloeden. Het onderzoek is afgerond, maar nog niet openbaar, aldus de woordvoerster. De curator wijst erop dat de naburige, Duitse gemeente Straelen van plan is een project op te zetten om aardwarmte te winnen uit dezelfde aardlagen als vanwaaruit CLG dat deed. Bloo: ,,Dat geeft toch te denken."" Volgens SodM komt het ministerie nog met een besluit over de winning van aardwarmte in Californië, ook al is CLG al lang failliet. PDF-bestand van dit document",De Limburger,Limburg,city,Maastricht,maastricht,maastricht,city,"Maastricht, Limburg, Nederland",nominatim,geocode,50.8579855,5.6969882,POINT (5.6969882 50.8579855),,Maastricht,Limburg,sentences_points,0,,,PV31,GM0935,5.6969882,50.8579855
c92fd8a4e3eb4cb38bc61713c5f30dcd,202,204,Voor (brom)fietsers blijft de weg in beide richtingen toegankelijk.,weg,Positive,Positive,0.9651,[7],Naaldwijk,city,Naaldwijk,city,Bestanden (501-1000) (1).RTF,/Users/Yannick/dev/geothermal_text_mining/input_data/dutch/Bestanden (501-1000) (1).RTF,AD/Haagsche Courant,31 December 2020,"De Bospolder in Naaldwijk is door werkzaamheden voor de uitbreiding van het warmtenet in Westland van 4 januari tot 29 april dicht in de richting van de Burgemeester Elsenweg (N213). Het verkeer wordt in deze periode omgeleid via de Dortlaan, Zwartendijk, Grote Woerdlaan en Bosweg. Verkeer vanaf de Burgemeester Elsenweg kan via een versmalde rijstrook wél doorrijden. Voor (brom)fietsers blijft de weg in beide richtingen toegankelijk. En als er dan toch gewerkt moet worden, wordt geprobeerd zoveel mogelijk werkzaamheden van verschillende instanties tegelijkertijd te doen om de overlast te beperken. Zo werkt Trias Westland samen met de provincie Zuid-Holland en de gemeente Westland aan de gefaseerde aanleg onder de N213. Het groot onderhoud is verschoven in de planning en de werkzaamheden van de provincie en gemeente zijn samengevoegd. Trias legt een warmtenet aan in Westland waarbij gebruik wordt gemaakt van aardwarmte. Het warmtenet verbindt de aardwarmtebron met de bedrijven van glastuinbouwondernemers. Het aansluiten op aardwarmte Trias Westland moet voor een forse verduurzaming van de Westlandse glastuinbouw zorgen. In de zomer van dit jaar is de tweede aardwarmtebron van Trias in Westland aangeboord. Ook de bovengrondse installaties worden nu gerealiseerd. Uitbreiding Om de warmte bij glastuinbouwondernemers te krijgen, wordt het warmtenet verder uitgebreid. Het werk start op 4 januari en duurt tot medio volgend jaar. Het warmtenet vervolgt zijn route vanaf Royal FloraHolland in Naaldwijk naar Westland Infra in Poeldijk. Ook in de nabijgelegen Bospolder sluit een groot aantal glastuinbouwbedrijven aan op het warmtenet. Een warmtenet bestaat uit twee buizen (één voor toevoer, één voor retour) onder de grond, waarmee warmte wordt vervoerd naar kassen en gebouwen met warm water.",AD/Haagsche Courant,Den Haag,city,Naaldwijk,naaldwijk,naaldwijk,city,"Naaldwijk, Westland, Zuid-Holland, Nederland",nominatim,geocode,51.9930016,4.2074197,POINT (4.2074197 51.9930016),,Westland,Zuid-Holland,sentences_points,0,,,PV28,GM1783,4.2074197,51.9930016
fed793ba27d8445b8d3314f4ea842521,644,205,Voor de binnenstad is nu nog onduidelijk welke alternatieve bron voor aardgas kan worden gebruikt.,aardgas,Negative,Negative,0.9775,[11],Delft,city,Delft,city,Bestanden (500) (4).RTF,/Users/Yannick/dev/geothermal_text_mining/input_data/dutch/Bestanden (500) (4).RTF,AD/Haagsche Courant,3 September 2024,"Delft introduceert verwarming voor 6000 woningen uit bron op TU Wat doet het warmtenet precies? Op ruim 2 kilometer onder de grond bij de TU Delft, zit warm water in de bodem, aardwarmte - ook wel geothermie genoemd. Dit water heeft een temperatuur van ongeveer 75 graden. Dit water wordt bij de aardwarmtebron omhoog gepompt. Door het warmtenet, een systeem van buizen van 16 kilometer lang onder de grond, stroomt het warme water richting de woongebouwen. Hiermee kunnen huurwoningen van woningcorporaties Vidomes, Stedelink, DUWO en Woonbron worden verwarmd. Daardoor is er geen gas meer nodig. Welke wijken in Delft worden aangesloten op het warmtenet? Voorlopig is dit warmtenet bedoeld voor Buitenhof, Voorhof en de TU Delft Campus. Omdat er in deze wijken veel woningen op een klein oppervlak staan. En omdat bewoners in deze gebouwen een gasketel delen, maakt dit het aansluiten op een warmtenet makkelijker, geeft de gemeente aan. Totaal kunnen er in Voorhof en Buitenhof 15.000 woningen op het netwerk aangesloten worden. Dit zijn ook koopwoningen. In het 'Warmteplan Delft', dat in 2021 is vastgesteld, staat voor elke wijk welk alternatief voor aardgas de meest geschikte oplossing is. Voor de binnenstad is nu nog onduidelijk welke alternatieve bron voor aardgas kan worden gebruikt. Gaan bewoners nu meer of minder betalen? Ze gaan niet meer, maar ook niet minder betalen. De prijs van de warmte is op het moment van aansluiten namelijk vergelijkbaar met warmte gemaakt met aardgas. Daarna beweegt de prijs mee met de werkelijke kostenontwikkeling voor de productie en distributie van de warmte. De afgelopen jaren is de prijs van gas niet altijd hetzelfde gebleven door de oorlog tussen Rusland en Oekraïne. Met het warmtenet blijven de prijzen stabieler dan voorheen. Wat merken bewoners van het warmtenet? Als het warmtenet er eenmaal ligt, merken bewoners er vrij weinig van. De centrale gasverwarmingsketel wordt vervangen door een aansluiting op het nieuwe warmtenet voor het hele gebouw. De verwarming van woningen kan dan nog steeds met dezelfde radiator ingesteld worden. Van de aanleg van het net kunnen Delftenaren wel wat merken. De soms wel 70 centimeter brede buizen gaan namelijk onder de grond. Hiervoor moeten straten opengebroken worden, wat voor veranderende verkeerssituaties kan zorgen. Dit gebeurt in fases. Voor hoe lang kan er aardwarmte uit de grond worden gehaald? Waarschijnlijk is er genoeg aardwarmte voor de komende dertig jaar. Als dit op is, kan er op hetzelfde warmtenet dat nu wordt aangelegd een andere bron worden aangesloten. Wanneer kan er gebruikgemaakt worden van het warmtenet? De allereerste huizen kunnen - als alles volgens plan gaat - in het najaar van 2025 gebruikmaken van het warmtenet. Uiteindelijk is het de bedoeling dat in 2027 alle 6000 huurwoningen op het netwerk zijn aangesloten. Uiteindelijk is het de bedoeling dat in 2027 alle 6000 huurwoningen op het netwerk zijn aangesloten Ook bij de Sterflats wordt het warmtenet aangesloten.",AD/Haagsche Courant,Den Haag,city,Delft,delft,delft,city,"Delft, Zuid-Holland, Nederland",nominatim,geocode,51.9994572,4.3627245,POINT (4.3627245 51.9994572),,Delft,Zuid-Holland,sentences_points,0,,,PV28,GM0503,4.3627245,51.9994572
ca7e63c0016a40e18243a15f2c34605b,644,206,Voor hoe lang kan er aardwarmte uit de grond worden gehaald?,aardwarmte,Negative,Negative,0.9844,[5],Delft,city,Delft,city,Bestanden (500) (4).RTF,/Users/Yannick/dev/geothermal_text_mining/input_data/dutch/Bestanden (500) (4).RTF,AD/Haagsche Courant,3 September 2024,"Delft introduceert verwarming voor 6000 woningen uit bron op TU Wat doet het warmtenet precies? Op ruim 2 kilometer onder de grond bij de TU Delft, zit warm water in de bodem, aardwarmte - ook wel geothermie genoemd. Dit water heeft een temperatuur van ongeveer 75 graden. Dit water wordt bij de aardwarmtebron omhoog gepompt. Door het warmtenet, een systeem van buizen van 16 kilometer lang onder de grond, stroomt het warme water richting de woongebouwen. Hiermee kunnen huurwoningen van woningcorporaties Vidomes, Stedelink, DUWO en Woonbron worden verwarmd. Daardoor is er geen gas meer nodig. Welke wijken in Delft worden aangesloten op het warmtenet? Voorlopig is dit warmtenet bedoeld voor Buitenhof, Voorhof en de TU Delft Campus. Omdat er in deze wijken veel woningen op een klein oppervlak staan. En omdat bewoners in deze gebouwen een gasketel delen, maakt dit het aansluiten op een warmtenet makkelijker, geeft de gemeente aan. Totaal kunnen er in Voorhof en Buitenhof 15.000 woningen op het netwerk aangesloten worden. Dit zijn ook koopwoningen. In het 'Warmteplan Delft', dat in 2021 is vastgesteld, staat voor elke wijk welk alternatief voor aardgas de meest geschikte oplossing is. Voor de binnenstad is nu nog onduidelijk welke alternatieve bron voor aardgas kan worden gebruikt. Gaan bewoners nu meer of minder betalen? Ze gaan niet meer, maar ook niet minder betalen. De prijs van de warmte is op het moment van aansluiten namelijk vergelijkbaar met warmte gemaakt met aardgas. Daarna beweegt de prijs mee met de werkelijke kostenontwikkeling voor de productie en distributie van de warmte. De afgelopen jaren is de prijs van gas niet altijd hetzelfde gebleven door de oorlog tussen Rusland en Oekraïne. Met het warmtenet blijven de prijzen stabieler dan voorheen. Wat merken bewoners van het warmtenet? Als het warmtenet er eenmaal ligt, merken bewoners er vrij weinig van. De centrale gasverwarmingsketel wordt vervangen door een aansluiting op het nieuwe warmtenet voor het hele gebouw. De verwarming van woningen kan dan nog steeds met dezelfde radiator ingesteld worden. Van de aanleg van het net kunnen Delftenaren wel wat merken. De soms wel 70 centimeter brede buizen gaan namelijk onder de grond. Hiervoor moeten straten opengebroken worden, wat voor veranderende verkeerssituaties kan zorgen. Dit gebeurt in fases. Voor hoe lang kan er aardwarmte uit de grond worden gehaald? Waarschijnlijk is er genoeg aardwarmte voor de komende dertig jaar. Als dit op is, kan er op hetzelfde warmtenet dat nu wordt aangelegd een andere bron worden aangesloten. Wanneer kan er gebruikgemaakt worden van het warmtenet? De allereerste huizen kunnen - als alles volgens plan gaat - in het najaar van 2025 gebruikmaken van het warmtenet. Uiteindelijk is het de bedoeling dat in 2027 alle 6000 huurwoningen op het netwerk zijn aangesloten. Uiteindelijk is het de bedoeling dat in 2027 alle 6000 huurwoningen op het netwerk zijn aangesloten Ook bij de Sterflats wordt het warmtenet aangesloten.",AD/Haagsche Courant,Den Haag,city,Delft,delft,delft,city,"Delft, Zuid-Holland, Nederland",nominatim,geocode,51.9994572,4.3627245,POINT (4.3627245 51.9994572),,Delft,Zuid-Holland,sentences_points,0,,,PV28,GM0503,4.3627245,51.9994572
d9b5c46dfd3c43d3b749c09caf87f5c8,549,207,"Voordat die investeringsbeslissing werd genomen, waren er nog enkele grote en kleine onzekerheden.",investeringsbeslissing,Negative,Negative,0.8052,[2],Heerlen,city,Heerlen,city,Bestanden (500) (5).RTF,/Users/Yannick/dev/geothermal_text_mining/input_data/dutch/Bestanden (500) (5).RTF,De Limburger,5 May 2023,"Het Heerlense warmtebedrijf Mijnwater heeft een vergunning gekregen om aardwarmte te leveren. Het bedrijf voldoet aan alle wettelijke voorschriften. Eigenaren Provincie Limburg en Enexis hebben onlangs meer dan honderd miljoen euro gestoken in Mijnwater om het warmtenet in Heerlen en Kerkrade uit te breiden. Voordat die investeringsbeslissing werd genomen, waren er nog enkele grote en kleine onzekerheden. Een van de hobbels die Mijnwater nog moest nemen, was het verkrijgen van een vergunning in het kader van de nieuwe Warmtewet. Dat is nu gelukt. Het bedrijf voldoet aan alle voorwaarden die de Warmtewet stelt, concludeert de Autoriteit Consument en Markt (ACM). Volgens de ACM heeft Mijnwater zijn zaakjes op het gebied van organisatie, financiën en techniek prima voor elkaar om langdurig, betrouwbaar warmte te leveren aan zijn klanten. Jaarlijks moet Mijnwater zijn jaarrekening ter controle sturen aan de ACM. Zo kan de autoriteit controleren of het bedrijf financieel solide blijft. Ook komt er een onafhankelijke klachtencommissie waar klanten van Mijnwater terechtkunnen. Mijnwater BV gebruikt warm water uit de oude mijngangen om woningen en kantoren in de regio Parkstad te verwarmen of te verkoelen. Ook maakt Mijnwater gebruik van restwarmte van bedrijven. Dat warme water wordt via buizen verspreid naar kantoren en woonhuizen in Heerlen, Brunssum en Kerkrade. PDF-bestand van dit document",De Limburger,Limburg,city,Heerlen,heerlen,heerlen,city,"Heerlen, Limburg, Nederland",nominatim,geocode,50.8775239,5.9815066,POINT (5.9815066 50.8775239),,Heerlen,Limburg,sentences_points,0,,,PV31,GM0917,5.9815066,50.8775239
d64750cfd78745e9881ea44fe2555669,176,208,"Vragen als 'Hoe diep zit aardwarmte?', 'Hoe warm is het en hoe krijg je het naar boven?', 'Kan het opraken?' en 'Kun je er aardbevingen mee veroorzaken?' worden beantwoord.",aardwarmte,Negative,Negative,0.8553,[6],Delft,city,Delft,city,Bestanden (501-1000) (1).RTF,/Users/Yannick/dev/geothermal_text_mining/input_data/dutch/Bestanden (501-1000) (1).RTF,AD/Haagsche Courant,20 November 2020,"TU-decaan Jan Dirk Jansen verzorgt zondag van 11.00 tot 12.00 uur de zogenoemde Van Leeuwenhoeklezing, waarin hij de vraag bespreekt of alle Delftse huizen verwarmd zouden kunnen worden door aardwarmte. Jansen zelf denkt van wel. Vragen als 'Hoe diep zit aardwarmte?', 'Hoe warm is het en hoe krijg je het naar boven?', 'Kan het opraken?' en 'Kun je er aardbevingen mee veroorzaken?' worden beantwoord. Ook vertelt Jansen over het TU-onderzoek naar verwarming van de campus met aardwarmte. De lezing is online te volgen: https://www.youtube.com/watch?v=2t9iusqR3yI",AD/Haagsche Courant,Den Haag,city,Delft,delft,delft,city,"Delft, Zuid-Holland, Nederland",nominatim,geocode,51.9994572,4.3627245,POINT (4.3627245 51.9994572),,Delft,Zuid-Holland,sentences_points,0,,,PV28,GM0503,4.3627245,51.9994572
d1c8fb3cd6d349919115ca6575c476b1,354,209,"Wanneer het ministerie de bezwaren van de provincie naast zich neerlegt, biedt de Mijnbouwwet geen mogelijkheden voor hoger beroep.",ministerie,Negative,Negative,0.9948,[2],Leiden,city,Leiden,city,Bestanden (1500-1862).RTF,/Users/Yannick/dev/geothermal_text_mining/input_data/dutch/Bestanden (1500-1862).RTF,Leidsch Dagblad,12 November 2021,"Leiden De provincie Zuid-Holland maakt bezwaar tegen de vergunningen die het ministerie van Economische Zaken heeft verleend voor het boren naar aardwarmte in de Leidse regio, de Duin- en Bollenstreek en het westelijk deel van de Rijn- en Veenstreek. Het provinciebestuur is bang dat de diepe boringen het grondwater in gevaar brengen. Dat schrijven gedeputeerden Meindert Stolk en Jeanette Baljeu in een brief aan Provinciale Staten. Het ministerie heeft eind augustus vier vergunningen verleend voor deels overlappende gebieden in de regio. Twee concessies vallen voor een deel samen met een gebied dat een beschermde status heeft in verband met de winning van drinkwater uit grondwater. Voor de twee andere gebieden loopt er een aanvraag voor de aanwijzing als grondwaterbeschermingsgebied. Dat geldt onder andere voor het gebied tussen Valkenburg en Wassenaar, waar drinkwaterbedrijf Dunea onderzoek doet naar het gebruik van oppervlaktewater voor de productie van drinkwater. De grootste concessie is in handen van een samenwerkingsverband van Shell en D4. Dat laatste bedrijf is actief in alle vormen van groene energie en was ook betrokken bij de Warmterotonde. Het zoekgebied van het consortium beslaat grofweg de driehoek tussen Katwijk, De Zilk en het Braassemermeer, inclusief een strook voor de kust. Op zijn website spreekt het consortium de hoop uit dat het al over twee tot drie jaar mogelijk moet zijn om in dat gebied naar aardwarmte te boren. Verder valt er te lezen dat de winning van aardwarmte 'mits veilig en verantwoord' gedaan kan worden 'zonder impact op drinkwatervoorzieningen'. Bovendien, zo wordt gemeld, 'is het in Nederland niet toegestaan om in drinkwaterwingebieden naar aardwarmte te boren'. In hun brief aan Provinciale Staten schrijven de twee gedeputeerden dat het iets genuanceerder ligt. De Mijnbouwwet biedt het ministerie de mogelijkheid om het boren naar aardwarmte in drinkwatergebieden te verbieden, maar Economische Zaken heeft ervoor gekozen om geen gebruik te maken van die mogelijkheid. Wanneer het ministerie de bezwaren van de provincie naast zich neerlegt, biedt de Mijnbouwwet geen mogelijkheden voor hoger beroep. Dat betekent dus dat de provincie in dat geval geen mogelijkheid heeft om de zaak aan de rechter voor te leggen. Aardwarmte Op een diepte van 500 meter tot vier kilometer zit warm water in de aardbodem die kan worden gebruikt voor verwarming. Op dit moment wordt de methode nog vooral toegepast in kassen, maar er zijn plannen om de winning en het gebruik fors uit te breiden. Aardwarmte wordt algemeen gezien als een belangrijke toekomstige warmtebron. PDF-bestand van dit document",Leidsch Dagblad,Leiden,city,Leiden,leiden,leiden,city,"Leiden, Zuid-Holland, Nederland",nominatim,geocode,52.1594747,4.4908843,POINT (4.4908843 52.1594747),,Leiden,Zuid-Holland,sentences_points,0,,,PV28,GM0546,4.4908843,52.1594747
e231be6d12f94eb4b2ad78427bd9d2e0,644,210,Wanneer kan er gebruikgemaakt worden van het warmtenet?,warmtenet,Positive,Positive,0.6912,[7],Delft,city,Delft,city,Bestanden (500) (4).RTF,/Users/Yannick/dev/geothermal_text_mining/input_data/dutch/Bestanden (500) (4).RTF,AD/Haagsche Courant,3 September 2024,"Delft introduceert verwarming voor 6000 woningen uit bron op TU Wat doet het warmtenet precies? Op ruim 2 kilometer onder de grond bij de TU Delft, zit warm water in de bodem, aardwarmte - ook wel geothermie genoemd. Dit water heeft een temperatuur van ongeveer 75 graden. Dit water wordt bij de aardwarmtebron omhoog gepompt. Door het warmtenet, een systeem van buizen van 16 kilometer lang onder de grond, stroomt het warme water richting de woongebouwen. Hiermee kunnen huurwoningen van woningcorporaties Vidomes, Stedelink, DUWO en Woonbron worden verwarmd. Daardoor is er geen gas meer nodig. Welke wijken in Delft worden aangesloten op het warmtenet? Voorlopig is dit warmtenet bedoeld voor Buitenhof, Voorhof en de TU Delft Campus. Omdat er in deze wijken veel woningen op een klein oppervlak staan. En omdat bewoners in deze gebouwen een gasketel delen, maakt dit het aansluiten op een warmtenet makkelijker, geeft de gemeente aan. Totaal kunnen er in Voorhof en Buitenhof 15.000 woningen op het netwerk aangesloten worden. Dit zijn ook koopwoningen. In het 'Warmteplan Delft', dat in 2021 is vastgesteld, staat voor elke wijk welk alternatief voor aardgas de meest geschikte oplossing is. Voor de binnenstad is nu nog onduidelijk welke alternatieve bron voor aardgas kan worden gebruikt. Gaan bewoners nu meer of minder betalen? Ze gaan niet meer, maar ook niet minder betalen. De prijs van de warmte is op het moment van aansluiten namelijk vergelijkbaar met warmte gemaakt met aardgas. Daarna beweegt de prijs mee met de werkelijke kostenontwikkeling voor de productie en distributie van de warmte. De afgelopen jaren is de prijs van gas niet altijd hetzelfde gebleven door de oorlog tussen Rusland en Oekraïne. Met het warmtenet blijven de prijzen stabieler dan voorheen. Wat merken bewoners van het warmtenet? Als het warmtenet er eenmaal ligt, merken bewoners er vrij weinig van. De centrale gasverwarmingsketel wordt vervangen door een aansluiting op het nieuwe warmtenet voor het hele gebouw. De verwarming van woningen kan dan nog steeds met dezelfde radiator ingesteld worden. Van de aanleg van het net kunnen Delftenaren wel wat merken. De soms wel 70 centimeter brede buizen gaan namelijk onder de grond. Hiervoor moeten straten opengebroken worden, wat voor veranderende verkeerssituaties kan zorgen. Dit gebeurt in fases. Voor hoe lang kan er aardwarmte uit de grond worden gehaald? Waarschijnlijk is er genoeg aardwarmte voor de komende dertig jaar. Als dit op is, kan er op hetzelfde warmtenet dat nu wordt aangelegd een andere bron worden aangesloten. Wanneer kan er gebruikgemaakt worden van het warmtenet? De allereerste huizen kunnen - als alles volgens plan gaat - in het najaar van 2025 gebruikmaken van het warmtenet. Uiteindelijk is het de bedoeling dat in 2027 alle 6000 huurwoningen op het netwerk zijn aangesloten. Uiteindelijk is het de bedoeling dat in 2027 alle 6000 huurwoningen op het netwerk zijn aangesloten Ook bij de Sterflats wordt het warmtenet aangesloten.",AD/Haagsche Courant,Den Haag,city,Delft,delft,delft,city,"Delft, Zuid-Holland, Nederland",nominatim,geocode,51.9994572,4.3627245,POINT (4.3627245 51.9994572),,Delft,Zuid-Holland,sentences_points,0,,,PV28,GM0503,4.3627245,51.9994572
e67cf885f4f2459097df878f2e4622c1,557,211,Warmte netwerk Westland (WnW) is met de toevoeging van Aardwarmte Vogelaer weer een stuk verder uitgebreid.,Warmte netwerk,Positive,Positive,0.9778,"[0, 1]",Vogelaer,site,Vogelaer,site,Bestanden (500) (5).RTF,/Users/Yannick/dev/geothermal_text_mining/input_data/dutch/Bestanden (500) (5).RTF,AD/Haagsche Courant,5 July 2023,"Warmte netwerk Westland (WnW) is met de toevoeging van Aardwarmte Vogelaer weer een stuk verder uitgebreid. Hierdoor kan warmte worden uitgewisseld. Het warmtenetwerk van Vogelaer is onderdeel van een bestaand geothermieproject voor en door glastuinbouwondernemers. WnW realiseert de aansluiting. Deze aansluiting zorgt ervoor dat Vogelaer bij een tekort aan warmte in de gelegenheid blijft om warmte te leveren aan haar afnemers, door het afnemen van warmte van andere warmtebronnen via WnW. Bij een overschot aan warmte kan Vogelaer de warmte leveren via het warmtenet van WnW. De ambitie van WnW is het realiseren van één groot warmtesysteem in het Westland, om zo de warmtetransitie voor de glastuinbouw, bedrijventerreinen en de gebouwde omgeving te verzorgen. De aardwarmteprojecten Maasdijk en Polanen, en nu dus ook Vogelaer, zorgen ervoor dat dit lukt. Evelien Brederode, business ontwikkelaar bij Warmte netwerk Westland: ,,Met onze partners creëren we een warmtesysteem dat regionale warmtebronnen en afnemers met elkaar verbindt, waardoor de leveringszekerheid stijgt en warmtehandel kan plaatsvinden.''",AD/Haagsche Courant,Den Haag,site,Vogelaer,vogelaer,vogelaer,site,"Vogelaer, Mariëndijk, Honselersdijk, Westland, Zuid-Holland, Nederland, 2675 KL, Nederland",nominatim,geocode,52.0105507,4.246629,POINT (4.246629 52.0105507),,Westland,Zuid-Holland,sentences_points,0,,,PV28,GM1783,4.246629,52.0105507
4a45822375674e20ad8487b4d09f3145,297,212,"Warmtepompen, die warm en zout water oppompen van een diepte tot 2 à 3 kilometer, moeten op termijn gasgestookte warmtebronnen gaan vervangen.",Warmtepompen,Negative,Negative,0.9902,[0],Den Haag,city,Den Haag,city,Bestanden (1001-1500) (1).RTF,/Users/Yannick/dev/geothermal_text_mining/input_data/dutch/Bestanden (1001-1500) (1).RTF,Friesch Dagblad,18 June 2021,"Den Haag Het boren naar aardwarmte, ook wel geothermie genoemd, brengt risico's met zich mee voor de drinkwatervoorziening. Het kabinet doet te weinig om die risico's te ondervangen en dat is 'zorgwekkend', schrijft de Algemene Rekenkamer in een rapport. Aardwarmte speelt een belangrijke rol in de strijd tegen klimaatverandering. Warmtepompen, die warm en zout water oppompen van een diepte tot 2 à 3 kilometer, moeten op termijn gasgestookte warmtebronnen gaan vervangen. Maar daarbij worden ondiepere aardlagen doorboord waar zich belangrijke watervoorraden bevinden. Geothermiebuizen kunnen gaan roesten en daardoor ook gaan lekken. Daardoor kan zout water, dat bovendien vervuild is met chemicaliën, weglekken naar de zoetwaterlagen waaruit drinkwater wordt gewonnen. Ook kan verontreiniging zich sneller verspreiden. Link naar PDF",Friesch Dagblad,Friesland,city,Den Haag,den haag,den haag,city,"Den Haag, Zuid-Holland, Nederland",nominatim,geocode,52.0799838,4.3113461,POINT (4.3113461 52.0799838),,'s-Gravenhage,Zuid-Holland,sentences_points,0,,,PV28,GM0518,4.3113461,52.0799838
44334a9610e144dbaba6537ac1be8a85,644,213,Wat merken bewoners van het warmtenet?,warmtenet,Positive,Positive,0.9891,[5],Delft,city,Delft,city,Bestanden (500) (4).RTF,/Users/Yannick/dev/geothermal_text_mining/input_data/dutch/Bestanden (500) (4).RTF,AD/Haagsche Courant,3 September 2024,"Delft introduceert verwarming voor 6000 woningen uit bron op TU Wat doet het warmtenet precies? Op ruim 2 kilometer onder de grond bij de TU Delft, zit warm water in de bodem, aardwarmte - ook wel geothermie genoemd. Dit water heeft een temperatuur van ongeveer 75 graden. Dit water wordt bij de aardwarmtebron omhoog gepompt. Door het warmtenet, een systeem van buizen van 16 kilometer lang onder de grond, stroomt het warme water richting de woongebouwen. Hiermee kunnen huurwoningen van woningcorporaties Vidomes, Stedelink, DUWO en Woonbron worden verwarmd. Daardoor is er geen gas meer nodig. Welke wijken in Delft worden aangesloten op het warmtenet? Voorlopig is dit warmtenet bedoeld voor Buitenhof, Voorhof en de TU Delft Campus. Omdat er in deze wijken veel woningen op een klein oppervlak staan. En omdat bewoners in deze gebouwen een gasketel delen, maakt dit het aansluiten op een warmtenet makkelijker, geeft de gemeente aan. Totaal kunnen er in Voorhof en Buitenhof 15.000 woningen op het netwerk aangesloten worden. Dit zijn ook koopwoningen. In het 'Warmteplan Delft', dat in 2021 is vastgesteld, staat voor elke wijk welk alternatief voor aardgas de meest geschikte oplossing is. Voor de binnenstad is nu nog onduidelijk welke alternatieve bron voor aardgas kan worden gebruikt. Gaan bewoners nu meer of minder betalen? Ze gaan niet meer, maar ook niet minder betalen. De prijs van de warmte is op het moment van aansluiten namelijk vergelijkbaar met warmte gemaakt met aardgas. Daarna beweegt de prijs mee met de werkelijke kostenontwikkeling voor de productie en distributie van de warmte. De afgelopen jaren is de prijs van gas niet altijd hetzelfde gebleven door de oorlog tussen Rusland en Oekraïne. Met het warmtenet blijven de prijzen stabieler dan voorheen. Wat merken bewoners van het warmtenet? Als het warmtenet er eenmaal ligt, merken bewoners er vrij weinig van. De centrale gasverwarmingsketel wordt vervangen door een aansluiting op het nieuwe warmtenet voor het hele gebouw. De verwarming van woningen kan dan nog steeds met dezelfde radiator ingesteld worden. Van de aanleg van het net kunnen Delftenaren wel wat merken. De soms wel 70 centimeter brede buizen gaan namelijk onder de grond. Hiervoor moeten straten opengebroken worden, wat voor veranderende verkeerssituaties kan zorgen. Dit gebeurt in fases. Voor hoe lang kan er aardwarmte uit de grond worden gehaald? Waarschijnlijk is er genoeg aardwarmte voor de komende dertig jaar. Als dit op is, kan er op hetzelfde warmtenet dat nu wordt aangelegd een andere bron worden aangesloten. Wanneer kan er gebruikgemaakt worden van het warmtenet? De allereerste huizen kunnen - als alles volgens plan gaat - in het najaar van 2025 gebruikmaken van het warmtenet. Uiteindelijk is het de bedoeling dat in 2027 alle 6000 huurwoningen op het netwerk zijn aangesloten. Uiteindelijk is het de bedoeling dat in 2027 alle 6000 huurwoningen op het netwerk zijn aangesloten Ook bij de Sterflats wordt het warmtenet aangesloten.",AD/Haagsche Courant,Den Haag,city,Delft,delft,delft,city,"Delft, Zuid-Holland, Nederland",nominatim,geocode,51.9994572,4.3627245,POINT (4.3627245 51.9994572),,Delft,Zuid-Holland,sentences_points,0,,,PV28,GM0503,4.3627245,51.9994572
51fc944d883d4e7bbf29abc29d0041b2,196,214,"Wat niemand erbij zei, was dat het ding het helemaal niet deed.",ding,Negative,Negative,0.989,[8],Den Haag,city,Den Haag,city,Bestanden (501-1000) (1).RTF,/Users/Yannick/dev/geothermal_text_mining/input_data/dutch/Bestanden (501-1000) (1).RTF,AD/Haagsche Courant,21 December 2020,"Zou het? Echt? Wordt er in Den Haag Zuidwest straks werkelijk vanuit tweeduizend meter diepte aardwarmte opgepompt om duizenden Haagse woningen te gaan verwarmen? Vergeef de cynicus zijn argwaan. In 2012 werd de aardwarmtecentrale aan de Leyweg al groots geopend door kroonprins Willem Alexander in aanwezigheid van 175 genodigden. Wat niemand erbij zei, was dat het ding het helemaal niet deed. En ook helemaal niet zou gaan doen. Met dank aan de financiële crisis waren er op dat moment nauwelijks huizen om de Haagse aardwarmte op aan te sluiten. En alsof dat nog niet erg genoeg was, deed de lokale geothermiebron het door technische problemen ook niet. Het leidde een jaar later tot het faillissement van de aardwarmtecentrale in Zuidwest. De gemeente Den Haag en drie lokale woningbouwcorporaties raakten meer dan 10 miljoen euro kwijt aan het prestigeproject dat bij elkaar ruim 20 miljoen euro had gekost. Daarna stak den Haag nog eens anderhalf miljoen in de afhandeling van het faillissement. Zeven jaar later lijkt de doorstart dan toch te lukken. De nieuwe partijen profiteren van de bestaande boorputten en enkele duurzaamheidssubsidies. Om rendabel te kunnen draaien hadden ze anders dubbel zo veel woningen moeten aansluiten. mislukt",AD/Haagsche Courant,Den Haag,city,Den Haag,den haag,den haag,city,"Den Haag, Zuid-Holland, Nederland",nominatim,geocode,52.0799838,4.3113461,POINT (4.3113461 52.0799838),,'s-Gravenhage,Zuid-Holland,sentences_points,0,,,PV28,GM0518,4.3113461,52.0799838
53db0ecf162c4dce8915fc90041d46cb,753,215,"Water dat op zo'n twee of drie kilometer diepte in de aarde ligt, bereikt namelijk zo'n 70 tot 90 graden en biedt een perfecte oplossing.",Water,Positive,Positive,0.9934,[0],Mariahoeve,site,Mariahoeve,site,1-500.RTF,/Users/Yannick/dev/geothermal_text_mining/input_data/dutch/1-500.RTF,AD/Haagsche Courant,15 December 2025,"Zo wordt er nu gekeken hoe afvalwater kan worden gebruikt om woningen op te warmen zonder aardgas. Het water stroomt nu naar de Noordzee, maar aangezien het een warmte heeft van ongeveer twintig graden, zou het mogelijk ook ergens anders voor kunnen dienen. Alle woningen in de stad zouden op schone energie moeten draaien, als het aan de gemeente Den Haag ligt. Het halen van warmte uit water is daar de ideale oplossing voor. 'De kansen voor het gebruik van het gezuiverde afvalwater zijn groot. Dus graag zoeken we samen met het Hoogheemraadschap verder uit waar en hoe we deze warmte kunnen inzetten', laat wethouder Arjen Kapteijns (energietransitie) weten in een persbericht. Als het onderzoek positieve resultaten oplevert, zou het mogelijk zo'n 20.000 huishoudens in Den Haag kunnen opwarmen zonder fossiele brandstoffen te gebruiken. De reden dat het niet meer huizen kan helpen, is dat er niet genoeg ruimte is voor de warmtepompen die het water verder moeten opwarmen. En dus wordt er ook gekeken naar andere projecten. Geothermie Zo wordt er momenteel onderzoek gedaan naar een geothermiebron in de wijk Mariahoeve. Dat houdt in dat warmte uit de diepe ondergrond wordt gehaald om woningen op te warmen. Water dat op zo'n twee of drie kilometer diepte in de aarde ligt, bereikt namelijk zo'n 70 tot 90 graden en biedt een perfecte oplossing. De werkplaats van het Hoogheemraadschap Delfland.",AD/Haagsche Courant,Den Haag,site,Mariahoeve,mariahoeve,mariahoeve,site,"Mariahoeve, Haagse Hout, Den Haag, Zuid-Holland, Nederland, 2592 HD, Nederland",nominatim,geocode,52.0937664,4.3581345,POINT (4.3581345 52.0937664),,'s-Gravenhage,Zuid-Holland,sentences_points,0,,,PV28,GM0518,4.3581345,52.0937664
db175b97454a4fec9f13c2a64fbae20c,424,216,Westland en Den Haag gaan daarvoor samen één warmtenet realiseren dat bronnen in beide gemeenten met elkaar verbindt.,warmtenet,Positive,Positive,0.7376,[8],Den Haag,city,Den Haag,city,Bestanden (500) (7).RTF,/Users/Yannick/dev/geothermal_text_mining/input_data/dutch/Bestanden (500) (7).RTF,AD/Haagsche Courant,9 April 2022,"Haagse huizen in het stadsdeel Escamp worden volgend jaar verwarmd met Westlandse aardwarmte. Westland en Den Haag gaan daarvoor samen één warmtenet realiseren dat bronnen in beide gemeenten met elkaar verbindt. De uitwisseling van warmte kan volgend jaar al beginnen. Westland en Den Haag hebben een studie naar de haalbaarheid van warmteverbindingen tussen beide gemeenten laten uitvoeren. In deze studie komt naar voren dat er een viertal opties voor koppelleidingen tussen het Westlandse en Haagse warmtenet kunnen worden uitgewerkt. Den Haag zet in op duurzame lokale bronnen zoals aardwarmte. In de Haagse ondergrond is ruimte voor vijftien geschikte locaties voor aardwarmte. Dat is niet genoeg. Met name in het stadsdeel Escamp is er een tekort. Daar kan naast de al bestaande aardwarmtebron aan de Leyweg verder nergens aardwarmte naar boven worden gehaald. De gemeente Westland gaat een groot aantal aardwarmtebronnen ontwikkelen en zal ruim genoeg warmte kunnen opwekken. Voor beide partijen is het aantrekkelijk als Den Haag warmte overneemt uit Westland. Westland en Den Haag willen nu samen met diverse marktpartijen één van de opties, het warmtenet in Westland verbinden met Wateringse Veld in Den Haag, verder uitwerken. Dan gaat het vooral om een technische uitwerking, met de locaties van de buizen, diameters en drukopbouw. Met de koppeling kan het bestaande warmtenet Wateringse Veld worden 'verduurzaamd' en kan aardwarmte worden geleverd aan toekomstige warmtenetten in het stadsdeel Escamp. Fred Vermeer",AD/Haagsche Courant,Den Haag,city,Den Haag,den haag,den haag,city,"Den Haag, Zuid-Holland, Nederland",nominatim,geocode,52.0799838,4.3113461,POINT (4.3113461 52.0799838),,'s-Gravenhage,Zuid-Holland,sentences_points,0,,,PV28,GM0518,4.3113461,52.0799838
d386896c06d848f280e267191ca20310,156,217,Wethouder Liesbeth van Tongeren (Duurzaamheid en Energietransitie) is trots.,Wethouder,Positive,Positive,0.9934,[0],Den Haag,city,Den Haag,city,Bestanden (501-1000) (1).RTF,/Users/Yannick/dev/geothermal_text_mining/input_data/dutch/Bestanden (501-1000) (1).RTF,"De Posthoorn, Laak",14 October 2020,"Den Haag - Den Haag is de eerste stad in Nederland waar huizen verwarmd worden met schone warmte uit eigen bodem. Het ministerie van Economische Zaken heeft met een definitief besluit groen licht gegeven voor het winnen van aardwarmte in de centrale aan de Leyweg. Vanuit de bron op twee kilometer diepte wordt water van circa 78 graden opgepompt. Die warmte wordt overgezet en via het stadsverwarmingsnet krijgen woningen in stadsdeel Zuidwest verwarming en warm kraanwater. Zo kan aan de eerste 1200 huizen aardwarmte (geothermie) worden geleverd. Deze is schoon en duurzaam. De gemeente heeft via het Energiefonds Den Haag een deel van de financiering beschikbaar gesteld voor deze bron. Wethouder Liesbeth van Tongeren (Duurzaamheid en Energietransitie) is trots. ""Hiermee laten we zien dat het kan: in een dichtbevolkte stad als Den Haag schone warmte uit eigen bron gebruiken.”","De Posthoorn, Laak",,city,Den Haag,den haag,den haag,city,"Den Haag, Zuid-Holland, Nederland",nominatim,geocode,52.0799838,4.3113461,POINT (4.3113461 52.0799838),,'s-Gravenhage,Zuid-Holland,sentences_points,0,,,PV28,GM0518,4.3113461,52.0799838
5bef69c9663c4d3dbead698cc764e735,557,218,WnW realiseert de aansluiting.,aansluiting,Negative,Negative,0.6551,[3],Vogelaer,site,Vogelaer,site,Bestanden (500) (5).RTF,/Users/Yannick/dev/geothermal_text_mining/input_data/dutch/Bestanden (500) (5).RTF,AD/Haagsche Courant,5 July 2023,"Warmte netwerk Westland (WnW) is met de toevoeging van Aardwarmte Vogelaer weer een stuk verder uitgebreid. Hierdoor kan warmte worden uitgewisseld. Het warmtenetwerk van Vogelaer is onderdeel van een bestaand geothermieproject voor en door glastuinbouwondernemers. WnW realiseert de aansluiting. Deze aansluiting zorgt ervoor dat Vogelaer bij een tekort aan warmte in de gelegenheid blijft om warmte te leveren aan haar afnemers, door het afnemen van warmte van andere warmtebronnen via WnW. Bij een overschot aan warmte kan Vogelaer de warmte leveren via het warmtenet van WnW. De ambitie van WnW is het realiseren van één groot warmtesysteem in het Westland, om zo de warmtetransitie voor de glastuinbouw, bedrijventerreinen en de gebouwde omgeving te verzorgen. De aardwarmteprojecten Maasdijk en Polanen, en nu dus ook Vogelaer, zorgen ervoor dat dit lukt. Evelien Brederode, business ontwikkelaar bij Warmte netwerk Westland: ,,Met onze partners creëren we een warmtesysteem dat regionale warmtebronnen en afnemers met elkaar verbindt, waardoor de leveringszekerheid stijgt en warmtehandel kan plaatsvinden.''",AD/Haagsche Courant,Den Haag,site,Vogelaer,vogelaer,vogelaer,site,"Vogelaer, Mariëndijk, Honselersdijk, Westland, Zuid-Holland, Nederland, 2675 KL, Nederland",nominatim,geocode,52.0105507,4.246629,POINT (4.246629 52.0105507),,Westland,Zuid-Holland,sentences_points,0,,,PV28,GM1783,4.246629,52.0105507
8b3f8f7c556541a48329c18fe35a63a0,196,219,Wordt er in Den Haag Zuidwest straks werkelijk vanuit tweeduizend meter diepte aardwarmte opgepompt om duizenden Haagse woningen te gaan verwarmen?,aardwarmte,Negative,Negative,0.9958,[12],Den Haag,city,Den Haag,city,Bestanden (501-1000) (1).RTF,/Users/Yannick/dev/geothermal_text_mining/input_data/dutch/Bestanden (501-1000) (1).RTF,AD/Haagsche Courant,21 December 2020,"Zou het? Echt? Wordt er in Den Haag Zuidwest straks werkelijk vanuit tweeduizend meter diepte aardwarmte opgepompt om duizenden Haagse woningen te gaan verwarmen? Vergeef de cynicus zijn argwaan. In 2012 werd de aardwarmtecentrale aan de Leyweg al groots geopend door kroonprins Willem Alexander in aanwezigheid van 175 genodigden. Wat niemand erbij zei, was dat het ding het helemaal niet deed. En ook helemaal niet zou gaan doen. Met dank aan de financiële crisis waren er op dat moment nauwelijks huizen om de Haagse aardwarmte op aan te sluiten. En alsof dat nog niet erg genoeg was, deed de lokale geothermiebron het door technische problemen ook niet. Het leidde een jaar later tot het faillissement van de aardwarmtecentrale in Zuidwest. De gemeente Den Haag en drie lokale woningbouwcorporaties raakten meer dan 10 miljoen euro kwijt aan het prestigeproject dat bij elkaar ruim 20 miljoen euro had gekost. Daarna stak den Haag nog eens anderhalf miljoen in de afhandeling van het faillissement. Zeven jaar later lijkt de doorstart dan toch te lukken. De nieuwe partijen profiteren van de bestaande boorputten en enkele duurzaamheidssubsidies. Om rendabel te kunnen draaien hadden ze anders dubbel zo veel woningen moeten aansluiten. mislukt",AD/Haagsche Courant,Den Haag,city,Den Haag,den haag,den haag,city,"Den Haag, Zuid-Holland, Nederland",nominatim,geocode,52.0799838,4.3113461,POINT (4.3113461 52.0799838),,'s-Gravenhage,Zuid-Holland,sentences_points,0,,,PV28,GM0518,4.3113461,52.0799838
16e281e21eab416ea1cb8d324b2842cd,148,220,Ze heeft ook nooit daadwerkelijk warmte geleverd.,warmte,Negative,Negative,0.9968,[5],Den Haag,city,Den Haag,city,Bestanden (501-1000) (1).RTF,/Users/Yannick/dev/geothermal_text_mining/input_data/dutch/Bestanden (501-1000) (1).RTF,NRC Handelsblad,9 October 2020,"Den Haag wordt de eerste gemeente die de warmte van de aarde gaat benutten voor verwarming en warm kraanwater voor een stadswijk. Het ministerie van Economische Zaken en Klimaat (EZK) heeft donderdag groen licht gegeven voor een geothermie-project waarbij 1.200 huizen betrokken worden. Via een bron op twee kilometer diepte, bij de Haagse Leyweg, wordt water opgepompt dat bijna 80 graden heet is. De huizen die zo duurzame warmte krijgen, liggen in de wijk Zuidwest. Het project is onderdeel van het project Proeftuinen Aardgasvrij van het ministerie van Binnenlandse Zaken. De gemeente is een van de financiers. Acht jaar geleden werd het project al formeel geopend, maar mede omdat er door de financiële crisis onvoldoende huizen werden opgeleverd, ging de betrokken onderneming failliet. Ze heeft ook nooit daadwerkelijk warmte geleverd. Vijf jaar later werd het project weer nieuw leven in geblazen. Over vijf jaar moeten zo'n 2.500 huizen worden bediend en zou het project rendabel zijn. Aardwarmte wordt in Nederland al op meer plekken benut, vooral door de tuinbouwsector. Daarbij is soms een beperkt aantal woningen aangesloten. Door de aardbevingen rond de Groningse gasboringen stellen toezichthouders strenge veiligheidseisen. (NRC) Link naar PDF",NRC Handelsblad,Nederland,city,Den Haag,den haag,den haag,city,"Den Haag, Zuid-Holland, Nederland",nominatim,geocode,52.0799838,4.3113461,POINT (4.3113461 52.0799838),,'s-Gravenhage,Zuid-Holland,sentences_points,0,,,PV28,GM0518,4.3113461,52.0799838
839a6a041da84aa1b387a85d8caead76,196,221,Zeven jaar later lijkt de doorstart dan toch te lukken.,doorstart,Positive,Positive,0.9795,[5],Den Haag,city,Den Haag,city,Bestanden (501-1000) (1).RTF,/Users/Yannick/dev/geothermal_text_mining/input_data/dutch/Bestanden (501-1000) (1).RTF,AD/Haagsche Courant,21 December 2020,"Zou het? Echt? Wordt er in Den Haag Zuidwest straks werkelijk vanuit tweeduizend meter diepte aardwarmte opgepompt om duizenden Haagse woningen te gaan verwarmen? Vergeef de cynicus zijn argwaan. In 2012 werd de aardwarmtecentrale aan de Leyweg al groots geopend door kroonprins Willem Alexander in aanwezigheid van 175 genodigden. Wat niemand erbij zei, was dat het ding het helemaal niet deed. En ook helemaal niet zou gaan doen. Met dank aan de financiële crisis waren er op dat moment nauwelijks huizen om de Haagse aardwarmte op aan te sluiten. En alsof dat nog niet erg genoeg was, deed de lokale geothermiebron het door technische problemen ook niet. Het leidde een jaar later tot het faillissement van de aardwarmtecentrale in Zuidwest. De gemeente Den Haag en drie lokale woningbouwcorporaties raakten meer dan 10 miljoen euro kwijt aan het prestigeproject dat bij elkaar ruim 20 miljoen euro had gekost. Daarna stak den Haag nog eens anderhalf miljoen in de afhandeling van het faillissement. Zeven jaar later lijkt de doorstart dan toch te lukken. De nieuwe partijen profiteren van de bestaande boorputten en enkele duurzaamheidssubsidies. Om rendabel te kunnen draaien hadden ze anders dubbel zo veel woningen moeten aansluiten. mislukt",AD/Haagsche Courant,Den Haag,city,Den Haag,den haag,den haag,city,"Den Haag, Zuid-Holland, Nederland",nominatim,geocode,52.0799838,4.3113461,POINT (4.3113461 52.0799838),,'s-Gravenhage,Zuid-Holland,sentences_points,0,,,PV28,GM0518,4.3113461,52.0799838
303ae3dd9f65426e9ec1413857c87f11,269,222,"Zij benadrukt dat Maastricht ,,het belang van geothermie groot acht en zich, binnen haar mogelijkheden, inspant om dit mogelijk te maken"".",geothermie,Positive,Positive,0.986,[9],Maastricht,city,Maastricht,city,Bestanden (1001-1500) (1).RTF,/Users/Yannick/dev/geothermal_text_mining/input_data/dutch/Bestanden (1001-1500) (1).RTF,De Limburger,1 May 2021,"Dat zegt curator Jos Bloo. De naam wil hij nog niet noemen, omdat nog geen akkoord is bereikt. Hij verwacht binnen twee maanden duidelijkheid. Directeur Lodewijk Burghout van het bedrijf dat het kassengebied ontwikkelt, en die samen met drie tuinders aandeelhouder van CLG was, is verrast. ,,Ik heb geen informatie dat de minister van Economische Zaken ineens anders over de winning van aardwarmte in dit gebied denkt."" CLG startte in 2017 met de winning van water uit diepe aardlagen voor het verwarmen van kassen. In 2018 werd de winning stilgelegd na lichte aardbevingen, waarna geen druppel meer werd opgepompt. Volgens SodM, de toezichthouder op aardwarmteprojecten namens het ministerie van EZ, slaagde CLG er daarna niet in om aan te tonen dat de productie veilig kon worden hervat. Het was echter aan de minister om daarover een besluit te nemen. Na twee jaar was dat besluit er nog niet, terwijl CLG elke dag 8.000 euro kwijt was om de installatie te onderhouden. Eind vorig jaar waren de verliezen zo hoog opgelopen dat CLG het faillissement aanvroeg. Curator Bloo geeft te kennen dat hij overleg voert met de provincie over de overname van het aardwarmteproject. Een woordvoerster van de provincie bevestigt dat. Zij benadrukt dat Maastricht ,,het belang van geothermie groot acht en zich, binnen haar mogelijkheden, inspant om dit mogelijk te maken"". Zo liet de provincie zelf onderzoek doen naar de risico's van aardwarmte om de besluitvorming van het ministerie positief te beïnvloeden. Het onderzoek is afgerond, maar nog niet openbaar, aldus de woordvoerster. De curator wijst erop dat de naburige, Duitse gemeente Straelen van plan is een project op te zetten om aardwarmte te winnen uit dezelfde aardlagen als vanwaaruit CLG dat deed. Bloo: ,,Dat geeft toch te denken."" Volgens SodM komt het ministerie nog met een besluit over de winning van aardwarmte in Californië, ook al is CLG al lang failliet. PDF-bestand van dit document",De Limburger,Limburg,city,Maastricht,maastricht,maastricht,city,"Maastricht, Limburg, Nederland",nominatim,geocode,50.8579855,5.6969882,POINT (5.6969882 50.8579855),,Maastricht,Limburg,sentences_points,0,,,PV31,GM0935,5.6969882,50.8579855
d8db2fa142b94be7b51e918d74630b62,549,223,Zo kan de autoriteit controleren of het bedrijf financieel solide blijft.,bedrijf,Negative,Negative,0.753,[7],Heerlen,city,Heerlen,city,Bestanden (500) (5).RTF,/Users/Yannick/dev/geothermal_text_mining/input_data/dutch/Bestanden (500) (5).RTF,De Limburger,5 May 2023,"Het Heerlense warmtebedrijf Mijnwater heeft een vergunning gekregen om aardwarmte te leveren. Het bedrijf voldoet aan alle wettelijke voorschriften. Eigenaren Provincie Limburg en Enexis hebben onlangs meer dan honderd miljoen euro gestoken in Mijnwater om het warmtenet in Heerlen en Kerkrade uit te breiden. Voordat die investeringsbeslissing werd genomen, waren er nog enkele grote en kleine onzekerheden. Een van de hobbels die Mijnwater nog moest nemen, was het verkrijgen van een vergunning in het kader van de nieuwe Warmtewet. Dat is nu gelukt. Het bedrijf voldoet aan alle voorwaarden die de Warmtewet stelt, concludeert de Autoriteit Consument en Markt (ACM). Volgens de ACM heeft Mijnwater zijn zaakjes op het gebied van organisatie, financiën en techniek prima voor elkaar om langdurig, betrouwbaar warmte te leveren aan zijn klanten. Jaarlijks moet Mijnwater zijn jaarrekening ter controle sturen aan de ACM. Zo kan de autoriteit controleren of het bedrijf financieel solide blijft. Ook komt er een onafhankelijke klachtencommissie waar klanten van Mijnwater terechtkunnen. Mijnwater BV gebruikt warm water uit de oude mijngangen om woningen en kantoren in de regio Parkstad te verwarmen of te verkoelen. Ook maakt Mijnwater gebruik van restwarmte van bedrijven. Dat warme water wordt via buizen verspreid naar kantoren en woonhuizen in Heerlen, Brunssum en Kerkrade. PDF-bestand van dit document",De Limburger,Limburg,city,Heerlen,heerlen,heerlen,city,"Heerlen, Limburg, Nederland",nominatim,geocode,50.8775239,5.9815066,POINT (5.9815066 50.8775239),,Heerlen,Limburg,sentences_points,1,Costs,financieel,PV31,GM0917,5.9815066,50.8775239
7049daf406b448778761b57a4dcaf7fe,775,224,Zo krijgt eveneens het Hendrikaplein een nieuw leven.,Hendrikaplein,Positive,Positive,0.9979,[4],Nieuwpoort,city,Nieuwpoort,city,Bestanden (500) (4).RTF,/Users/Yannick/dev/geothermal_text_mining/input_data/dutch/Bestanden (500) (4).RTF,De Krant van West-Vlaanderen,,"NIEUWPOORT - Exact 100 jaar na de bouw van het Grand Hotel, zal het iconische gebouw weer uit zijn as verrijzen. Het nieuwe prestigeproject wordt dé blikvanger van Nieuwpoort en zal verschillende functies vervullen. De nieuwe syndicus van The Grand is Wim Demeester van Immo Group-S. ""Het doel is om een gezond evenwicht te creëren tussen oude en nieuwe architectuur zodat het gebouw weer de status krijgt dat het verdient"", zegt hij. Circulair conceptBelevingsplein The Grand krijgt verschillende functies. Zo biedt het complex plaats aan 70 appartementen met verschillende oppervlaktes. Daarnaast is het gebouw ook toegankelijk voor het brede publiek. De iconische bar en het restaurant aan de kant van de zeedijk worden volledig gerenoveerd. Aan de kant van de Albert I-laan is dan weer ruimte voorzien voor ruime handelspanden. ""De veelzijdigheid van The Grand zorgt ervoor dat iedereen weer ten volle van deze historisch parel kan genieten"", aldus Wim Demeester. In het circulaire concept van The Grand wordt gebruikgemaakt van moderne en duurzame technieken zoals geothermie, zonnepanelen en maximale terugwinning van de geproduceerde warmte. Zo wordt het verbruik tot een absoluut minimum beperkt. Daarbovenop zal het gebouw zonder fossiele brandstoffen gekoeld en verwarmd worden. Daardoor genieten alle appartementen van een ideale winter- én zomertemperatuur. ""De duurzame en ecologische technieken zijn een voorbeeld van hoe je historische en iconische gebouwen een tweede leven kunt geven"", vertelt de nieuwe syndicus Wim Demeester. Naast de heropleving van The Grand krijgt ook de omgeving rond het project een extra boost. Zo krijgt eveneens het Hendrikaplein een nieuw leven. De bovengrondse parking zal een belevingsplein worden waarop kinderen zich kunnen uitleven, bezoekers even kunnen uitrusten en evenementen kunnen worden georganiseerd. The Grand en de omgeving daarrond worden dé trekpleister van Nieuwpoort-Bad. ""Het is natuurlijk een hele eer om syndicus van dit prestigeproject te mogen zijn"", besluit Wim Demeester. ""Ik ben ervan overtuigd dat dit Nieuwpoort een extra boost zal geven."" (PG)",De Krant van West-Vlaanderen,,city,Nieuwpoort,nieuwpoort,nieuwpoort,city,"Nieuwpoort, Molenlanden, Zuid-Holland, Nederland",nominatim,geocode,51.9353893,4.868505,POINT (4.868505 51.9353893),,Molenlanden,Zuid-Holland,sentences_points,0,,,PV28,GM1978,4.868505,51.9353893
177885b57d4544648ca99477e40d3777,158,225,Zo weet je na een melding dat je meer kans hebt om besmet te zijn en kun je voorkomen dat je onbewust een ander besmet.,melding,Negative,Negative,0.9855,[5],Den Haag,city,Den Haag,city,Bestanden (501-1000) (1).RTF,/Users/Yannick/dev/geothermal_text_mining/input_data/dutch/Bestanden (501-1000) (1).RTF,"De Posthoorn, Segbroek",14 October 2020,"Den Haag - De CoronaMelder-app is klaar en te installeren via de App Store en de Google Play Store. Hij stuurt een melding als je langer dan 15 minuten dicht bij iemand in de buurt bent geweest, die later het virus blijkt te hebben. CoronaMelder-app is voor iedereen beschikbaar Den Haag - Vanaf nu kan iedereen de CoronaMelder-app gebruiken. De app stuurt een melding als je langer dan 15 minuten dicht bij iemand in de buurt bent geweest, die later het coronavirus blijkt te hebben. Als je een melding hebt ontvangen, lees je in de app welke maatregelen je kan nemen en of je je kan laten testen. Zo weet je na een melding dat je meer kans hebt om besmet te zijn en kun je voorkomen dat je onbewust een ander besmet. Want je kunt het coronavirus al doorgeven, voordat je je ziek voelt. CoronaMelder is een aanvulling op het reguliere bron- en contactonderzoek van de GGD. Met de app kunnen ook mensen worden geïnformeerd die niet naar voren komen uit het bron- en contactonderzoek. De app weet niet wie of waar je bent. Ook geeft de app geen meldingen over actuele besmettingen in de buurt. De basisregels, zoals 1,5 meter afstand houden en vaak je handen wassen, blijven dus belangrijk! CoronaMelder is te vinden in de App Store en de Google Play Store. Het downloaden van de app is altijd vrijwillig. Hulp nodig bij het installeren? Veel bibliotheken kunnen hierbij helpen. Of bel de Helpdesk CoronaMelder op 0800-1280. Den Haag is eerste stad met warmte uit bodem Den Haag - Den Haag is de eerste stad in Nederland waar huizen verwarmd worden met schone warmte uit eigen bodem. Het ministerie van Economische Zaken heeft met een definitief besluit groen licht gegeven voor het winnen van aardwarmte in de centrale aan de Leyweg. Vanuit de bron op twee kilometer diepte wordt water van circa 78 graden opgepompt. Die warmte wordt overgezet en via het stadsverwarmingsnet krijgen woningen in stadsdeel Zuidwest verwarming en warm kraanwater. Zo kan aan de eerste 1200 huizen aardwarmte (geothermie) worden geleverd. Deze is schoon en duurzaam. De gemeente heeft via het Energiefonds Den Haag een deel van de financiering beschikbaar gesteld voor deze bron. Wethouder Liesbeth van Tongeren (Duurzaamheid en Energietransitie) is trots. ""Hiermee laten we zien dat het kan: in een dichtbevolkte stad als Den Haag schone warmte uit eigen bron gebruiken.” Een definitief besluit voor winning van aardwarmte, zoals bij de centrale aan de Leyweg, wordt niet zomaar genomen. Er moet aan strenge veiligheidseisen worden voldaan. Hiervoor is het ministerie te rade gegaan bij verschillende organisaties als TNO, de Mijnraad, de Omgevingsdienst Haaglanden, Provincie Zuid-Holland en Hoogheemraadschap Delfland.","De Posthoorn, Segbroek",,city,Den Haag,den haag,den haag,city,"Den Haag, Zuid-Holland, Nederland",nominatim,geocode,52.0799838,4.3113461,POINT (4.3113461 52.0799838),,'s-Gravenhage,Zuid-Holland,sentences_points,0,,,PV28,GM0518,4.3113461,52.0799838
0ed19494a1e2495b937802b174b1dac9,775,226,Zo wordt het verbruik tot een absoluut minimum beperkt.,verbruik,Negative,Negative,0.8454,[3],Nieuwpoort,city,Nieuwpoort,city,Bestanden (500) (4).RTF,/Users/Yannick/dev/geothermal_text_mining/input_data/dutch/Bestanden (500) (4).RTF,De Krant van West-Vlaanderen,,"NIEUWPOORT - Exact 100 jaar na de bouw van het Grand Hotel, zal het iconische gebouw weer uit zijn as verrijzen. Het nieuwe prestigeproject wordt dé blikvanger van Nieuwpoort en zal verschillende functies vervullen. De nieuwe syndicus van The Grand is Wim Demeester van Immo Group-S. ""Het doel is om een gezond evenwicht te creëren tussen oude en nieuwe architectuur zodat het gebouw weer de status krijgt dat het verdient"", zegt hij. Circulair conceptBelevingsplein The Grand krijgt verschillende functies. Zo biedt het complex plaats aan 70 appartementen met verschillende oppervlaktes. Daarnaast is het gebouw ook toegankelijk voor het brede publiek. De iconische bar en het restaurant aan de kant van de zeedijk worden volledig gerenoveerd. Aan de kant van de Albert I-laan is dan weer ruimte voorzien voor ruime handelspanden. ""De veelzijdigheid van The Grand zorgt ervoor dat iedereen weer ten volle van deze historisch parel kan genieten"", aldus Wim Demeester. In het circulaire concept van The Grand wordt gebruikgemaakt van moderne en duurzame technieken zoals geothermie, zonnepanelen en maximale terugwinning van de geproduceerde warmte. Zo wordt het verbruik tot een absoluut minimum beperkt. Daarbovenop zal het gebouw zonder fossiele brandstoffen gekoeld en verwarmd worden. Daardoor genieten alle appartementen van een ideale winter- én zomertemperatuur. ""De duurzame en ecologische technieken zijn een voorbeeld van hoe je historische en iconische gebouwen een tweede leven kunt geven"", vertelt de nieuwe syndicus Wim Demeester. Naast de heropleving van The Grand krijgt ook de omgeving rond het project een extra boost. Zo krijgt eveneens het Hendrikaplein een nieuw leven. De bovengrondse parking zal een belevingsplein worden waarop kinderen zich kunnen uitleven, bezoekers even kunnen uitrusten en evenementen kunnen worden georganiseerd. The Grand en de omgeving daarrond worden dé trekpleister van Nieuwpoort-Bad. ""Het is natuurlijk een hele eer om syndicus van dit prestigeproject te mogen zijn"", besluit Wim Demeester. ""Ik ben ervan overtuigd dat dit Nieuwpoort een extra boost zal geven."" (PG)",De Krant van West-Vlaanderen,,city,Nieuwpoort,nieuwpoort,nieuwpoort,city,"Nieuwpoort, Molenlanden, Zuid-Holland, Nederland",nominatim,geocode,51.9353893,4.868505,POINT (4.868505 51.9353893),,Molenlanden,Zuid-Holland,sentences_points,0,,,PV28,GM1978,4.868505,51.9353893
2086d5958e3a420f82adbc70caac901a,201,227,Zo zitten bewoners die aangesloten zijn op de zeewaterwarmtecentrale in Scheveningen en de WKO-installaties in Transvaal en Spoorwijk regelmatig in de kou.,bewoners,Negative,Negative,0.9887,[2],Den Haag,city,Den Haag,city,Bestanden (501-1000) (1).RTF,/Users/Yannick/dev/geothermal_text_mining/input_data/dutch/Bestanden (501-1000) (1).RTF,AD/Haagsche Courant,24 December 2020,"De ingebruikname van de geothermiecentrale aan de Leyweg volgende maand baart de grootste partij in Den Haag grote zorgen. Hart voor Den Haag is bang dat bewoners dadelijk in de kou komen te zitten. Ook is de partij bang voor gevaren van het winnen van aardwarmte in de stad. Raadslid René Oudshoorn wijst erop dat Den Haag al geen beste reputatie heeft op het gebied van innovatieve warmtewinning. Zo zitten bewoners die aangesloten zijn op de zeewaterwarmtecentrale in Scheveningen en de WKO-installaties in Transvaal en Spoorwijk regelmatig in de kou. De centrale gaat begin volgend jaar warmte leveren aan twaalfhonderd tot vijftienhonderd huishoudens. Later komen er nog veel meer bij. Op de centrale wordt heet water uit de diepe aardlagen naar boven gepompt, om vervolgens weer terug te worden gepompt in dezelfde aardlaag. Maar Oudshoorn stelt dat deze centrale veel debacles kent, waaronder een faillissement. De 2,5 kilometer diepe putten zijn ook nooit eerder in bedrijf geweest. Volgens Oudshoorn hebben dit soort buizen een korte levensduur. Dit zou ook blijken uit andere aardwarmteprojecten. Als er dan gaten ontstaan, zal er chemische vloeistof in het grondwater stromen met alle gevolgen van dien, aldus het raadslid. Ook wijst hij erop dat water dat van grote diepte wordt opgehaald vaak in meer of mindere mate radioactief is. Hij wil weten of dit risico is onderzocht. Hart voor Den Haag maakt zich ook zorgen over de veiligheid in de stad. ,,Zelfs de vergunningverlener (Staatstoezicht op de Mijnen, red.) waarschuwde onlangs dat geothermie niet zonder risico's is.'' Er is een kleine kans op bevingen. ,,Het is onbegrijpelijk, zeker gezien alle mislukte projecten die we hier al hebben gehad, dat er niet eerst op kleine schaal wordt getest maar dat meteen grote aantallen huishoudens als proefkonijnen op een dergelijke experimentele centrale worden aangesloten.'' De geothermiecentrale aan de Leyweg.",AD/Haagsche Courant,Den Haag,city,Den Haag,den haag,den haag,city,"Den Haag, Zuid-Holland, Nederland",nominatim,geocode,52.0799838,4.3113461,POINT (4.3113461 52.0799838),,'s-Gravenhage,Zuid-Holland,sentences_points,0,,,PV28,GM0518,4.3113461,52.0799838
7f9eb0c9c9304b85bc3c4c600f831e2b,785,228,"Zonder geothermie zou de kostprijs een stuk hoger liggen."" Algemeen directeur Miek Kemel is helemaal gewonnen voor deze innovatieve verwarmingstechniek.",kostprijs,Negative,Negative,0.9792,[4],Brugge,city,Brugge,city,Bestanden (500) (6).RTF,/Users/Yannick/dev/geothermal_text_mining/input_data/dutch/Bestanden (500) (6).RTF,De Krant van West-Vlaanderen,,"BRUGGE - Nu de winter in aantocht is en de temperatuur daalt, zitten nogal wat schoolbestuurders en directies met de handen in het haar. Fleecedekens doen hun intrede en de temperatuur gaat in zo goed als alle scholen minstens één graad naar omlaag. Lessen trekken ""De situatie in onze scholen is zeker niet dramatisch, maar we houden het verbruik goed in de gaten"", geeft Miek Kemel, algemeen directeur van scholengroep SKOBO eerlijk toe. ""We hanteren geen algemene regels om het energieverbruik binnen de perken te houden, want in elke school is de situatie anders. In onze nieuwe vestiging van het VTI in de Vaartdijkstraat houden we de temperatuur in alle lokalen op peil met geothermie, een innovatieve verwarmingstechniek waarbij de aardwarmte gebruikt wordt om de lokalen te verwarmen."" Technisch adviseur coördinator Ludo Falin heeft zich verdiept in de materie en was bij de bouw van de nieuwe school heel vaak aanwezig toen het buizensysteem via een verticale grondboring in de bodem gebracht werd. ""Er zitten onder het gebouw 138 buizen tot 150 meter diep. Hiermee wordt water opgepompt dat een temperatuur heeft van om en bij 12 graden. Via een systeem van compressoren wordt het water samengedrukt, waardoor het opwarmt en gebruikt wordt om alle lokalen te verwarmen. Het was niet eenvoudig om bij de bouw van de nieuwe school voldoende budgetten vrij te maken voor het project. Toen wisten we nog niet dat de prijs van gas en elektriciteit zo sterk zou stijgen, maar nu halen we een heel hoog rendement tegen een lage kostprijs. We betalen amper 0,54 euro per maand om één vierkante meter van het gebouw te verwarmen. Dat komt overeen met een gemiddelde van ongeveer 315 euro per dag voor elektriciteit en verwarming, wat zeer weinig is voor een gebouw van deze omvang. Zonder geothermie zou de kostprijs een stuk hoger liggen."" Algemeen directeur Miek Kemel is helemaal gewonnen voor deze innovatieve verwarmingstechniek. ""We hebben lessen getrokken uit onze positieve ervaring met geothermie in deze nieuwe campus van het VTI. Het is momenteel de enige school in Vlaanderen die op deze manier verwarmd wordt. Overal waar het kan, zullen we bij de realisatie van nieuwbouwprojecten voor de scholengroep deze verwarmingstechniek toepassen"", aldus de directeur. (PDC)",De Krant van West-Vlaanderen,,city,Brugge,brugge,brugge,city,"Brugge, Vaanpark I, Carnisselande, Barendrecht, Zuid-Holland, Nederland, 2993 LB, Nederland",nominatim,geocode,51.8464409,4.509113,POINT (4.509113 51.8464409),,Barendrecht,Zuid-Holland,sentences_points,0,,,PV28,GM0489,4.509113,51.8464409
cdef461852444878967f8e227f37492d,345,229,Zorgen over waterkwaliteit door rivierkreeften Krimpenerwaard - Hoogheemraadschap van Schieland en Krimpenerwaard heeft in de Krimpenerwaard op 90 procent van alle onderzochte locaties rivierkreeften gevangen.,waterkwaliteit,Negative,Negative,0.9958,[2],Maasdijk,site,Maasdijk,site,Bestanden (1500-1862).RTF,/Users/Yannick/dev/geothermal_text_mining/input_data/dutch/Bestanden (1500-1862).RTF,Nieuwe Oogst,23 October 2021,"Alphen aan den Rijn doet onderzoek naar buitengebied Alphen aan den Rijn - Onderzoek of het mogelijk is om een accountmanager boerenerven aan te stellen, die zich bezighoudt met het ondersteunen en meedenken met agrarisch ondernemers over hun toekomstplannen. Dat is een aanbeveling uit het onderzoek dat gemeente Alphen aan den Rijn liet uitvoeren naar de toekomst van haar buitengebied. Uit het onderzoek komt naar voren dat er weinig zicht is op hoe het met boeren gaat en wat hun ambities zijn. De gemeente gebruikt de resultaten en aanbevelingen als bouwstenen voor een nieuw op te stellen programma 'Landelijk gebied'. Zorgen over waterkwaliteit door rivierkreeften Krimpenerwaard - Hoogheemraadschap van Schieland en Krimpenerwaard heeft in de Krimpenerwaard op 90 procent van alle onderzochte locaties rivierkreeften gevangen. In Schieland zijn kreeften op een derde van de locaties aangetroffen. De slechte invloed op de waterkwaliteit door de rivierkreeft baart het waterschap zorgen. Sinds 2020 doet het schap onderzoek naar de rode Amerikaanse rivierkreeft. Besluit aanleg zonneweide Jaagweg nog uitgesteld Berkhout - Het gemeentebestuur van Koggenland heeft meer tijd nodig om een raadsbesluit voor te bereiden over het in eigen beheer ontwikkelen van een zonneweide aan de Jaagweg in Berkhout. Er is te veel onzekerheid over de kosten van de netaansluiting en de benodigde grondstoffen. Die stijgen de pan uit, stelt het college van burgemeester en wethouders. Doordat netbeheerder Liander te weinig capaciteit over heeft op het bestaande energienetwerk, kunnen ook die kosten in de papieren lopen. Aansluiting op een ander onderstation in Midwoud vraagt om een kabel van ruim 15 kilometer, die onder de snelweg A7 en twee spoorlijnen zou moeten worden doorgetrokken. Komst aardwarmteproject Maasdijk stap dichterbij Maasdijk - De realisatie van het aardwarmteproject in Maasdijk is een stuk dichterbij gekomen met het akkoord van aandeelhouders HVC en Capturam over het verstrekken van het eigen vermogen voor drie doubletten en de aanleg van het warmtenet. Daarnaast hebben de leden van de Warmtecoöperatie Kralingerpolder zich aangesloten bij de coöperatie Maasdijk. De werkzaamheden voor realisatie van het project, dat in 2018 door glastuinders is geïnitieerd, starten nog dit jaar. Glastuinders Oostland willen aan de slag met gietwater Oostland - Tuinders in Oostland willen aan de slag met gietwater. Dat blijkt uit een enquête die deze zomer is gehouden door twee studenten van de Haagse Hogeschool naar de gevolgen van de klimaatverandering voor de sector. Deze week zijn de resultaten gepresenteerd op Glastuinbouw Waterproof. Uit het onderzoek blijkt dat de helft van de telers problemen voorziet bij de beschikking over minder grondwater. Gietwater kan volgens een groot deel van ondernemers als alternatief dienen. Gemeenten Langedijk en Heerhugowaard fuseren Langedijk/Heerhugowaard - Gemeenten Langedijk en Heerhugowaard fuseren per 1 januari 2022 tot de gemeente Dijk en Waard. Twaalf politieke partijen doen mee aan de herindelingsverkiezingen in de gemeenten die eind november worden gehouden.",Nieuwe Oogst,Nederland,site,Maasdijk,maasdijk,maasdijk,site,"Maasdijk, Westland, Zuid-Holland, Nederland",nominatim,geocode,51.9575497,4.2149056,POINT (4.2149056 51.9575497),,Westland,Zuid-Holland,sentences_points,0,,,PV28,GM1783,4.2149056,51.9575497
